event_id,season_label,game_date,team,team_icon,team_color,player_name,player_slug,position,goals,assists,points,minor_pen,major_pen,season_key,season_type
1121,Playoffs 2022,2022-03-21,Falcons,https://ormrhl.com/wp-content/uploads/2021/11/falcons_icon-128x128.png,#233A6B,Brandon Wellsbury,brandon-wellsbury,Forward,0,1,1,0,0,2021-2022,playoffs
1121,Playoffs 2022,2022-03-21,Falcons,https://ormrhl.com/wp-content/uploads/2021/11/falcons_icon-128x128.png,#233A6B,Dale Bishop,dale-bishop,Defence,1,0,1,0,0,2021-2022,playoffs
1121,Playoffs 2022,2022-03-21,Falcons,https://ormrhl.com/wp-content/uploads/2021/11/falcons_icon-128x128.png,#233A6B,Daniel Bishev,daniel-bishev,Forward,0,0,0,0,0,2021-2022,playoffs
1121,Playoffs 2022,2022-03-21,Falcons,https://ormrhl.com/wp-content/uploads/2021/11/falcons_icon-128x128.png,#233A6B,Derek Marsham,derek-marsham,Forward,0,0,0,0,0,2021-2022,playoffs
1121,Playoffs 2022,2022-03-21,Falcons,https://ormrhl.com/wp-content/uploads/2021/11/falcons_icon-128x128.png,#233A6B,Jason Todd,jason-todd,Defence,3,0,3,0,0,2021-2022,playoffs
1121,Playoffs 2022,2022-03-21,Falcons,https://ormrhl.com/wp-content/uploads/2021/11/falcons_icon-128x128.png,#233A6B,Jonathan West,jonathan-west,Forward,0,0,0,0,0,2021-2022,playoffs
1121,Playoffs 2022,2022-03-21,Falcons,https://ormrhl.com/wp-content/uploads/2021/11/falcons_icon-128x128.png,#233A6B,Kari Paivio,kari-paivio,Forward,0,1,1,0,0,2021-2022,playoffs
1121,Playoffs 2022,2022-03-21,Falcons,https://ormrhl.com/wp-content/uploads/2021/11/falcons_icon-128x128.png,#233A6B,Leo Napolitano,leo-napolitano,Defence,0,1,1,0,0,2021-2022,playoffs
1121,Playoffs 2022,2022-03-21,Falcons,https://ormrhl.com/wp-content/uploads/2021/11/falcons_icon-128x128.png,#233A6B,Nathan Loach,nathan-loach,Defence,0,0,0,0,0,2021-2022,playoffs
1121,Playoffs 2022,2022-03-21,Falcons,https://ormrhl.com/wp-content/uploads/2021/11/falcons_icon-128x128.png,#233A6B,Robbie Spencer,robbie-spencer,Forward,1,1,2,0,0,2021-2022,playoffs
1121,Playoffs 2022,2022-03-21,Falcons,https://ormrhl.com/wp-content/uploads/2021/11/falcons_icon-128x128.png,#233A6B,Rocco Malfara,rocco-malfara,Defence,0,0,0,0,0,2021-2022,playoffs
1121,Playoffs 2022,2022-03-21,Falcons,https://ormrhl.com/wp-content/uploads/2021/11/falcons_icon-128x128.png,#233A6B,Ryan Doggart,ryan-doggart,Forward,0,0,0,0,0,2021-2022,playoffs
1121,Playoffs 2022,2022-03-21,Falcons,https://ormrhl.com/wp-content/uploads/2021/11/falcons_icon-128x128.png,#233A6B,Trystan Lebrun,trystan-lebrun,Goaltender,0,0,0,0,0,2021-2022,playoffs
1121,Playoffs 2022,2022-03-21,Marlins,https://ormrhl.com/wp-content/uploads/2021/11/marlins_logo-128x128.png,#1E8A8A,David Kane,david-kane,Forward,0,0,0,0,0,2021-2022,playoffs
1121,Playoffs 2022,2022-03-21,Marlins,https://ormrhl.com/wp-content/uploads/2021/11/marlins_logo-128x128.png,#1E8A8A,Doug Grant,doug-grant,Forward,0,0,0,0,0,2021-2022,playoffs
1121,Playoffs 2022,2022-03-21,Marlins,https://ormrhl.com/wp-content/uploads/2021/11/marlins_logo-128x128.png,#1E8A8A,Duncan Stalker,duncan-stalker,Defence,0,0,0,0,0,2021-2022,playoffs
1121,Playoffs 2022,2022-03-21,Marlins,https://ormrhl.com/wp-content/uploads/2021/11/marlins_logo-128x128.png,#1E8A8A,Harrison Kane,harrison-kane,Defence,0,0,0,0,0,2021-2022,playoffs
1121,Playoffs 2022,2022-03-21,Marlins,https://ormrhl.com/wp-content/uploads/2021/11/marlins_logo-128x128.png,#1E8A8A,Jackson Morgis,jackson-morgis,Goaltender,0,0,0,0,0,2021-2022,playoffs
1121,Playoffs 2022,2022-03-21,Marlins,https://ormrhl.com/wp-content/uploads/2021/11/marlins_logo-128x128.png,#1E8A8A,Jeff Connor,jeff-connor,Forward,0,0,0,0,0,2021-2022,playoffs
1121,Playoffs 2022,2022-03-21,Marlins,https://ormrhl.com/wp-content/uploads/2021/11/marlins_logo-128x128.png,#1E8A8A,Jeremy Grey,jeremy-grey,Defence,0,0,0,0,0,2021-2022,playoffs
1121,Playoffs 2022,2022-03-21,Marlins,https://ormrhl.com/wp-content/uploads/2021/11/marlins_logo-128x128.png,#1E8A8A,Mack Charron,mack-charron,Forward,0,0,0,0,0,2021-2022,playoffs
1121,Playoffs 2022,2022-03-21,Marlins,https://ormrhl.com/wp-content/uploads/2021/11/marlins_logo-128x128.png,#1E8A8A,Michael Montesanti,michael-montesanti,Forward,0,0,0,0,0,2021-2022,playoffs
1121,Playoffs 2022,2022-03-21,Marlins,https://ormrhl.com/wp-content/uploads/2021/11/marlins_logo-128x128.png,#1E8A8A,Scott Browne,scott-browne,Forward,0,0,0,0,0,2021-2022,playoffs
1121,Playoffs 2022,2022-03-21,Marlins,https://ormrhl.com/wp-content/uploads/2021/11/marlins_logo-128x128.png,#1E8A8A,Thomas Grant,thomas-grant,Defence,0,0,0,0,0,2021-2022,playoffs
1121,Playoffs 2022,2022-03-21,Marlins,https://ormrhl.com/wp-content/uploads/2021/11/marlins_logo-128x128.png,#1E8A8A,Tyler Kozak,tyler-kozak,Defence,0,0,0,0,0,2021-2022,playoffs
1122,Playoffs 2022,2022-03-21,Eagles,https://ormrhl.com/wp-content/uploads/2021/11/Eagles_logo-128x128.png,#A31E2E,Anthony Loduca,anthony-loduca,Forward,0,2,2,0,0,2021-2022,playoffs
1122,Playoffs 2022,2022-03-21,Eagles,https://ormrhl.com/wp-content/uploads/2021/11/Eagles_logo-128x128.png,#A31E2E,Darren Desrosiers,darren-desrosiers,Forward,3,1,4,0,0,2021-2022,playoffs
1122,Playoffs 2022,2022-03-21,Eagles,https://ormrhl.com/wp-content/uploads/2021/11/Eagles_logo-128x128.png,#A31E2E,Hugh Smylie,hugh-smylie,Defence,0,0,0,0,0,2021-2022,playoffs
1122,Playoffs 2022,2022-03-21,Eagles,https://ormrhl.com/wp-content/uploads/2021/11/Eagles_logo-128x128.png,#A31E2E,James Counter,james-counter,Forward,3,0,3,0,0,2021-2022,playoffs
1122,Playoffs 2022,2022-03-21,Eagles,https://ormrhl.com/wp-content/uploads/2021/11/Eagles_logo-128x128.png,#A31E2E,Jeff Mitchell,jeff-mitchell,Defence,0,0,0,0,0,2021-2022,playoffs
1122,Playoffs 2022,2022-03-21,Eagles,https://ormrhl.com/wp-content/uploads/2021/11/Eagles_logo-128x128.png,#A31E2E,Joey Leger,joey-leger,Forward,0,1,1,0,0,2021-2022,playoffs
1122,Playoffs 2022,2022-03-21,Eagles,https://ormrhl.com/wp-content/uploads/2021/11/Eagles_logo-128x128.png,#A31E2E,Jordan Bodimeade,jordan-bodimeade,Forward,0,2,2,0,0,2021-2022,playoffs
1122,Playoffs 2022,2022-03-21,Eagles,https://ormrhl.com/wp-content/uploads/2021/11/Eagles_logo-128x128.png,#A31E2E,Kevin Hinton,kevin-hinton,Forward,0,2,2,0,0,2021-2022,playoffs
1122,Playoffs 2022,2022-03-21,Eagles,https://ormrhl.com/wp-content/uploads/2021/11/Eagles_logo-128x128.png,#A31E2E,Larry Laughlin,larry-laughlin,Forward,1,1,2,0,0,2021-2022,playoffs
1122,Playoffs 2022,2022-03-21,Eagles,https://ormrhl.com/wp-content/uploads/2021/11/Eagles_logo-128x128.png,#A31E2E,Lucas Ackerman,lucas-ackerman,Forward,1,2,3,0,0,2021-2022,playoffs
1122,Playoffs 2022,2022-03-21,Eagles,https://ormrhl.com/wp-content/uploads/2021/11/Eagles_logo-128x128.png,#A31E2E,Mario Carriero,mario-carriero,Goaltender,0,0,0,0,0,2021-2022,playoffs
1122,Playoffs 2022,2022-03-21,Eagles,https://ormrhl.com/wp-content/uploads/2021/11/Eagles_logo-128x128.png,#A31E2E,Mario Mazzucco,mario-mazzucco,Forward,2,2,4,0,0,2021-2022,playoffs
1122,Playoffs 2022,2022-03-21,Rhinos,https://ormrhl.com/wp-content/uploads/2021/11/Rhinos_logo-128x128.png,#6B6F76,Adam Klein,adam-klein,Forward,0,0,0,0,0,2021-2022,playoffs
1122,Playoffs 2022,2022-03-21,Rhinos,https://ormrhl.com/wp-content/uploads/2021/11/Rhinos_logo-128x128.png,#6B6F76,Anthony Ventrella,anthony-ventrella,Forward,0,0,0,0,0,2021-2022,playoffs
1122,Playoffs 2022,2022-03-21,Rhinos,https://ormrhl.com/wp-content/uploads/2021/11/Rhinos_logo-128x128.png,#6B6F76,Daniel De Angelis,daniel-de-angelis,Defence,0,0,0,0,0,2021-2022,playoffs
1122,Playoffs 2022,2022-03-21,Rhinos,https://ormrhl.com/wp-content/uploads/2021/11/Rhinos_logo-128x128.png,#6B6F76,Gianluca Santocono,gianluca-santocono,Defence,0,0,0,0,0,2021-2022,playoffs
1122,Playoffs 2022,2022-03-21,Rhinos,https://ormrhl.com/wp-content/uploads/2021/11/Rhinos_logo-128x128.png,#6B6F76,Jeff Goodman,jeff-goodman,Goaltender,0,0,0,0,0,2021-2022,playoffs
1122,Playoffs 2022,2022-03-21,Rhinos,https://ormrhl.com/wp-content/uploads/2021/11/Rhinos_logo-128x128.png,#6B6F76,Josh Machesney,josh-machesney,Forward,2,0,2,0,0,2021-2022,playoffs
1122,Playoffs 2022,2022-03-21,Rhinos,https://ormrhl.com/wp-content/uploads/2021/11/Rhinos_logo-128x128.png,#6B6F76,Lorne Feld,lorne-feld,Forward,0,0,0,0,0,2021-2022,playoffs
1122,Playoffs 2022,2022-03-21,Rhinos,https://ormrhl.com/wp-content/uploads/2021/11/Rhinos_logo-128x128.png,#6B6F76,Matthew Quintieri,matthew-quintieri,Forward,0,0,0,1,0,2021-2022,playoffs
1122,Playoffs 2022,2022-03-21,Rhinos,https://ormrhl.com/wp-content/uploads/2021/11/Rhinos_logo-128x128.png,#6B6F76,Mike Clements,mike-clements,Defence,0,0,0,1,0,2021-2022,playoffs
1122,Playoffs 2022,2022-03-21,Rhinos,https://ormrhl.com/wp-content/uploads/2021/11/Rhinos_logo-128x128.png,#6B6F76,Robert Doswell,robert-doswell,Defence,0,0,0,0,0,2021-2022,playoffs
1122,Playoffs 2022,2022-03-21,Rhinos,https://ormrhl.com/wp-content/uploads/2021/11/Rhinos_logo-128x128.png,#6B6F76,Robin Harrison,robin-harrison,Defence,0,0,0,0,0,2021-2022,playoffs
1123,Playoffs 2022,2022-03-21,Cobras,https://ormrhl.com/wp-content/uploads/2021/11/Cobras_Logo-128x128.png,#2B8C5C,Adrian Iudiciani,adrian-iudiciani,Forward,0,2,2,1,0,2021-2022,playoffs
1123,Playoffs 2022,2022-03-21,Cobras,https://ormrhl.com/wp-content/uploads/2021/11/Cobras_Logo-128x128.png,#2B8C5C,Angelo Capone,angelo-capone,Forward,0,0,0,1,0,2021-2022,playoffs
1123,Playoffs 2022,2022-03-21,Cobras,https://ormrhl.com/wp-content/uploads/2021/11/Cobras_Logo-128x128.png,#2B8C5C,Brandon De Assuncao,brandon-de-assuncao,Forward,0,0,0,0,0,2021-2022,playoffs
1123,Playoffs 2022,2022-03-21,Cobras,https://ormrhl.com/wp-content/uploads/2021/11/Cobras_Logo-128x128.png,#2B8C5C,James Mitchell,james-mitchell,Forward,0,0,0,1,0,2021-2022,playoffs
1123,Playoffs 2022,2022-03-21,Cobras,https://ormrhl.com/wp-content/uploads/2021/11/Cobras_Logo-128x128.png,#2B8C5C,John Ventrella,john-ventrella,Forward,0,0,0,0,0,2021-2022,playoffs
1123,Playoffs 2022,2022-03-21,Cobras,https://ormrhl.com/wp-content/uploads/2021/11/Cobras_Logo-128x128.png,#2B8C5C,Justin Pappianni,justin-papaianni,Forward,1,0,1,0,0,2021-2022,playoffs
1123,Playoffs 2022,2022-03-21,Cobras,https://ormrhl.com/wp-content/uploads/2021/11/Cobras_Logo-128x128.png,#2B8C5C,Mark Mitchell,mark-mitchell,Defence,0,0,0,1,0,2021-2022,playoffs
1123,Playoffs 2022,2022-03-21,Cobras,https://ormrhl.com/wp-content/uploads/2021/11/Cobras_Logo-128x128.png,#2B8C5C,Massimo Venditti,massimo-venditti,Forward,1,0,1,0,0,2021-2022,playoffs
1123,Playoffs 2022,2022-03-21,Cobras,https://ormrhl.com/wp-content/uploads/2021/11/Cobras_Logo-128x128.png,#2B8C5C,Michael English,michael-english,Defence,0,0,0,1,0,2021-2022,playoffs
1123,Playoffs 2022,2022-03-21,Cobras,https://ormrhl.com/wp-content/uploads/2021/11/Cobras_Logo-128x128.png,#2B8C5C,PJ Harrison,pj-harrison,Goaltender,0,0,0,0,0,2021-2022,playoffs
1123,Playoffs 2022,2022-03-21,Cobras,https://ormrhl.com/wp-content/uploads/2021/11/Cobras_Logo-128x128.png,#2B8C5C,Rob Iudiciani,rob-iudiciani,Defence,0,0,0,1,0,2021-2022,playoffs
1123,Playoffs 2022,2022-03-21,Cobras,https://ormrhl.com/wp-content/uploads/2021/11/Cobras_Logo-128x128.png,#2B8C5C,Scott Johnson,scott-johnson,Forward,0,0,0,0,0,2021-2022,playoffs
1123,Playoffs 2022,2022-03-21,Cobras,https://ormrhl.com/wp-content/uploads/2021/11/Cobras_Logo-128x128.png,#2B8C5C,Steve Souphanthong,steve-souphanthong,Forward,1,0,1,0,0,2021-2022,playoffs
1123,Playoffs 2022,2022-03-21,Cobras,https://ormrhl.com/wp-content/uploads/2021/11/Cobras_Logo-128x128.png,#2B8C5C,Tyler Doyle,tyler-doyle,Forward,0,1,1,0,0,2021-2022,playoffs
1123,Playoffs 2022,2022-03-21,Wildcats,https://ormrhl.com/wp-content/uploads/2021/11/wildcats_logo-128x128.png,#D97B29,Alex Kane,alex-kane,Defence,0,1,1,0,0,2021-2022,playoffs
1123,Playoffs 2022,2022-03-21,Wildcats,https://ormrhl.com/wp-content/uploads/2021/11/wildcats_logo-128x128.png,#D97B29,Brian Hatton,brian-hatton,Goaltender,0,0,0,0,0,2021-2022,playoffs
1123,Playoffs 2022,2022-03-21,Wildcats,https://ormrhl.com/wp-content/uploads/2021/11/wildcats_logo-128x128.png,#D97B29,Colby Clarke,colby-clarke,Forward,1,0,1,0,0,2021-2022,playoffs
1123,Playoffs 2022,2022-03-21,Wildcats,https://ormrhl.com/wp-content/uploads/2021/11/wildcats_logo-128x128.png,#D97B29,Dan Montanari,dan-montanari,Forward,0,0,0,0,0,2021-2022,playoffs
1123,Playoffs 2022,2022-03-21,Wildcats,https://ormrhl.com/wp-content/uploads/2021/11/wildcats_logo-128x128.png,#D97B29,Dan Richards,dan-richards,Forward,0,2,2,0,0,2021-2022,playoffs
1123,Playoffs 2022,2022-03-21,Wildcats,https://ormrhl.com/wp-content/uploads/2021/11/wildcats_logo-128x128.png,#D97B29,Greg Sipprell,greg-sipprell2,Forward,0,1,1,0,0,2021-2022,playoffs
1123,Playoffs 2022,2022-03-21,Wildcats,https://ormrhl.com/wp-content/uploads/2021/11/wildcats_logo-128x128.png,#D97B29,Jaro Verchkovski,jaro-verchkovski,Forward,0,0,0,0,0,2021-2022,playoffs
1123,Playoffs 2022,2022-03-21,Wildcats,https://ormrhl.com/wp-content/uploads/2021/11/wildcats_logo-128x128.png,#D97B29,Lucas Kleine,lucas-kleine,Forward,0,0,0,0,0,2021-2022,playoffs
1123,Playoffs 2022,2022-03-21,Wildcats,https://ormrhl.com/wp-content/uploads/2021/11/wildcats_logo-128x128.png,#D97B29,Pat Parent,pat-parent,Defence,0,0,0,1,0,2021-2022,playoffs
1123,Playoffs 2022,2022-03-21,Wildcats,https://ormrhl.com/wp-content/uploads/2021/11/wildcats_logo-128x128.png,#D97B29,Paul Wolanski,paul-wolanski,Defence,0,0,0,0,0,2021-2022,playoffs
1123,Playoffs 2022,2022-03-21,Wildcats,https://ormrhl.com/wp-content/uploads/2021/11/wildcats_logo-128x128.png,#D97B29,Rob Kleine,rob-kleine,Forward,0,0,0,0,0,2021-2022,playoffs
1123,Playoffs 2022,2022-03-21,Wildcats,https://ormrhl.com/wp-content/uploads/2021/11/wildcats_logo-128x128.png,#D97B29,Ryan Smith,ryan-smith-og,Forward,1,0,1,0,0,2021-2022,playoffs
1123,Playoffs 2022,2022-03-21,Wildcats,https://ormrhl.com/wp-content/uploads/2021/11/wildcats_logo-128x128.png,#D97B29,Serge Lossev,serge-lossev,Forward,0,0,0,0,0,2021-2022,playoffs
1123,Playoffs 2022,2022-03-21,Wildcats,https://ormrhl.com/wp-content/uploads/2021/11/wildcats_logo-128x128.png,#D97B29,Victor Verchkovski,victor-verchkovski,Forward,0,0,0,1,0,2021-2022,playoffs
1124,Playoffs 2022,2022-03-24,Eagles,https://ormrhl.com/wp-content/uploads/2021/11/Eagles_logo-128x128.png,#A31E2E,Alex Disera,alex-disera,Forward,0,0,0,0,0,2021-2022,playoffs
1124,Playoffs 2022,2022-03-24,Eagles,https://ormrhl.com/wp-content/uploads/2021/11/Eagles_logo-128x128.png,#A31E2E,Anthony Loduca,anthony-loduca,Forward,0,3,3,0,0,2021-2022,playoffs
1124,Playoffs 2022,2022-03-24,Eagles,https://ormrhl.com/wp-content/uploads/2021/11/Eagles_logo-128x128.png,#A31E2E,Darren Desrosiers,darren-desrosiers,Forward,2,1,3,0,0,2021-2022,playoffs
1124,Playoffs 2022,2022-03-24,Eagles,https://ormrhl.com/wp-content/uploads/2021/11/Eagles_logo-128x128.png,#A31E2E,David Kane,david-kane,Forward,0,1,1,0,0,2021-2022,playoffs
1124,Playoffs 2022,2022-03-24,Eagles,https://ormrhl.com/wp-content/uploads/2021/11/Eagles_logo-128x128.png,#A31E2E,James Counter,james-counter,Forward,2,1,3,1,0,2021-2022,playoffs
1124,Playoffs 2022,2022-03-24,Eagles,https://ormrhl.com/wp-content/uploads/2021/11/Eagles_logo-128x128.png,#A31E2E,Jeff Mitchell,jeff-mitchell,Defence,0,0,0,0,0,2021-2022,playoffs
1124,Playoffs 2022,2022-03-24,Eagles,https://ormrhl.com/wp-content/uploads/2021/11/Eagles_logo-128x128.png,#A31E2E,Joey Leger,joey-leger,Forward,0,0,0,0,0,2021-2022,playoffs
1124,Playoffs 2022,2022-03-24,Eagles,https://ormrhl.com/wp-content/uploads/2021/11/Eagles_logo-128x128.png,#A31E2E,Jordan Bodimeade,jordan-bodimeade,Forward,1,0,1,0,0,2021-2022,playoffs
1124,Playoffs 2022,2022-03-24,Eagles,https://ormrhl.com/wp-content/uploads/2021/11/Eagles_logo-128x128.png,#A31E2E,Kevin Hinton,kevin-hinton,Forward,0,2,2,0,0,2021-2022,playoffs
1124,Playoffs 2022,2022-03-24,Eagles,https://ormrhl.com/wp-content/uploads/2021/11/Eagles_logo-128x128.png,#A31E2E,Larry Laughlin,larry-laughlin,Forward,0,0,0,0,0,2021-2022,playoffs
1124,Playoffs 2022,2022-03-24,Eagles,https://ormrhl.com/wp-content/uploads/2021/11/Eagles_logo-128x128.png,#A31E2E,Lucas Ackerman,lucas-ackerman,Forward,0,0,0,1,0,2021-2022,playoffs
1124,Playoffs 2022,2022-03-24,Eagles,https://ormrhl.com/wp-content/uploads/2021/11/Eagles_logo-128x128.png,#A31E2E,Mario Carriero,mario-carriero,Goaltender,0,0,0,0,0,2021-2022,playoffs
1124,Playoffs 2022,2022-03-24,Eagles,https://ormrhl.com/wp-content/uploads/2021/11/Eagles_logo-128x128.png,#A31E2E,Mario Mazzucco,mario-mazzucco,Forward,1,2,3,0,0,2021-2022,playoffs
1124,Playoffs 2022,2022-03-24,Eagles,https://ormrhl.com/wp-content/uploads/2021/11/Eagles_logo-128x128.png,#A31E2E,Scott Sutton,scott-sutton,Defence,0,0,0,0,0,2021-2022,playoffs
1124,Playoffs 2022,2022-03-24,Marlins,https://ormrhl.com/wp-content/uploads/2021/11/marlins_logo-128x128.png,#1E8A8A,Doug Grant,doug-grant,Forward,0,0,0,0,0,2021-2022,playoffs
1124,Playoffs 2022,2022-03-24,Marlins,https://ormrhl.com/wp-content/uploads/2021/11/marlins_logo-128x128.png,#1E8A8A,Duncan Stalker,duncan-stalker,Defence,0,0,0,0,0,2021-2022,playoffs
1124,Playoffs 2022,2022-03-24,Marlins,https://ormrhl.com/wp-content/uploads/2021/11/marlins_logo-128x128.png,#1E8A8A,Harrison Kane,harrison-kane,Defence,0,1,1,0,0,2021-2022,playoffs
1124,Playoffs 2022,2022-03-24,Marlins,https://ormrhl.com/wp-content/uploads/2021/11/marlins_logo-128x128.png,#1E8A8A,Jackson Morgis,jackson-morgis,Goaltender,0,0,0,0,0,2021-2022,playoffs
1124,Playoffs 2022,2022-03-24,Marlins,https://ormrhl.com/wp-content/uploads/2021/11/marlins_logo-128x128.png,#1E8A8A,Jeff Connor,jeff-connor,Forward,1,1,2,0,0,2021-2022,playoffs
1124,Playoffs 2022,2022-03-24,Marlins,https://ormrhl.com/wp-content/uploads/2021/11/marlins_logo-128x128.png,#1E8A8A,Jeremy Grey,jeremy-grey,Defence,1,1,2,0,0,2021-2022,playoffs
1124,Playoffs 2022,2022-03-24,Marlins,https://ormrhl.com/wp-content/uploads/2021/11/marlins_logo-128x128.png,#1E8A8A,Mack Charron,mack-charron,Forward,1,2,3,0,0,2021-2022,playoffs
1124,Playoffs 2022,2022-03-24,Marlins,https://ormrhl.com/wp-content/uploads/2021/11/marlins_logo-128x128.png,#1E8A8A,Mark Sceeles,mark-sceeles,Defence,0,0,0,0,0,2021-2022,playoffs
1124,Playoffs 2022,2022-03-24,Marlins,https://ormrhl.com/wp-content/uploads/2021/11/marlins_logo-128x128.png,#1E8A8A,Michael Montesanti,michael-montesanti,Forward,0,0,0,0,0,2021-2022,playoffs
1124,Playoffs 2022,2022-03-24,Marlins,https://ormrhl.com/wp-content/uploads/2021/11/marlins_logo-128x128.png,#1E8A8A,Scott Browne,scott-browne,Forward,0,0,0,0,0,2021-2022,playoffs
1124,Playoffs 2022,2022-03-24,Marlins,https://ormrhl.com/wp-content/uploads/2021/11/marlins_logo-128x128.png,#1E8A8A,Thomas Grant,thomas-grant,Defence,0,1,1,0,0,2021-2022,playoffs
1124,Playoffs 2022,2022-03-24,Marlins,https://ormrhl.com/wp-content/uploads/2021/11/marlins_logo-128x128.png,#1E8A8A,Tyler Kozak,tyler-kozak,Defence,1,0,1,0,0,2021-2022,playoffs
1125,Playoffs 2022,2022-03-24,Cobras,https://ormrhl.com/wp-content/uploads/2021/11/Cobras_Logo-128x128.png,#2B8C5C,Adrian Iudiciani,adrian-iudiciani,Forward,1,1,2,0,0,2021-2022,playoffs
1125,Playoffs 2022,2022-03-24,Cobras,https://ormrhl.com/wp-content/uploads/2021/11/Cobras_Logo-128x128.png,#2B8C5C,Angelo Capone,angelo-capone,Forward,1,1,2,1,0,2021-2022,playoffs
1125,Playoffs 2022,2022-03-24,Cobras,https://ormrhl.com/wp-content/uploads/2021/11/Cobras_Logo-128x128.png,#2B8C5C,Drew Grasse,drew-grasse,Forward,0,0,0,0,0,2021-2022,playoffs
1125,Playoffs 2022,2022-03-24,Cobras,https://ormrhl.com/wp-content/uploads/2021/11/Cobras_Logo-128x128.png,#2B8C5C,James Mitchell,james-mitchell,Forward,0,1,1,1,0,2021-2022,playoffs
1125,Playoffs 2022,2022-03-24,Cobras,https://ormrhl.com/wp-content/uploads/2021/11/Cobras_Logo-128x128.png,#2B8C5C,John Ventrella,john-ventrella,Forward,1,1,2,0,0,2021-2022,playoffs
1125,Playoffs 2022,2022-03-24,Cobras,https://ormrhl.com/wp-content/uploads/2021/11/Cobras_Logo-128x128.png,#2B8C5C,Justin Pappianni,justin-papaianni,Forward,0,0,0,0,0,2021-2022,playoffs
1125,Playoffs 2022,2022-03-24,Cobras,https://ormrhl.com/wp-content/uploads/2021/11/Cobras_Logo-128x128.png,#2B8C5C,Massimo Venditti,massimo-venditti,Forward,0,0,0,0,0,2021-2022,playoffs
1125,Playoffs 2022,2022-03-24,Cobras,https://ormrhl.com/wp-content/uploads/2021/11/Cobras_Logo-128x128.png,#2B8C5C,Michael English,michael-english,Defence,0,2,2,0,0,2021-2022,playoffs
1125,Playoffs 2022,2022-03-24,Cobras,https://ormrhl.com/wp-content/uploads/2021/11/Cobras_Logo-128x128.png,#2B8C5C,PJ Harrison,pj-harrison,Goaltender,0,0,0,0,0,2021-2022,playoffs
1125,Playoffs 2022,2022-03-24,Cobras,https://ormrhl.com/wp-content/uploads/2021/11/Cobras_Logo-128x128.png,#2B8C5C,Rob Iudiciani,rob-iudiciani,Defence,1,0,1,0,0,2021-2022,playoffs
1125,Playoffs 2022,2022-03-24,Cobras,https://ormrhl.com/wp-content/uploads/2021/11/Cobras_Logo-128x128.png,#2B8C5C,Scott Johnson,scott-johnson,Forward,1,0,1,0,0,2021-2022,playoffs
1125,Playoffs 2022,2022-03-24,Cobras,https://ormrhl.com/wp-content/uploads/2021/11/Cobras_Logo-128x128.png,#2B8C5C,Steve Souphanthong,steve-souphanthong,Forward,0,0,0,0,0,2021-2022,playoffs
1125,Playoffs 2022,2022-03-24,Cobras,https://ormrhl.com/wp-content/uploads/2021/11/Cobras_Logo-128x128.png,#2B8C5C,Tyler Doyle,tyler-doyle,Forward,0,0,0,0,0,2021-2022,playoffs
1125,Playoffs 2022,2022-03-24,Falcons,https://ormrhl.com/wp-content/uploads/2021/11/falcons_icon-128x128.png,#233A6B,Brandon Wellsbury,brandon-wellsbury,Forward,2,0,2,1,0,2021-2022,playoffs
1125,Playoffs 2022,2022-03-24,Falcons,https://ormrhl.com/wp-content/uploads/2021/11/falcons_icon-128x128.png,#233A6B,Dale Bishop,dale-bishop,Defence,0,0,0,0,0,2021-2022,playoffs
1125,Playoffs 2022,2022-03-24,Falcons,https://ormrhl.com/wp-content/uploads/2021/11/falcons_icon-128x128.png,#233A6B,Daniel Bishev,daniel-bishev,Forward,0,2,2,0,0,2021-2022,playoffs
1125,Playoffs 2022,2022-03-24,Falcons,https://ormrhl.com/wp-content/uploads/2021/11/falcons_icon-128x128.png,#233A6B,Jason Todd,jason-todd,Defence,0,0,0,1,0,2021-2022,playoffs
1125,Playoffs 2022,2022-03-24,Falcons,https://ormrhl.com/wp-content/uploads/2021/11/falcons_icon-128x128.png,#233A6B,Jonathan West,jonathan-west,Forward,1,1,2,0,0,2021-2022,playoffs
1125,Playoffs 2022,2022-03-24,Falcons,https://ormrhl.com/wp-content/uploads/2021/11/falcons_icon-128x128.png,#233A6B,Kari Paivio,kari-paivio,Forward,0,0,0,0,0,2021-2022,playoffs
1125,Playoffs 2022,2022-03-24,Falcons,https://ormrhl.com/wp-content/uploads/2021/11/falcons_icon-128x128.png,#233A6B,Leo Napolitano,leo-napolitano,Defence,0,1,1,0,0,2021-2022,playoffs
1125,Playoffs 2022,2022-03-24,Falcons,https://ormrhl.com/wp-content/uploads/2021/11/falcons_icon-128x128.png,#233A6B,Marco Dileo,marco-dileo,Forward,0,0,0,0,0,2021-2022,playoffs
1125,Playoffs 2022,2022-03-24,Falcons,https://ormrhl.com/wp-content/uploads/2021/11/falcons_icon-128x128.png,#233A6B,Nathan Loach,nathan-loach,Defence,0,0,0,0,0,2021-2022,playoffs
1125,Playoffs 2022,2022-03-24,Falcons,https://ormrhl.com/wp-content/uploads/2021/11/falcons_icon-128x128.png,#233A6B,Robbie Spencer,robbie-spencer,Forward,0,0,0,0,0,2021-2022,playoffs
1125,Playoffs 2022,2022-03-24,Falcons,https://ormrhl.com/wp-content/uploads/2021/11/falcons_icon-128x128.png,#233A6B,Rocco Malfara,rocco-malfara,Defence,0,0,0,0,0,2021-2022,playoffs
1125,Playoffs 2022,2022-03-24,Falcons,https://ormrhl.com/wp-content/uploads/2021/11/falcons_icon-128x128.png,#233A6B,Ryan Doggart,ryan-doggart,Forward,0,0,0,0,0,2021-2022,playoffs
1125,Playoffs 2022,2022-03-24,Falcons,https://ormrhl.com/wp-content/uploads/2021/11/falcons_icon-128x128.png,#233A6B,Trystan Lebrun,trystan-lebrun,Goaltender,0,0,0,0,0,2021-2022,playoffs
1126,Playoffs 2022,2022-03-24,Rhinos,https://ormrhl.com/wp-content/uploads/2021/11/Rhinos_logo-128x128.png,#6B6F76,Adam Klein,adam-klein,Forward,0,0,0,0,0,2021-2022,playoffs
1126,Playoffs 2022,2022-03-24,Rhinos,https://ormrhl.com/wp-content/uploads/2021/11/Rhinos_logo-128x128.png,#6B6F76,Anthony Ventrella,anthony-ventrella,Forward,0,0,0,1,0,2021-2022,playoffs
1126,Playoffs 2022,2022-03-24,Rhinos,https://ormrhl.com/wp-content/uploads/2021/11/Rhinos_logo-128x128.png,#6B6F76,Gianluca Santocono,gianluca-santocono,Defence,0,0,0,1,0,2021-2022,playoffs
1126,Playoffs 2022,2022-03-24,Rhinos,https://ormrhl.com/wp-content/uploads/2021/11/Rhinos_logo-128x128.png,#6B6F76,Jeff Goodman,jeff-goodman,Goaltender,0,0,0,0,0,2021-2022,playoffs
1126,Playoffs 2022,2022-03-24,Rhinos,https://ormrhl.com/wp-content/uploads/2021/11/Rhinos_logo-128x128.png,#6B6F76,Josh Machesney,josh-machesney,Forward,0,0,0,0,0,2021-2022,playoffs
1126,Playoffs 2022,2022-03-24,Rhinos,https://ormrhl.com/wp-content/uploads/2021/11/Rhinos_logo-128x128.png,#6B6F76,Lorne Feld,lorne-feld,Forward,0,0,0,0,0,2021-2022,playoffs
1126,Playoffs 2022,2022-03-24,Rhinos,https://ormrhl.com/wp-content/uploads/2021/11/Rhinos_logo-128x128.png,#6B6F76,Matthew Quintieri,matthew-quintieri,Forward,0,1,1,0,0,2021-2022,playoffs
1126,Playoffs 2022,2022-03-24,Rhinos,https://ormrhl.com/wp-content/uploads/2021/11/Rhinos_logo-128x128.png,#6B6F76,Mike Clements,mike-clements,Defence,0,0,0,1,0,2021-2022,playoffs
1126,Playoffs 2022,2022-03-24,Rhinos,https://ormrhl.com/wp-content/uploads/2021/11/Rhinos_logo-128x128.png,#6B6F76,Neil DeCantis,neil-decantis,Forward,0,0,0,0,0,2021-2022,playoffs
1126,Playoffs 2022,2022-03-24,Rhinos,https://ormrhl.com/wp-content/uploads/2021/11/Rhinos_logo-128x128.png,#6B6F76,Robert Doswell,robert-doswell,Defence,0,1,1,0,0,2021-2022,playoffs
1126,Playoffs 2022,2022-03-24,Rhinos,https://ormrhl.com/wp-content/uploads/2021/11/Rhinos_logo-128x128.png,#6B6F76,Robin Harrison,robin-harrison,Defence,0,0,0,1,0,2021-2022,playoffs
1126,Playoffs 2022,2022-03-24,Rhinos,https://ormrhl.com/wp-content/uploads/2021/11/Rhinos_logo-128x128.png,#6B6F76,Tom Coukos,tom-coukos,Forward,0,0,0,0,0,2021-2022,playoffs
1126,Playoffs 2022,2022-03-24,Wildcats,https://ormrhl.com/wp-content/uploads/2021/11/wildcats_logo-128x128.png,#D97B29,Brian Hatton,brian-hatton,Goaltender,0,0,0,0,0,2021-2022,playoffs
1126,Playoffs 2022,2022-03-24,Wildcats,https://ormrhl.com/wp-content/uploads/2021/11/wildcats_logo-128x128.png,#D97B29,Colby Clarke,colby-clarke,Forward,5,0,5,0,0,2021-2022,playoffs
1126,Playoffs 2022,2022-03-24,Wildcats,https://ormrhl.com/wp-content/uploads/2021/11/wildcats_logo-128x128.png,#D97B29,Dan Richards,dan-richards,Forward,0,1,1,0,0,2021-2022,playoffs
1126,Playoffs 2022,2022-03-24,Wildcats,https://ormrhl.com/wp-content/uploads/2021/11/wildcats_logo-128x128.png,#D97B29,Greg Sipprell,greg-sipprell2,Forward,1,0,1,0,0,2021-2022,playoffs
1126,Playoffs 2022,2022-03-24,Wildcats,https://ormrhl.com/wp-content/uploads/2021/11/wildcats_logo-128x128.png,#D97B29,Lucas Kleine,lucas-kleine,Forward,0,3,3,0,0,2021-2022,playoffs
1126,Playoffs 2022,2022-03-24,Wildcats,https://ormrhl.com/wp-content/uploads/2021/11/wildcats_logo-128x128.png,#D97B29,Pat Parent,pat-parent,Defence,0,2,2,0,0,2021-2022,playoffs
1126,Playoffs 2022,2022-03-24,Wildcats,https://ormrhl.com/wp-content/uploads/2021/11/wildcats_logo-128x128.png,#D97B29,Paul Wolanski,paul-wolanski,Defence,0,2,2,0,0,2021-2022,playoffs
1126,Playoffs 2022,2022-03-24,Wildcats,https://ormrhl.com/wp-content/uploads/2021/11/wildcats_logo-128x128.png,#D97B29,Rob Kleine,rob-kleine,Forward,0,0,0,1,0,2021-2022,playoffs
1126,Playoffs 2022,2022-03-24,Wildcats,https://ormrhl.com/wp-content/uploads/2021/11/wildcats_logo-128x128.png,#D97B29,Ryan Smith,ryan-smith-og,Forward,1,0,1,0,0,2021-2022,playoffs
1126,Playoffs 2022,2022-03-24,Wildcats,https://ormrhl.com/wp-content/uploads/2021/11/wildcats_logo-128x128.png,#D97B29,Victor Verchkovski,victor-verchkovski,Forward,0,2,2,0,0,2021-2022,playoffs
1127,Playoffs 2022,2022-03-28,Eagles,https://ormrhl.com/wp-content/uploads/2021/11/Eagles_logo-128x128.png,#A31E2E,Alex Disera,alex-disera,Forward,0,1,1,0,0,2021-2022,playoffs
1127,Playoffs 2022,2022-03-28,Eagles,https://ormrhl.com/wp-content/uploads/2021/11/Eagles_logo-128x128.png,#A31E2E,Anthony Loduca,anthony-loduca,Forward,0,0,0,0,0,2021-2022,playoffs
1127,Playoffs 2022,2022-03-28,Eagles,https://ormrhl.com/wp-content/uploads/2021/11/Eagles_logo-128x128.png,#A31E2E,Darren Desrosiers,darren-desrosiers,Forward,1,1,2,0,0,2021-2022,playoffs
1127,Playoffs 2022,2022-03-28,Eagles,https://ormrhl.com/wp-content/uploads/2021/11/Eagles_logo-128x128.png,#A31E2E,David Kane,david-kane,Forward,0,1,1,0,0,2021-2022,playoffs
1127,Playoffs 2022,2022-03-28,Eagles,https://ormrhl.com/wp-content/uploads/2021/11/Eagles_logo-128x128.png,#A31E2E,James Counter,james-counter,Forward,0,2,2,1,0,2021-2022,playoffs
1127,Playoffs 2022,2022-03-28,Eagles,https://ormrhl.com/wp-content/uploads/2021/11/Eagles_logo-128x128.png,#A31E2E,Jeff Mitchell,jeff-mitchell,Defence,1,1,2,0,0,2021-2022,playoffs
1127,Playoffs 2022,2022-03-28,Eagles,https://ormrhl.com/wp-content/uploads/2021/11/Eagles_logo-128x128.png,#A31E2E,Joey Leger,joey-leger,Forward,0,1,1,0,0,2021-2022,playoffs
1127,Playoffs 2022,2022-03-28,Eagles,https://ormrhl.com/wp-content/uploads/2021/11/Eagles_logo-128x128.png,#A31E2E,Jordan Bodimeade,jordan-bodimeade,Forward,0,2,2,0,0,2021-2022,playoffs
1127,Playoffs 2022,2022-03-28,Eagles,https://ormrhl.com/wp-content/uploads/2021/11/Eagles_logo-128x128.png,#A31E2E,Kevin Hinton,kevin-hinton,Forward,1,0,1,0,0,2021-2022,playoffs
1127,Playoffs 2022,2022-03-28,Eagles,https://ormrhl.com/wp-content/uploads/2021/11/Eagles_logo-128x128.png,#A31E2E,Larry Laughlin,larry-laughlin,Forward,0,0,0,0,0,2021-2022,playoffs
1127,Playoffs 2022,2022-03-28,Eagles,https://ormrhl.com/wp-content/uploads/2021/11/Eagles_logo-128x128.png,#A31E2E,Lucas Ackerman,lucas-ackerman,Forward,1,0,1,0,0,2021-2022,playoffs
1127,Playoffs 2022,2022-03-28,Eagles,https://ormrhl.com/wp-content/uploads/2021/11/Eagles_logo-128x128.png,#A31E2E,Mario Carriero,mario-carriero,Goaltender,0,0,0,0,0,2021-2022,playoffs
1127,Playoffs 2022,2022-03-28,Eagles,https://ormrhl.com/wp-content/uploads/2021/11/Eagles_logo-128x128.png,#A31E2E,Mario Mazzucco,mario-mazzucco,Forward,1,0,1,0,0,2021-2022,playoffs
1127,Playoffs 2022,2022-03-28,Wildcats,https://ormrhl.com/wp-content/uploads/2021/11/wildcats_logo-128x128.png,#D97B29,Brian Hatton,brian-hatton,Goaltender,0,1,1,0,0,2021-2022,playoffs
1127,Playoffs 2022,2022-03-28,Wildcats,https://ormrhl.com/wp-content/uploads/2021/11/wildcats_logo-128x128.png,#D97B29,Colby Clarke,colby-clarke,Forward,0,0,0,0,0,2021-2022,playoffs
1127,Playoffs 2022,2022-03-28,Wildcats,https://ormrhl.com/wp-content/uploads/2021/11/wildcats_logo-128x128.png,#D97B29,Dan Richards,dan-richards,Forward,0,1,1,0,0,2021-2022,playoffs
1127,Playoffs 2022,2022-03-28,Wildcats,https://ormrhl.com/wp-content/uploads/2021/11/wildcats_logo-128x128.png,#D97B29,Greg Sipprell,greg-sipprell2,Forward,1,0,1,0,0,2021-2022,playoffs
1127,Playoffs 2022,2022-03-28,Wildcats,https://ormrhl.com/wp-content/uploads/2021/11/wildcats_logo-128x128.png,#D97B29,Lucas Kleine,lucas-kleine,Forward,0,0,0,0,0,2021-2022,playoffs
1127,Playoffs 2022,2022-03-28,Wildcats,https://ormrhl.com/wp-content/uploads/2021/11/wildcats_logo-128x128.png,#D97B29,Pat Parent,pat-parent,Defence,0,0,0,0,0,2021-2022,playoffs
1127,Playoffs 2022,2022-03-28,Wildcats,https://ormrhl.com/wp-content/uploads/2021/11/wildcats_logo-128x128.png,#D97B29,Paul Wolanski,paul-wolanski,Defence,0,0,0,0,0,2021-2022,playoffs
1127,Playoffs 2022,2022-03-28,Wildcats,https://ormrhl.com/wp-content/uploads/2021/11/wildcats_logo-128x128.png,#D97B29,Rob Kleine,rob-kleine,Forward,0,0,0,0,0,2021-2022,playoffs
1127,Playoffs 2022,2022-03-28,Wildcats,https://ormrhl.com/wp-content/uploads/2021/11/wildcats_logo-128x128.png,#D97B29,Ryan Smith,ryan-smith-og,Forward,0,0,0,0,0,2021-2022,playoffs
1127,Playoffs 2022,2022-03-28,Wildcats,https://ormrhl.com/wp-content/uploads/2021/11/wildcats_logo-128x128.png,#D97B29,Serge Lossev,serge-lossev,Forward,1,1,2,0,0,2021-2022,playoffs
1127,Playoffs 2022,2022-03-28,Wildcats,https://ormrhl.com/wp-content/uploads/2021/11/wildcats_logo-128x128.png,#D97B29,Victor Verchkovski,victor-verchkovski,Forward,0,1,1,0,0,2021-2022,playoffs
1128,Playoffs 2022,2022-03-28,Cobras,https://ormrhl.com/wp-content/uploads/2021/11/Cobras_Logo-128x128.png,#2B8C5C,Adrian Iudiciani,adrian-iudiciani,Forward,1,0,1,2,0,2021-2022,playoffs
1128,Playoffs 2022,2022-03-28,Cobras,https://ormrhl.com/wp-content/uploads/2021/11/Cobras_Logo-128x128.png,#2B8C5C,Angelo Capone,angelo-capone,Forward,0,0,0,0,1,2021-2022,playoffs
1128,Playoffs 2022,2022-03-28,Cobras,https://ormrhl.com/wp-content/uploads/2021/11/Cobras_Logo-128x128.png,#2B8C5C,Brandon De Assuncao,brandon-de-assuncao,Forward,0,0,0,0,0,2021-2022,playoffs
1128,Playoffs 2022,2022-03-28,Cobras,https://ormrhl.com/wp-content/uploads/2021/11/Cobras_Logo-128x128.png,#2B8C5C,James Mitchell,james-mitchell,Forward,0,0,0,0,0,2021-2022,playoffs
1128,Playoffs 2022,2022-03-28,Cobras,https://ormrhl.com/wp-content/uploads/2021/11/Cobras_Logo-128x128.png,#2B8C5C,John Ventrella,john-ventrella,Forward,0,0,0,0,0,2021-2022,playoffs
1128,Playoffs 2022,2022-03-28,Cobras,https://ormrhl.com/wp-content/uploads/2021/11/Cobras_Logo-128x128.png,#2B8C5C,Justin Pappianni,justin-papaianni,Forward,0,1,1,0,0,2021-2022,playoffs
1128,Playoffs 2022,2022-03-28,Cobras,https://ormrhl.com/wp-content/uploads/2021/11/Cobras_Logo-128x128.png,#2B8C5C,Mark Mitchell,mark-mitchell,Defence,0,0,0,0,0,2021-2022,playoffs
1128,Playoffs 2022,2022-03-28,Cobras,https://ormrhl.com/wp-content/uploads/2021/11/Cobras_Logo-128x128.png,#2B8C5C,Massimo Venditti,massimo-venditti,Forward,0,0,0,0,0,2021-2022,playoffs
1128,Playoffs 2022,2022-03-28,Cobras,https://ormrhl.com/wp-content/uploads/2021/11/Cobras_Logo-128x128.png,#2B8C5C,Michael English,michael-english,Defence,0,0,0,0,0,2021-2022,playoffs
1128,Playoffs 2022,2022-03-28,Cobras,https://ormrhl.com/wp-content/uploads/2021/11/Cobras_Logo-128x128.png,#2B8C5C,PJ Harrison,pj-harrison,Goaltender,0,0,0,0,0,2021-2022,playoffs
1128,Playoffs 2022,2022-03-28,Cobras,https://ormrhl.com/wp-content/uploads/2021/11/Cobras_Logo-128x128.png,#2B8C5C,Rob Iudiciani,rob-iudiciani,Defence,0,0,0,1,0,2021-2022,playoffs
1128,Playoffs 2022,2022-03-28,Cobras,https://ormrhl.com/wp-content/uploads/2021/11/Cobras_Logo-128x128.png,#2B8C5C,Tyler Doyle,tyler-doyle,Forward,0,1,1,1,0,2021-2022,playoffs
1128,Playoffs 2022,2022-03-28,Marlins,https://ormrhl.com/wp-content/uploads/2021/11/marlins_logo-128x128.png,#1E8A8A,Doug Grant,doug-grant,Forward,0,0,0,0,0,2021-2022,playoffs
1128,Playoffs 2022,2022-03-28,Marlins,https://ormrhl.com/wp-content/uploads/2021/11/marlins_logo-128x128.png,#1E8A8A,Duncan Stalker,duncan-stalker,Defence,0,0,0,0,0,2021-2022,playoffs
1128,Playoffs 2022,2022-03-28,Marlins,https://ormrhl.com/wp-content/uploads/2021/11/marlins_logo-128x128.png,#1E8A8A,Harrison Kane,harrison-kane,Defence,0,0,0,0,0,2021-2022,playoffs
1128,Playoffs 2022,2022-03-28,Marlins,https://ormrhl.com/wp-content/uploads/2021/11/marlins_logo-128x128.png,#1E8A8A,Jackson Morgis,jackson-morgis,Goaltender,0,0,0,0,0,2021-2022,playoffs
1128,Playoffs 2022,2022-03-28,Marlins,https://ormrhl.com/wp-content/uploads/2021/11/marlins_logo-128x128.png,#1E8A8A,Jeff Connor,jeff-connor,Forward,2,4,6,0,0,2021-2022,playoffs
1128,Playoffs 2022,2022-03-28,Marlins,https://ormrhl.com/wp-content/uploads/2021/11/marlins_logo-128x128.png,#1E8A8A,Jeremy Grey,jeremy-grey,Defence,0,0,0,0,0,2021-2022,playoffs
1128,Playoffs 2022,2022-03-28,Marlins,https://ormrhl.com/wp-content/uploads/2021/11/marlins_logo-128x128.png,#1E8A8A,Mack Charron,mack-charron,Forward,1,1,2,1,0,2021-2022,playoffs
1128,Playoffs 2022,2022-03-28,Marlins,https://ormrhl.com/wp-content/uploads/2021/11/marlins_logo-128x128.png,#1E8A8A,Mark Sceeles,mark-sceeles,Defence,0,1,1,0,0,2021-2022,playoffs
1128,Playoffs 2022,2022-03-28,Marlins,https://ormrhl.com/wp-content/uploads/2021/11/marlins_logo-128x128.png,#1E8A8A,Michael Montesanti,michael-montesanti,Forward,1,0,1,2,0,2021-2022,playoffs
1128,Playoffs 2022,2022-03-28,Marlins,https://ormrhl.com/wp-content/uploads/2021/11/marlins_logo-128x128.png,#1E8A8A,Scott Browne,scott-browne,Forward,0,2,2,0,0,2021-2022,playoffs
1128,Playoffs 2022,2022-03-28,Marlins,https://ormrhl.com/wp-content/uploads/2021/11/marlins_logo-128x128.png,#1E8A8A,Thomas Grant,thomas-grant,Defence,0,2,2,2,0,2021-2022,playoffs
1128,Playoffs 2022,2022-03-28,Marlins,https://ormrhl.com/wp-content/uploads/2021/11/marlins_logo-128x128.png,#1E8A8A,Todd Wheeler,todd-wheeler,Forward,1,0,1,0,0,2021-2022,playoffs
1128,Playoffs 2022,2022-03-28,Marlins,https://ormrhl.com/wp-content/uploads/2021/11/marlins_logo-128x128.png,#1E8A8A,Tyler Kozak,tyler-kozak,Defence,2,1,3,0,0,2021-2022,playoffs
1129,Playoffs 2022,2022-03-28,Falcons,https://ormrhl.com/wp-content/uploads/2021/11/falcons_icon-128x128.png,#233A6B,Brandon Wellsbury,brandon-wellsbury,Forward,0,0,0,0,0,2021-2022,playoffs
1129,Playoffs 2022,2022-03-28,Falcons,https://ormrhl.com/wp-content/uploads/2021/11/falcons_icon-128x128.png,#233A6B,Dale Bishop,dale-bishop,Defence,0,0,0,0,0,2021-2022,playoffs
1129,Playoffs 2022,2022-03-28,Falcons,https://ormrhl.com/wp-content/uploads/2021/11/falcons_icon-128x128.png,#233A6B,Daniel Bishev,daniel-bishev,Forward,3,1,4,0,0,2021-2022,playoffs
1129,Playoffs 2022,2022-03-28,Falcons,https://ormrhl.com/wp-content/uploads/2021/11/falcons_icon-128x128.png,#233A6B,Derek Marsham,derek-marsham,Forward,0,0,0,0,0,2021-2022,playoffs
1129,Playoffs 2022,2022-03-28,Falcons,https://ormrhl.com/wp-content/uploads/2021/11/falcons_icon-128x128.png,#233A6B,Jason Todd,jason-todd,Defence,1,2,3,0,0,2021-2022,playoffs
1129,Playoffs 2022,2022-03-28,Falcons,https://ormrhl.com/wp-content/uploads/2021/11/falcons_icon-128x128.png,#233A6B,Jonathan West,jonathan-west,Forward,0,0,0,0,0,2021-2022,playoffs
1129,Playoffs 2022,2022-03-28,Falcons,https://ormrhl.com/wp-content/uploads/2021/11/falcons_icon-128x128.png,#233A6B,Kari Paivio,kari-paivio,Forward,0,0,0,0,0,2021-2022,playoffs
1129,Playoffs 2022,2022-03-28,Falcons,https://ormrhl.com/wp-content/uploads/2021/11/falcons_icon-128x128.png,#233A6B,Leo Napolitano,leo-napolitano,Defence,0,0,0,0,0,2021-2022,playoffs
1129,Playoffs 2022,2022-03-28,Falcons,https://ormrhl.com/wp-content/uploads/2021/11/falcons_icon-128x128.png,#233A6B,Marco Dileo,marco-dileo,Forward,0,4,4,0,0,2021-2022,playoffs
1129,Playoffs 2022,2022-03-28,Falcons,https://ormrhl.com/wp-content/uploads/2021/11/falcons_icon-128x128.png,#233A6B,Nathan Loach,nathan-loach,Defence,1,0,1,0,0,2021-2022,playoffs
1129,Playoffs 2022,2022-03-28,Falcons,https://ormrhl.com/wp-content/uploads/2021/11/falcons_icon-128x128.png,#233A6B,Robbie Spencer,robbie-spencer,Forward,1,0,1,0,0,2021-2022,playoffs
1129,Playoffs 2022,2022-03-28,Falcons,https://ormrhl.com/wp-content/uploads/2021/11/falcons_icon-128x128.png,#233A6B,Rocco Malfara,rocco-malfara,Defence,0,4,4,0,0,2021-2022,playoffs
1129,Playoffs 2022,2022-03-28,Falcons,https://ormrhl.com/wp-content/uploads/2021/11/falcons_icon-128x128.png,#233A6B,Ryan Doggart,ryan-doggart,Forward,0,1,1,0,0,2021-2022,playoffs
1129,Playoffs 2022,2022-03-28,Falcons,https://ormrhl.com/wp-content/uploads/2021/11/falcons_icon-128x128.png,#233A6B,Trystan Lebrun,trystan-lebrun,Goaltender,0,0,0,0,0,2021-2022,playoffs
1129,Playoffs 2022,2022-03-28,Rhinos,https://ormrhl.com/wp-content/uploads/2021/11/Rhinos_logo-128x128.png,#6B6F76,Adam Klein,adam-klein,Forward,0,0,0,0,0,2021-2022,playoffs
1129,Playoffs 2022,2022-03-28,Rhinos,https://ormrhl.com/wp-content/uploads/2021/11/Rhinos_logo-128x128.png,#6B6F76,Anthony Ventrella,anthony-ventrella,Forward,0,0,0,0,0,2021-2022,playoffs
1129,Playoffs 2022,2022-03-28,Rhinos,https://ormrhl.com/wp-content/uploads/2021/11/Rhinos_logo-128x128.png,#6B6F76,Daniel De Angelis,daniel-de-angelis,Defence,0,1,1,0,0,2021-2022,playoffs
1129,Playoffs 2022,2022-03-28,Rhinos,https://ormrhl.com/wp-content/uploads/2021/11/Rhinos_logo-128x128.png,#6B6F76,Gianluca Santocono,gianluca-santocono,Defence,0,0,0,1,0,2021-2022,playoffs
1129,Playoffs 2022,2022-03-28,Rhinos,https://ormrhl.com/wp-content/uploads/2021/11/Rhinos_logo-128x128.png,#6B6F76,Jeff Goodman,jeff-goodman,Goaltender,0,0,0,0,0,2021-2022,playoffs
1129,Playoffs 2022,2022-03-28,Rhinos,https://ormrhl.com/wp-content/uploads/2021/11/Rhinos_logo-128x128.png,#6B6F76,Josh Machesney,josh-machesney,Forward,2,0,2,0,0,2021-2022,playoffs
1129,Playoffs 2022,2022-03-28,Rhinos,https://ormrhl.com/wp-content/uploads/2021/11/Rhinos_logo-128x128.png,#6B6F76,Matthew Quintieri,matthew-quintieri,Forward,0,0,0,0,0,2021-2022,playoffs
1129,Playoffs 2022,2022-03-28,Rhinos,https://ormrhl.com/wp-content/uploads/2021/11/Rhinos_logo-128x128.png,#6B6F76,Mike Clements,mike-clements,Defence,2,0,2,1,0,2021-2022,playoffs
1129,Playoffs 2022,2022-03-28,Rhinos,https://ormrhl.com/wp-content/uploads/2021/11/Rhinos_logo-128x128.png,#6B6F76,Neil DeCantis,neil-decantis,Forward,1,0,1,0,0,2021-2022,playoffs
1129,Playoffs 2022,2022-03-28,Rhinos,https://ormrhl.com/wp-content/uploads/2021/11/Rhinos_logo-128x128.png,#6B6F76,Robert Doswell,robert-doswell,Defence,0,2,2,0,0,2021-2022,playoffs
1129,Playoffs 2022,2022-03-28,Rhinos,https://ormrhl.com/wp-content/uploads/2021/11/Rhinos_logo-128x128.png,#6B6F76,Tom Coukos,tom-coukos,Forward,0,1,1,0,0,2021-2022,playoffs
falcons-vs-eagles-2,Playoffs 2022,2022-03-30,Eagles,https://ormrhl.com/wp-content/uploads/2021/11/Eagles_logo-128x128.png,#A31E2E,Anthony Loduca,anthony-loduca,Forward,0,1,1,0,0,2021-2022,playoffs
falcons-vs-eagles-2,Playoffs 2022,2022-03-30,Eagles,https://ormrhl.com/wp-content/uploads/2021/11/Eagles_logo-128x128.png,#A31E2E,Darren Desrosiers,darren-desrosiers,Forward,0,1,1,0,0,2021-2022,playoffs
falcons-vs-eagles-2,Playoffs 2022,2022-03-30,Eagles,https://ormrhl.com/wp-content/uploads/2021/11/Eagles_logo-128x128.png,#A31E2E,David Kane,david-kane,Forward,0,0,0,0,0,2021-2022,playoffs
falcons-vs-eagles-2,Playoffs 2022,2022-03-30,Eagles,https://ormrhl.com/wp-content/uploads/2021/11/Eagles_logo-128x128.png,#A31E2E,James Counter,james-counter,Forward,0,0,0,0,0,2021-2022,playoffs
falcons-vs-eagles-2,Playoffs 2022,2022-03-30,Eagles,https://ormrhl.com/wp-content/uploads/2021/11/Eagles_logo-128x128.png,#A31E2E,Jeff Mitchell,jeff-mitchell,Defence,0,0,0,0,0,2021-2022,playoffs
falcons-vs-eagles-2,Playoffs 2022,2022-03-30,Eagles,https://ormrhl.com/wp-content/uploads/2021/11/Eagles_logo-128x128.png,#A31E2E,Joey Leger,joey-leger,Forward,0,0,0,0,0,2021-2022,playoffs
falcons-vs-eagles-2,Playoffs 2022,2022-03-30,Eagles,https://ormrhl.com/wp-content/uploads/2021/11/Eagles_logo-128x128.png,#A31E2E,Jordan Bodimeade,jordan-bodimeade,Forward,0,0,0,0,0,2021-2022,playoffs
falcons-vs-eagles-2,Playoffs 2022,2022-03-30,Eagles,https://ormrhl.com/wp-content/uploads/2021/11/Eagles_logo-128x128.png,#A31E2E,Kevin Hinton,kevin-hinton,Forward,0,0,0,0,0,2021-2022,playoffs
falcons-vs-eagles-2,Playoffs 2022,2022-03-30,Eagles,https://ormrhl.com/wp-content/uploads/2021/11/Eagles_logo-128x128.png,#A31E2E,Larry Laughlin,larry-laughlin,Forward,0,0,0,0,0,2021-2022,playoffs
falcons-vs-eagles-2,Playoffs 2022,2022-03-30,Eagles,https://ormrhl.com/wp-content/uploads/2021/11/Eagles_logo-128x128.png,#A31E2E,Lucas Ackerman,lucas-ackerman,Forward,0,0,0,0,0,2021-2022,playoffs
falcons-vs-eagles-2,Playoffs 2022,2022-03-30,Eagles,https://ormrhl.com/wp-content/uploads/2021/11/Eagles_logo-128x128.png,#A31E2E,Mario Carriero,mario-carriero,Goaltender,0,0,0,0,0,2021-2022,playoffs
falcons-vs-eagles-2,Playoffs 2022,2022-03-30,Eagles,https://ormrhl.com/wp-content/uploads/2021/11/Eagles_logo-128x128.png,#A31E2E,Mario Mazzucco,mario-mazzucco,Forward,0,1,1,1,0,2021-2022,playoffs
falcons-vs-eagles-2,Playoffs 2022,2022-03-30,Eagles,https://ormrhl.com/wp-content/uploads/2021/11/Eagles_logo-128x128.png,#A31E2E,Scott Sutton,scott-sutton,Defence,1,0,1,0,0,2021-2022,playoffs
falcons-vs-eagles-2,Playoffs 2022,2022-03-30,Falcons,https://ormrhl.com/wp-content/uploads/2021/11/falcons_icon-128x128.png,#233A6B,Brandon Wellsbury,brandon-wellsbury,Forward,1,0,1,0,0,2021-2022,playoffs
falcons-vs-eagles-2,Playoffs 2022,2022-03-30,Falcons,https://ormrhl.com/wp-content/uploads/2021/11/falcons_icon-128x128.png,#233A6B,Dale Bishop,dale-bishop,Defence,0,0,0,1,0,2021-2022,playoffs
falcons-vs-eagles-2,Playoffs 2022,2022-03-30,Falcons,https://ormrhl.com/wp-content/uploads/2021/11/falcons_icon-128x128.png,#233A6B,Daniel Bishev,daniel-bishev,Forward,2,0,2,0,0,2021-2022,playoffs
falcons-vs-eagles-2,Playoffs 2022,2022-03-30,Falcons,https://ormrhl.com/wp-content/uploads/2021/11/falcons_icon-128x128.png,#233A6B,Derek Marsham,derek-marsham,Forward,1,1,2,0,0,2021-2022,playoffs
falcons-vs-eagles-2,Playoffs 2022,2022-03-30,Falcons,https://ormrhl.com/wp-content/uploads/2021/11/falcons_icon-128x128.png,#233A6B,Jason Todd,jason-todd,Defence,0,2,2,0,0,2021-2022,playoffs
falcons-vs-eagles-2,Playoffs 2022,2022-03-30,Falcons,https://ormrhl.com/wp-content/uploads/2021/11/falcons_icon-128x128.png,#233A6B,Jonathan West,jonathan-west,Forward,1,1,2,0,0,2021-2022,playoffs
falcons-vs-eagles-2,Playoffs 2022,2022-03-30,Falcons,https://ormrhl.com/wp-content/uploads/2021/11/falcons_icon-128x128.png,#233A6B,Kari Paivio,kari-paivio,Forward,1,1,2,0,0,2021-2022,playoffs
falcons-vs-eagles-2,Playoffs 2022,2022-03-30,Falcons,https://ormrhl.com/wp-content/uploads/2021/11/falcons_icon-128x128.png,#233A6B,Leo Napolitano,leo-napolitano,Defence,0,0,0,0,0,2021-2022,playoffs
falcons-vs-eagles-2,Playoffs 2022,2022-03-30,Falcons,https://ormrhl.com/wp-content/uploads/2021/11/falcons_icon-128x128.png,#233A6B,Nathan Loach,nathan-loach,Defence,0,3,3,0,0,2021-2022,playoffs
falcons-vs-eagles-2,Playoffs 2022,2022-03-30,Falcons,https://ormrhl.com/wp-content/uploads/2021/11/falcons_icon-128x128.png,#233A6B,Robbie Spencer,robbie-spencer,Forward,0,0,0,0,0,2021-2022,playoffs
falcons-vs-eagles-2,Playoffs 2022,2022-03-30,Falcons,https://ormrhl.com/wp-content/uploads/2021/11/falcons_icon-128x128.png,#233A6B,Rocco Malfara,rocco-malfara,Defence,0,1,1,0,0,2021-2022,playoffs
falcons-vs-eagles-2,Playoffs 2022,2022-03-30,Falcons,https://ormrhl.com/wp-content/uploads/2021/11/falcons_icon-128x128.png,#233A6B,Ryan Doggart,ryan-doggart,Forward,0,0,0,0,0,2021-2022,playoffs
falcons-vs-eagles-2,Playoffs 2022,2022-03-30,Falcons,https://ormrhl.com/wp-content/uploads/2021/11/falcons_icon-128x128.png,#233A6B,Trystan Lebrun,trystan-lebrun,Goaltender,0,0,0,0,0,2021-2022,playoffs
rhinos-vs-cobras-2,Playoffs 2022,2022-03-30,Cobras,https://ormrhl.com/wp-content/uploads/2021/11/Cobras_Logo-128x128.png,#2B8C5C,Adrian Iudiciani,adrian-iudiciani,Forward,2,2,4,0,0,2021-2022,playoffs
rhinos-vs-cobras-2,Playoffs 2022,2022-03-30,Cobras,https://ormrhl.com/wp-content/uploads/2021/11/Cobras_Logo-128x128.png,#2B8C5C,Brandon De Assuncao,brandon-de-assuncao,Forward,0,0,0,0,0,2021-2022,playoffs
rhinos-vs-cobras-2,Playoffs 2022,2022-03-30,Cobras,https://ormrhl.com/wp-content/uploads/2021/11/Cobras_Logo-128x128.png,#2B8C5C,James Mitchell,james-mitchell,Forward,0,2,2,1,0,2021-2022,playoffs
rhinos-vs-cobras-2,Playoffs 2022,2022-03-30,Cobras,https://ormrhl.com/wp-content/uploads/2021/11/Cobras_Logo-128x128.png,#2B8C5C,John Ventrella,john-ventrella,Forward,2,1,3,0,0,2021-2022,playoffs
rhinos-vs-cobras-2,Playoffs 2022,2022-03-30,Cobras,https://ormrhl.com/wp-content/uploads/2021/11/Cobras_Logo-128x128.png,#2B8C5C,Justin Pappianni,justin-papaianni,Forward,0,2,2,0,0,2021-2022,playoffs
rhinos-vs-cobras-2,Playoffs 2022,2022-03-30,Cobras,https://ormrhl.com/wp-content/uploads/2021/11/Cobras_Logo-128x128.png,#2B8C5C,Mark Mitchell,mark-mitchell,Defence,0,1,1,0,0,2021-2022,playoffs
rhinos-vs-cobras-2,Playoffs 2022,2022-03-30,Cobras,https://ormrhl.com/wp-content/uploads/2021/11/Cobras_Logo-128x128.png,#2B8C5C,Massimo Venditti,massimo-venditti,Forward,1,0,1,0,0,2021-2022,playoffs
rhinos-vs-cobras-2,Playoffs 2022,2022-03-30,Cobras,https://ormrhl.com/wp-content/uploads/2021/11/Cobras_Logo-128x128.png,#2B8C5C,Michael English,michael-english,Defence,0,2,2,0,0,2021-2022,playoffs
rhinos-vs-cobras-2,Playoffs 2022,2022-03-30,Cobras,https://ormrhl.com/wp-content/uploads/2021/11/Cobras_Logo-128x128.png,#2B8C5C,PJ Harrison,pj-harrison,Goaltender,0,0,0,0,0,2021-2022,playoffs
rhinos-vs-cobras-2,Playoffs 2022,2022-03-30,Cobras,https://ormrhl.com/wp-content/uploads/2021/11/Cobras_Logo-128x128.png,#2B8C5C,Rob Iudiciani,rob-iudiciani,Defence,0,0,0,0,0,2021-2022,playoffs
rhinos-vs-cobras-2,Playoffs 2022,2022-03-30,Cobras,https://ormrhl.com/wp-content/uploads/2021/11/Cobras_Logo-128x128.png,#2B8C5C,Steve Souphanthong,steve-souphanthong,Forward,1,0,1,0,0,2021-2022,playoffs
rhinos-vs-cobras-2,Playoffs 2022,2022-03-30,Cobras,https://ormrhl.com/wp-content/uploads/2021/11/Cobras_Logo-128x128.png,#2B8C5C,Tyler Doyle,tyler-doyle,Forward,2,2,4,0,0,2021-2022,playoffs
rhinos-vs-cobras-2,Playoffs 2022,2022-03-30,Rhinos,https://ormrhl.com/wp-content/uploads/2021/11/Rhinos_logo-128x128.png,#6B6F76,Adam Klein,adam-klein,Forward,0,0,0,0,0,2021-2022,playoffs
rhinos-vs-cobras-2,Playoffs 2022,2022-03-30,Rhinos,https://ormrhl.com/wp-content/uploads/2021/11/Rhinos_logo-128x128.png,#6B6F76,Anthony Ventrella,anthony-ventrella,Forward,0,1,1,0,0,2021-2022,playoffs
rhinos-vs-cobras-2,Playoffs 2022,2022-03-30,Rhinos,https://ormrhl.com/wp-content/uploads/2021/11/Rhinos_logo-128x128.png,#6B6F76,Daniel De Angelis,daniel-de-angelis,Defence,0,0,0,1,0,2021-2022,playoffs
rhinos-vs-cobras-2,Playoffs 2022,2022-03-30,Rhinos,https://ormrhl.com/wp-content/uploads/2021/11/Rhinos_logo-128x128.png,#6B6F76,Gianluca Santocono,gianluca-santocono,Defence,0,0,0,0,0,2021-2022,playoffs
rhinos-vs-cobras-2,Playoffs 2022,2022-03-30,Rhinos,https://ormrhl.com/wp-content/uploads/2021/11/Rhinos_logo-128x128.png,#6B6F76,Jeff Goodman,jeff-goodman,Goaltender,0,0,0,0,0,2021-2022,playoffs
rhinos-vs-cobras-2,Playoffs 2022,2022-03-30,Rhinos,https://ormrhl.com/wp-content/uploads/2021/11/Rhinos_logo-128x128.png,#6B6F76,Josh Machesney,josh-machesney,Forward,0,0,0,1,0,2021-2022,playoffs
rhinos-vs-cobras-2,Playoffs 2022,2022-03-30,Rhinos,https://ormrhl.com/wp-content/uploads/2021/11/Rhinos_logo-128x128.png,#6B6F76,Matthew Quintieri,matthew-quintieri,Forward,0,0,0,0,0,2021-2022,playoffs
rhinos-vs-cobras-2,Playoffs 2022,2022-03-30,Rhinos,https://ormrhl.com/wp-content/uploads/2021/11/Rhinos_logo-128x128.png,#6B6F76,Mike Clements,mike-clements,Defence,0,0,0,0,0,2021-2022,playoffs
rhinos-vs-cobras-2,Playoffs 2022,2022-03-30,Rhinos,https://ormrhl.com/wp-content/uploads/2021/11/Rhinos_logo-128x128.png,#6B6F76,Neil DeCantis,neil-decantis,Forward,2,0,2,0,0,2021-2022,playoffs
rhinos-vs-cobras-2,Playoffs 2022,2022-03-30,Rhinos,https://ormrhl.com/wp-content/uploads/2021/11/Rhinos_logo-128x128.png,#6B6F76,Robert Doswell,robert-doswell,Defence,0,0,0,0,0,2021-2022,playoffs
rhinos-vs-cobras-2,Playoffs 2022,2022-03-30,Rhinos,https://ormrhl.com/wp-content/uploads/2021/11/Rhinos_logo-128x128.png,#6B6F76,Tom Coukos,tom-coukos,Forward,0,2,2,0,0,2021-2022,playoffs
wildcats-vs-marlins-2,Playoffs 2022,2022-03-30,Marlins,https://ormrhl.com/wp-content/uploads/2021/11/marlins_logo-128x128.png,#1E8A8A,Duncan Stalker,duncan-stalker,Defence,0,0,0,0,0,2021-2022,playoffs
wildcats-vs-marlins-2,Playoffs 2022,2022-03-30,Marlins,https://ormrhl.com/wp-content/uploads/2021/11/marlins_logo-128x128.png,#1E8A8A,Harrison Kane,harrison-kane,Defence,0,0,0,1,0,2021-2022,playoffs
wildcats-vs-marlins-2,Playoffs 2022,2022-03-30,Marlins,https://ormrhl.com/wp-content/uploads/2021/11/marlins_logo-128x128.png,#1E8A8A,Jackson Morgis,jackson-morgis,Goaltender,0,1,1,0,0,2021-2022,playoffs
wildcats-vs-marlins-2,Playoffs 2022,2022-03-30,Marlins,https://ormrhl.com/wp-content/uploads/2021/11/marlins_logo-128x128.png,#1E8A8A,Jeff Connor,jeff-connor,Forward,3,2,5,0,0,2021-2022,playoffs
wildcats-vs-marlins-2,Playoffs 2022,2022-03-30,Marlins,https://ormrhl.com/wp-content/uploads/2021/11/marlins_logo-128x128.png,#1E8A8A,Jeremy Grey,jeremy-grey,Defence,0,0,0,0,0,2021-2022,playoffs
wildcats-vs-marlins-2,Playoffs 2022,2022-03-30,Marlins,https://ormrhl.com/wp-content/uploads/2021/11/marlins_logo-128x128.png,#1E8A8A,Mack Charron,mack-charron,Forward,2,3,5,0,0,2021-2022,playoffs
wildcats-vs-marlins-2,Playoffs 2022,2022-03-30,Marlins,https://ormrhl.com/wp-content/uploads/2021/11/marlins_logo-128x128.png,#1E8A8A,Mark Sceeles,mark-sceeles,Defence,0,0,0,0,0,2021-2022,playoffs
wildcats-vs-marlins-2,Playoffs 2022,2022-03-30,Marlins,https://ormrhl.com/wp-content/uploads/2021/11/marlins_logo-128x128.png,#1E8A8A,Michael Montesanti,michael-montesanti,Forward,0,0,0,0,0,2021-2022,playoffs
wildcats-vs-marlins-2,Playoffs 2022,2022-03-30,Marlins,https://ormrhl.com/wp-content/uploads/2021/11/marlins_logo-128x128.png,#1E8A8A,Scott Browne,scott-browne,Forward,0,2,2,0,0,2021-2022,playoffs
wildcats-vs-marlins-2,Playoffs 2022,2022-03-30,Marlins,https://ormrhl.com/wp-content/uploads/2021/11/marlins_logo-128x128.png,#1E8A8A,Thomas Grant,thomas-grant,Defence,3,3,6,0,0,2021-2022,playoffs
wildcats-vs-marlins-2,Playoffs 2022,2022-03-30,Marlins,https://ormrhl.com/wp-content/uploads/2021/11/marlins_logo-128x128.png,#1E8A8A,Todd Wheeler,todd-wheeler,Forward,0,2,2,0,0,2021-2022,playoffs
wildcats-vs-marlins-2,Playoffs 2022,2022-03-30,Marlins,https://ormrhl.com/wp-content/uploads/2021/11/marlins_logo-128x128.png,#1E8A8A,Tyler Kozak,tyler-kozak,Defence,1,1,2,0,0,2021-2022,playoffs
wildcats-vs-marlins-2,Playoffs 2022,2022-03-30,Wildcats,https://ormrhl.com/wp-content/uploads/2021/11/wildcats_logo-128x128.png,#D97B29,Ben Wilton,ben-wilton,Defence,1,1,2,0,0,2021-2022,playoffs
wildcats-vs-marlins-2,Playoffs 2022,2022-03-30,Wildcats,https://ormrhl.com/wp-content/uploads/2021/11/wildcats_logo-128x128.png,#D97B29,Brian Hatton,brian-hatton,Goaltender,0,0,0,0,0,2021-2022,playoffs
wildcats-vs-marlins-2,Playoffs 2022,2022-03-30,Wildcats,https://ormrhl.com/wp-content/uploads/2021/11/wildcats_logo-128x128.png,#D97B29,Dan Richards,dan-richards,Forward,0,2,2,0,0,2021-2022,playoffs
wildcats-vs-marlins-2,Playoffs 2022,2022-03-30,Wildcats,https://ormrhl.com/wp-content/uploads/2021/11/wildcats_logo-128x128.png,#D97B29,Greg Sipprell,greg-sipprell2,Forward,0,0,0,0,0,2021-2022,playoffs
wildcats-vs-marlins-2,Playoffs 2022,2022-03-30,Wildcats,https://ormrhl.com/wp-content/uploads/2021/11/wildcats_logo-128x128.png,#D97B29,Jaro Verchkovski,jaro-verchkovski,Forward,1,0,1,0,0,2021-2022,playoffs
wildcats-vs-marlins-2,Playoffs 2022,2022-03-30,Wildcats,https://ormrhl.com/wp-content/uploads/2021/11/wildcats_logo-128x128.png,#D97B29,Lucas Kleine,lucas-kleine,Forward,0,1,1,0,0,2021-2022,playoffs
wildcats-vs-marlins-2,Playoffs 2022,2022-03-30,Wildcats,https://ormrhl.com/wp-content/uploads/2021/11/wildcats_logo-128x128.png,#D97B29,Pat Parent,pat-parent,Defence,0,1,1,0,0,2021-2022,playoffs
wildcats-vs-marlins-2,Playoffs 2022,2022-03-30,Wildcats,https://ormrhl.com/wp-content/uploads/2021/11/wildcats_logo-128x128.png,#D97B29,Rob Kleine,rob-kleine,Forward,0,0,0,0,0,2021-2022,playoffs
wildcats-vs-marlins-2,Playoffs 2022,2022-03-30,Wildcats,https://ormrhl.com/wp-content/uploads/2021/11/wildcats_logo-128x128.png,#D97B29,Ryan Smith,ryan-smith-og,Forward,3,0,3,0,0,2021-2022,playoffs
wildcats-vs-marlins-2,Playoffs 2022,2022-03-30,Wildcats,https://ormrhl.com/wp-content/uploads/2021/11/wildcats_logo-128x128.png,#D97B29,Serge Lossev,serge-lossev,Forward,0,1,1,0,0,2021-2022,playoffs
wildcats-vs-marlins-2,Playoffs 2022,2022-03-30,Wildcats,https://ormrhl.com/wp-content/uploads/2021/11/wildcats_logo-128x128.png,#D97B29,Victor Verchkovski,victor-verchkovski,Forward,0,2,2,0,0,2021-2022,playoffs
1133,Playoffs 2022,2022-04-04,Marlins,https://ormrhl.com/wp-content/uploads/2021/11/marlins_logo-128x128.png,#1E8A8A,Doug Grant,doug-grant,Forward,0,0,0,0,0,2021-2022,playoffs
1133,Playoffs 2022,2022-04-04,Marlins,https://ormrhl.com/wp-content/uploads/2021/11/marlins_logo-128x128.png,#1E8A8A,Duncan Stalker,duncan-stalker,Defence,0,0,0,0,0,2021-2022,playoffs
1133,Playoffs 2022,2022-04-04,Marlins,https://ormrhl.com/wp-content/uploads/2021/11/marlins_logo-128x128.png,#1E8A8A,Harrison Kane,harrison-kane,Defence,0,1,1,0,0,2021-2022,playoffs
1133,Playoffs 2022,2022-04-04,Marlins,https://ormrhl.com/wp-content/uploads/2021/11/marlins_logo-128x128.png,#1E8A8A,Jeff Connor,jeff-connor,Forward,0,0,0,1,0,2021-2022,playoffs
1133,Playoffs 2022,2022-04-04,Marlins,https://ormrhl.com/wp-content/uploads/2021/11/marlins_logo-128x128.png,#1E8A8A,Jeremy Grey,jeremy-grey,Defence,0,0,0,0,0,2021-2022,playoffs
1133,Playoffs 2022,2022-04-04,Marlins,https://ormrhl.com/wp-content/uploads/2021/11/marlins_logo-128x128.png,#1E8A8A,Mack Charron,mack-charron,Forward,1,0,1,1,0,2021-2022,playoffs
1133,Playoffs 2022,2022-04-04,Marlins,https://ormrhl.com/wp-content/uploads/2021/11/marlins_logo-128x128.png,#1E8A8A,Michael Montesanti,michael-montesanti,Forward,0,1,1,0,0,2021-2022,playoffs
1133,Playoffs 2022,2022-04-04,Marlins,https://ormrhl.com/wp-content/uploads/2021/11/marlins_logo-128x128.png,#1E8A8A,Thomas Grant,thomas-grant,Defence,0,0,0,0,0,2021-2022,playoffs
1133,Playoffs 2022,2022-04-04,Marlins,https://ormrhl.com/wp-content/uploads/2021/11/marlins_logo-128x128.png,#1E8A8A,Todd Wheeler,todd-wheeler,Forward,0,0,0,0,0,2021-2022,playoffs
1133,Playoffs 2022,2022-04-04,Marlins,https://ormrhl.com/wp-content/uploads/2021/11/marlins_logo-128x128.png,#1E8A8A,Tyler Kozak,tyler-kozak,Defence,0,0,0,0,0,2021-2022,playoffs
1133,Playoffs 2022,2022-04-04,Rhinos,https://ormrhl.com/wp-content/uploads/2021/11/Rhinos_logo-128x128.png,#6B6F76,Adam Klein,adam-klein,Forward,0,2,2,0,0,2021-2022,playoffs
1133,Playoffs 2022,2022-04-04,Rhinos,https://ormrhl.com/wp-content/uploads/2021/11/Rhinos_logo-128x128.png,#6B6F76,Anthony Ventrella,anthony-ventrella,Forward,0,1,1,0,0,2021-2022,playoffs
1133,Playoffs 2022,2022-04-04,Rhinos,https://ormrhl.com/wp-content/uploads/2021/11/Rhinos_logo-128x128.png,#6B6F76,Daniel De Angelis,daniel-de-angelis,Defence,1,2,3,0,0,2021-2022,playoffs
1133,Playoffs 2022,2022-04-04,Rhinos,https://ormrhl.com/wp-content/uploads/2021/11/Rhinos_logo-128x128.png,#6B6F76,Jeff Goodman,jeff-goodman,Goaltender,0,0,0,0,0,2021-2022,playoffs
1133,Playoffs 2022,2022-04-04,Rhinos,https://ormrhl.com/wp-content/uploads/2021/11/Rhinos_logo-128x128.png,#6B6F76,Josh Machesney,josh-machesney,Forward,1,1,2,0,0,2021-2022,playoffs
1133,Playoffs 2022,2022-04-04,Rhinos,https://ormrhl.com/wp-content/uploads/2021/11/Rhinos_logo-128x128.png,#6B6F76,Mike Clements,mike-clements,Defence,1,0,1,1,0,2021-2022,playoffs
1133,Playoffs 2022,2022-04-04,Rhinos,https://ormrhl.com/wp-content/uploads/2021/11/Rhinos_logo-128x128.png,#6B6F76,Neil DeCantis,neil-decantis,Forward,0,1,1,0,0,2021-2022,playoffs
1133,Playoffs 2022,2022-04-04,Rhinos,https://ormrhl.com/wp-content/uploads/2021/11/Rhinos_logo-128x128.png,#6B6F76,Robin Harrison,robin-harrison,Defence,0,0,0,2,0,2021-2022,playoffs
1133,Playoffs 2022,2022-04-04,Rhinos,https://ormrhl.com/wp-content/uploads/2021/11/Rhinos_logo-128x128.png,#6B6F76,Tom Coukos,tom-coukos,Forward,3,0,3,0,0,2021-2022,playoffs
1134,Playoffs 2022,2022-04-04,Falcons,https://ormrhl.com/wp-content/uploads/2021/11/falcons_icon-128x128.png,#233A6B,Dale Bishop,dale-bishop,Defence,0,2,2,0,0,2021-2022,playoffs
1134,Playoffs 2022,2022-04-04,Falcons,https://ormrhl.com/wp-content/uploads/2021/11/falcons_icon-128x128.png,#233A6B,Daniel Bishev,daniel-bishev,Forward,2,3,5,0,0,2021-2022,playoffs
1134,Playoffs 2022,2022-04-04,Falcons,https://ormrhl.com/wp-content/uploads/2021/11/falcons_icon-128x128.png,#233A6B,Derek Marsham,derek-marsham,Forward,2,0,2,0,0,2021-2022,playoffs
1134,Playoffs 2022,2022-04-04,Falcons,https://ormrhl.com/wp-content/uploads/2021/11/falcons_icon-128x128.png,#233A6B,Kari Paivio,kari-paivio,Forward,0,2,2,0,0,2021-2022,playoffs
1134,Playoffs 2022,2022-04-04,Falcons,https://ormrhl.com/wp-content/uploads/2021/11/falcons_icon-128x128.png,#233A6B,Leo Napolitano,leo-napolitano,Defence,0,0,0,0,0,2021-2022,playoffs
1134,Playoffs 2022,2022-04-04,Falcons,https://ormrhl.com/wp-content/uploads/2021/11/falcons_icon-128x128.png,#233A6B,Marco Dileo,marco-dileo,Forward,1,1,2,1,0,2021-2022,playoffs
1134,Playoffs 2022,2022-04-04,Falcons,https://ormrhl.com/wp-content/uploads/2021/11/falcons_icon-128x128.png,#233A6B,Nathan Loach,nathan-loach,Defence,0,2,2,0,0,2021-2022,playoffs
1134,Playoffs 2022,2022-04-04,Falcons,https://ormrhl.com/wp-content/uploads/2021/11/falcons_icon-128x128.png,#233A6B,Robbie Spencer,robbie-spencer,Forward,1,0,1,0,0,2021-2022,playoffs
1134,Playoffs 2022,2022-04-04,Falcons,https://ormrhl.com/wp-content/uploads/2021/11/falcons_icon-128x128.png,#233A6B,Rocco Malfara,rocco-malfara,Defence,2,2,4,0,0,2021-2022,playoffs
1134,Playoffs 2022,2022-04-04,Falcons,https://ormrhl.com/wp-content/uploads/2021/11/falcons_icon-128x128.png,#233A6B,Ryan Doggart,ryan-doggart,Forward,0,1,1,0,0,2021-2022,playoffs
1134,Playoffs 2022,2022-04-04,Falcons,https://ormrhl.com/wp-content/uploads/2021/11/falcons_icon-128x128.png,#233A6B,Trystan Lebrun,trystan-lebrun,Goaltender,0,0,0,0,0,2021-2022,playoffs
1134,Playoffs 2022,2022-04-04,Wildcats,https://ormrhl.com/wp-content/uploads/2021/11/wildcats_logo-128x128.png,#D97B29,Ben Wilton,ben-wilton,Defence,1,0,1,0,0,2021-2022,playoffs
1134,Playoffs 2022,2022-04-04,Wildcats,https://ormrhl.com/wp-content/uploads/2021/11/wildcats_logo-128x128.png,#D97B29,Brian Hatton,brian-hatton,Goaltender,0,0,0,0,0,2021-2022,playoffs
1134,Playoffs 2022,2022-04-04,Wildcats,https://ormrhl.com/wp-content/uploads/2021/11/wildcats_logo-128x128.png,#D97B29,Dan Richards,dan-richards,Forward,0,1,1,0,0,2021-2022,playoffs
1134,Playoffs 2022,2022-04-04,Wildcats,https://ormrhl.com/wp-content/uploads/2021/11/wildcats_logo-128x128.png,#D97B29,Greg Sipprell,greg-sipprell2,Forward,0,0,0,1,0,2021-2022,playoffs
1134,Playoffs 2022,2022-04-04,Wildcats,https://ormrhl.com/wp-content/uploads/2021/11/wildcats_logo-128x128.png,#D97B29,Jaro Verchkovski,jaro-verchkovski,Forward,0,0,0,0,0,2021-2022,playoffs
1134,Playoffs 2022,2022-04-04,Wildcats,https://ormrhl.com/wp-content/uploads/2021/11/wildcats_logo-128x128.png,#D97B29,Lucas Kleine,lucas-kleine,Forward,0,0,0,0,0,2021-2022,playoffs
1134,Playoffs 2022,2022-04-04,Wildcats,https://ormrhl.com/wp-content/uploads/2021/11/wildcats_logo-128x128.png,#D97B29,Pat Parent,pat-parent,Defence,0,0,0,1,0,2021-2022,playoffs
1134,Playoffs 2022,2022-04-04,Wildcats,https://ormrhl.com/wp-content/uploads/2021/11/wildcats_logo-128x128.png,#D97B29,Paul Wolanski,paul-wolanski,Defence,0,0,0,1,0,2021-2022,playoffs
1134,Playoffs 2022,2022-04-04,Wildcats,https://ormrhl.com/wp-content/uploads/2021/11/wildcats_logo-128x128.png,#D97B29,Rob Kleine,rob-kleine,Forward,0,0,0,0,0,2021-2022,playoffs
1134,Playoffs 2022,2022-04-04,Wildcats,https://ormrhl.com/wp-content/uploads/2021/11/wildcats_logo-128x128.png,#D97B29,Victor Verchkovski,victor-verchkovski,Forward,0,0,0,0,0,2021-2022,playoffs
1135,Playoffs 2022,2022-04-04,Cobras,https://ormrhl.com/wp-content/uploads/2021/11/Cobras_Logo-128x128.png,#2B8C5C,Adrian Iudiciani,adrian-iudiciani,Forward,0,1,1,0,0,2021-2022,playoffs
1135,Playoffs 2022,2022-04-04,Cobras,https://ormrhl.com/wp-content/uploads/2021/11/Cobras_Logo-128x128.png,#2B8C5C,Brandon De Assuncao,brandon-de-assuncao,Forward,0,0,0,0,0,2021-2022,playoffs
1135,Playoffs 2022,2022-04-04,Cobras,https://ormrhl.com/wp-content/uploads/2021/11/Cobras_Logo-128x128.png,#2B8C5C,Drew Grasse,drew-grasse,Forward,1,0,1,0,0,2021-2022,playoffs
1135,Playoffs 2022,2022-04-04,Cobras,https://ormrhl.com/wp-content/uploads/2021/11/Cobras_Logo-128x128.png,#2B8C5C,James Mitchell,james-mitchell,Forward,1,0,1,0,0,2021-2022,playoffs
1135,Playoffs 2022,2022-04-04,Cobras,https://ormrhl.com/wp-content/uploads/2021/11/Cobras_Logo-128x128.png,#2B8C5C,John Ventrella,john-ventrella,Forward,0,0,0,0,0,2021-2022,playoffs
1135,Playoffs 2022,2022-04-04,Cobras,https://ormrhl.com/wp-content/uploads/2021/11/Cobras_Logo-128x128.png,#2B8C5C,Justin Pappianni,justin-papaianni,Forward,0,0,0,0,0,2021-2022,playoffs
1135,Playoffs 2022,2022-04-04,Cobras,https://ormrhl.com/wp-content/uploads/2021/11/Cobras_Logo-128x128.png,#2B8C5C,Mark Mitchell,mark-mitchell,Defence,0,0,0,1,0,2021-2022,playoffs
1135,Playoffs 2022,2022-04-04,Cobras,https://ormrhl.com/wp-content/uploads/2021/11/Cobras_Logo-128x128.png,#2B8C5C,PJ Harrison,pj-harrison,Goaltender,0,0,0,0,0,2021-2022,playoffs
1135,Playoffs 2022,2022-04-04,Cobras,https://ormrhl.com/wp-content/uploads/2021/11/Cobras_Logo-128x128.png,#2B8C5C,Rob Iudiciani,rob-iudiciani,Defence,0,0,0,0,0,2021-2022,playoffs
1135,Playoffs 2022,2022-04-04,Cobras,https://ormrhl.com/wp-content/uploads/2021/11/Cobras_Logo-128x128.png,#2B8C5C,Steve Souphanthong,steve-souphanthong,Forward,0,0,0,0,0,2021-2022,playoffs
1135,Playoffs 2022,2022-04-04,Cobras,https://ormrhl.com/wp-content/uploads/2021/11/Cobras_Logo-128x128.png,#2B8C5C,Tyler Doyle,tyler-doyle,Forward,0,0,0,1,0,2021-2022,playoffs
1135,Playoffs 2022,2022-04-04,Eagles,https://ormrhl.com/wp-content/uploads/2021/11/Eagles_logo-128x128.png,#A31E2E,Alex Disera,alex-disera,Forward,0,0,0,0,0,2021-2022,playoffs
1135,Playoffs 2022,2022-04-04,Eagles,https://ormrhl.com/wp-content/uploads/2021/11/Eagles_logo-128x128.png,#A31E2E,Anthony Loduca,anthony-loduca,Forward,0,0,0,0,0,2021-2022,playoffs
1135,Playoffs 2022,2022-04-04,Eagles,https://ormrhl.com/wp-content/uploads/2021/11/Eagles_logo-128x128.png,#A31E2E,Darren Desrosiers,darren-desrosiers,Forward,2,0,2,0,0,2021-2022,playoffs
1135,Playoffs 2022,2022-04-04,Eagles,https://ormrhl.com/wp-content/uploads/2021/11/Eagles_logo-128x128.png,#A31E2E,David Kane,david-kane,Forward,0,0,0,0,0,2021-2022,playoffs
1135,Playoffs 2022,2022-04-04,Eagles,https://ormrhl.com/wp-content/uploads/2021/11/Eagles_logo-128x128.png,#A31E2E,Hugh Smylie,hugh-smylie,Defence,0,0,0,0,0,2021-2022,playoffs
1135,Playoffs 2022,2022-04-04,Eagles,https://ormrhl.com/wp-content/uploads/2021/11/Eagles_logo-128x128.png,#A31E2E,James Counter,james-counter,Forward,1,1,2,1,0,2021-2022,playoffs
1135,Playoffs 2022,2022-04-04,Eagles,https://ormrhl.com/wp-content/uploads/2021/11/Eagles_logo-128x128.png,#A31E2E,Jeff Mitchell,jeff-mitchell,Defence,0,0,0,1,0,2021-2022,playoffs
1135,Playoffs 2022,2022-04-04,Eagles,https://ormrhl.com/wp-content/uploads/2021/11/Eagles_logo-128x128.png,#A31E2E,Joey Leger,joey-leger,Forward,0,1,1,1,0,2021-2022,playoffs
1135,Playoffs 2022,2022-04-04,Eagles,https://ormrhl.com/wp-content/uploads/2021/11/Eagles_logo-128x128.png,#A31E2E,Jordan Bodimeade,jordan-bodimeade,Forward,0,0,0,0,0,2021-2022,playoffs
1135,Playoffs 2022,2022-04-04,Eagles,https://ormrhl.com/wp-content/uploads/2021/11/Eagles_logo-128x128.png,#A31E2E,Kevin Hinton,kevin-hinton,Forward,0,0,0,0,0,2021-2022,playoffs
1135,Playoffs 2022,2022-04-04,Eagles,https://ormrhl.com/wp-content/uploads/2021/11/Eagles_logo-128x128.png,#A31E2E,Larry Laughlin,larry-laughlin,Forward,0,0,0,0,0,2021-2022,playoffs
1135,Playoffs 2022,2022-04-04,Eagles,https://ormrhl.com/wp-content/uploads/2021/11/Eagles_logo-128x128.png,#A31E2E,Mario Carriero,mario-carriero,Goaltender,0,0,0,0,0,2021-2022,playoffs
1135,Playoffs 2022,2022-04-04,Eagles,https://ormrhl.com/wp-content/uploads/2021/11/Eagles_logo-128x128.png,#A31E2E,Mario Mazzucco,mario-mazzucco,Forward,0,0,0,0,0,2021-2022,playoffs
1135,Playoffs 2022,2022-04-04,Eagles,https://ormrhl.com/wp-content/uploads/2021/11/Eagles_logo-128x128.png,#A31E2E,Scott Sutton,scott-sutton,Defence,0,1,1,1,0,2021-2022,playoffs
falcons-vs-eagles-3,Playoffs 2022,2022-04-06,Eagles,https://ormrhl.com/wp-content/uploads/2021/11/Eagles_logo-128x128.png,#A31E2E,Alex Disera,alex-disera,Forward,0,0,0,0,0,2021-2022,playoffs
falcons-vs-eagles-3,Playoffs 2022,2022-04-06,Eagles,https://ormrhl.com/wp-content/uploads/2021/11/Eagles_logo-128x128.png,#A31E2E,Anthony Loduca,anthony-loduca,Forward,0,0,0,0,0,2021-2022,playoffs
falcons-vs-eagles-3,Playoffs 2022,2022-04-06,Eagles,https://ormrhl.com/wp-content/uploads/2021/11/Eagles_logo-128x128.png,#A31E2E,Darren Desrosiers,darren-desrosiers,Forward,0,2,2,0,0,2021-2022,playoffs
falcons-vs-eagles-3,Playoffs 2022,2022-04-06,Eagles,https://ormrhl.com/wp-content/uploads/2021/11/Eagles_logo-128x128.png,#A31E2E,David Kane,david-kane,Forward,0,0,0,0,0,2021-2022,playoffs
falcons-vs-eagles-3,Playoffs 2022,2022-04-06,Eagles,https://ormrhl.com/wp-content/uploads/2021/11/Eagles_logo-128x128.png,#A31E2E,Hugh Smylie,hugh-smylie,Defence,1,1,2,0,0,2021-2022,playoffs
falcons-vs-eagles-3,Playoffs 2022,2022-04-06,Eagles,https://ormrhl.com/wp-content/uploads/2021/11/Eagles_logo-128x128.png,#A31E2E,Jeff Mitchell,jeff-mitchell,Defence,0,0,0,0,0,2021-2022,playoffs
falcons-vs-eagles-3,Playoffs 2022,2022-04-06,Eagles,https://ormrhl.com/wp-content/uploads/2021/11/Eagles_logo-128x128.png,#A31E2E,Joey Leger,joey-leger,Forward,0,0,0,1,0,2021-2022,playoffs
falcons-vs-eagles-3,Playoffs 2022,2022-04-06,Eagles,https://ormrhl.com/wp-content/uploads/2021/11/Eagles_logo-128x128.png,#A31E2E,Jordan Bodimeade,jordan-bodimeade,Forward,0,0,0,1,0,2021-2022,playoffs
falcons-vs-eagles-3,Playoffs 2022,2022-04-06,Eagles,https://ormrhl.com/wp-content/uploads/2021/11/Eagles_logo-128x128.png,#A31E2E,Kevin Hinton,kevin-hinton,Forward,0,0,0,0,0,2021-2022,playoffs
falcons-vs-eagles-3,Playoffs 2022,2022-04-06,Eagles,https://ormrhl.com/wp-content/uploads/2021/11/Eagles_logo-128x128.png,#A31E2E,Larry Laughlin,larry-laughlin,Forward,1,0,1,0,0,2021-2022,playoffs
falcons-vs-eagles-3,Playoffs 2022,2022-04-06,Eagles,https://ormrhl.com/wp-content/uploads/2021/11/Eagles_logo-128x128.png,#A31E2E,Lucas Ackerman,lucas-ackerman,Forward,1,0,1,0,0,2021-2022,playoffs
falcons-vs-eagles-3,Playoffs 2022,2022-04-06,Eagles,https://ormrhl.com/wp-content/uploads/2021/11/Eagles_logo-128x128.png,#A31E2E,Mario Carriero,mario-carriero,Goaltender,0,0,0,0,0,2021-2022,playoffs
falcons-vs-eagles-3,Playoffs 2022,2022-04-06,Eagles,https://ormrhl.com/wp-content/uploads/2021/11/Eagles_logo-128x128.png,#A31E2E,Mario Mazzucco,mario-mazzucco,Forward,0,0,0,1,0,2021-2022,playoffs
falcons-vs-eagles-3,Playoffs 2022,2022-04-06,Eagles,https://ormrhl.com/wp-content/uploads/2021/11/Eagles_logo-128x128.png,#A31E2E,Scott Sutton,scott-sutton,Defence,0,0,0,0,0,2021-2022,playoffs
falcons-vs-eagles-3,Playoffs 2022,2022-04-06,Rhinos,https://ormrhl.com/wp-content/uploads/2021/11/Rhinos_logo-128x128.png,#6B6F76,Anthony Ventrella,anthony-ventrella,Forward,1,1,2,0,0,2021-2022,playoffs
falcons-vs-eagles-3,Playoffs 2022,2022-04-06,Rhinos,https://ormrhl.com/wp-content/uploads/2021/11/Rhinos_logo-128x128.png,#6B6F76,Daniel De Angelis,daniel-de-angelis,Defence,0,1,1,1,0,2021-2022,playoffs
falcons-vs-eagles-3,Playoffs 2022,2022-04-06,Rhinos,https://ormrhl.com/wp-content/uploads/2021/11/Rhinos_logo-128x128.png,#6B6F76,Gianluca Santocono,gianluca-santocono,Defence,1,0,1,0,0,2021-2022,playoffs
falcons-vs-eagles-3,Playoffs 2022,2022-04-06,Rhinos,https://ormrhl.com/wp-content/uploads/2021/11/Rhinos_logo-128x128.png,#6B6F76,Jeff Goodman,jeff-goodman,Goaltender,0,0,0,0,0,2021-2022,playoffs
falcons-vs-eagles-3,Playoffs 2022,2022-04-06,Rhinos,https://ormrhl.com/wp-content/uploads/2021/11/Rhinos_logo-128x128.png,#6B6F76,Josh Machesney,josh-machesney,Forward,3,1,4,0,0,2021-2022,playoffs
falcons-vs-eagles-3,Playoffs 2022,2022-04-06,Rhinos,https://ormrhl.com/wp-content/uploads/2021/11/Rhinos_logo-128x128.png,#6B6F76,Mike Clements,mike-clements,Defence,0,1,1,0,0,2021-2022,playoffs
falcons-vs-eagles-3,Playoffs 2022,2022-04-06,Rhinos,https://ormrhl.com/wp-content/uploads/2021/11/Rhinos_logo-128x128.png,#6B6F76,Neil DeCantis,neil-decantis,Forward,1,3,4,0,0,2021-2022,playoffs
falcons-vs-eagles-3,Playoffs 2022,2022-04-06,Rhinos,https://ormrhl.com/wp-content/uploads/2021/11/Rhinos_logo-128x128.png,#6B6F76,Robin Harrison,robin-harrison,Defence,0,0,0,0,0,2021-2022,playoffs
marlins-vs-falcons,Playoffs 2022,2022-04-06,Falcons,https://ormrhl.com/wp-content/uploads/2021/11/falcons_icon-128x128.png,#233A6B,Dale Bishop,dale-bishop,Defence,0,0,0,0,0,2021-2022,playoffs
marlins-vs-falcons,Playoffs 2022,2022-04-06,Falcons,https://ormrhl.com/wp-content/uploads/2021/11/falcons_icon-128x128.png,#233A6B,Daniel Bishev,daniel-bishev,Forward,0,0,0,0,0,2021-2022,playoffs
marlins-vs-falcons,Playoffs 2022,2022-04-06,Falcons,https://ormrhl.com/wp-content/uploads/2021/11/falcons_icon-128x128.png,#233A6B,Derek Marsham,derek-marsham,Forward,0,0,0,0,0,2021-2022,playoffs
marlins-vs-falcons,Playoffs 2022,2022-04-06,Falcons,https://ormrhl.com/wp-content/uploads/2021/11/falcons_icon-128x128.png,#233A6B,Jason Todd,jason-todd,Defence,0,2,2,0,0,2021-2022,playoffs
marlins-vs-falcons,Playoffs 2022,2022-04-06,Falcons,https://ormrhl.com/wp-content/uploads/2021/11/falcons_icon-128x128.png,#233A6B,Kari Paivio,kari-paivio,Forward,1,1,2,0,0,2021-2022,playoffs
marlins-vs-falcons,Playoffs 2022,2022-04-06,Falcons,https://ormrhl.com/wp-content/uploads/2021/11/falcons_icon-128x128.png,#233A6B,Leo Napolitano,leo-napolitano,Defence,0,0,0,0,0,2021-2022,playoffs
marlins-vs-falcons,Playoffs 2022,2022-04-06,Falcons,https://ormrhl.com/wp-content/uploads/2021/11/falcons_icon-128x128.png,#233A6B,Marco Dileo,marco-dileo,Forward,0,0,0,0,0,2021-2022,playoffs
marlins-vs-falcons,Playoffs 2022,2022-04-06,Falcons,https://ormrhl.com/wp-content/uploads/2021/11/falcons_icon-128x128.png,#233A6B,Robbie Spencer,robbie-spencer,Forward,1,0,1,0,0,2021-2022,playoffs
marlins-vs-falcons,Playoffs 2022,2022-04-06,Falcons,https://ormrhl.com/wp-content/uploads/2021/11/falcons_icon-128x128.png,#233A6B,Rocco Malfara,rocco-malfara,Defence,0,0,0,0,0,2021-2022,playoffs
marlins-vs-falcons,Playoffs 2022,2022-04-06,Falcons,https://ormrhl.com/wp-content/uploads/2021/11/falcons_icon-128x128.png,#233A6B,Trystan Lebrun,trystan-lebrun,Goaltender,0,0,0,0,0,2021-2022,playoffs
marlins-vs-falcons,Playoffs 2022,2022-04-06,Marlins,https://ormrhl.com/wp-content/uploads/2021/11/marlins_logo-128x128.png,#1E8A8A,Doug Grant,doug-grant,Forward,0,0,0,0,0,2021-2022,playoffs
marlins-vs-falcons,Playoffs 2022,2022-04-06,Marlins,https://ormrhl.com/wp-content/uploads/2021/11/marlins_logo-128x128.png,#1E8A8A,Duncan Stalker,duncan-stalker,Defence,0,0,0,0,0,2021-2022,playoffs
marlins-vs-falcons,Playoffs 2022,2022-04-06,Marlins,https://ormrhl.com/wp-content/uploads/2021/11/marlins_logo-128x128.png,#1E8A8A,Harrison Kane,harrison-kane,Defence,0,1,1,0,0,2021-2022,playoffs
marlins-vs-falcons,Playoffs 2022,2022-04-06,Marlins,https://ormrhl.com/wp-content/uploads/2021/11/marlins_logo-128x128.png,#1E8A8A,Jeff Connor,jeff-connor,Forward,2,2,4,0,0,2021-2022,playoffs
marlins-vs-falcons,Playoffs 2022,2022-04-06,Marlins,https://ormrhl.com/wp-content/uploads/2021/11/marlins_logo-128x128.png,#1E8A8A,Jeremy Grey,jeremy-grey,Defence,1,3,4,0,0,2021-2022,playoffs
marlins-vs-falcons,Playoffs 2022,2022-04-06,Marlins,https://ormrhl.com/wp-content/uploads/2021/11/marlins_logo-128x128.png,#1E8A8A,Mack Charron,mack-charron,Forward,3,2,5,0,0,2021-2022,playoffs
marlins-vs-falcons,Playoffs 2022,2022-04-06,Marlins,https://ormrhl.com/wp-content/uploads/2021/11/marlins_logo-128x128.png,#1E8A8A,Michael Montesanti,michael-montesanti,Forward,0,0,0,0,0,2021-2022,playoffs
marlins-vs-falcons,Playoffs 2022,2022-04-06,Marlins,https://ormrhl.com/wp-content/uploads/2021/11/marlins_logo-128x128.png,#1E8A8A,Scott Browne,scott-browne,Forward,1,0,1,1,0,2021-2022,playoffs
marlins-vs-falcons,Playoffs 2022,2022-04-06,Marlins,https://ormrhl.com/wp-content/uploads/2021/11/marlins_logo-128x128.png,#1E8A8A,Todd Wheeler,todd-wheeler,Forward,0,1,1,0,0,2021-2022,playoffs
marlins-vs-falcons,Playoffs 2022,2022-04-06,Marlins,https://ormrhl.com/wp-content/uploads/2021/11/marlins_logo-128x128.png,#1E8A8A,Tyler Kozak,tyler-kozak,Defence,0,0,0,1,0,2021-2022,playoffs
rhinos-vs-cobras-3,Playoffs 2022,2022-04-06,Cobras,https://ormrhl.com/wp-content/uploads/2021/11/Cobras_Logo-128x128.png,#2B8C5C,Adrian Iudiciani,adrian-iudiciani,Forward,2,0,2,0,0,2021-2022,playoffs
rhinos-vs-cobras-3,Playoffs 2022,2022-04-06,Cobras,https://ormrhl.com/wp-content/uploads/2021/11/Cobras_Logo-128x128.png,#2B8C5C,Brandon De Assuncao,brandon-de-assuncao,Forward,0,0,0,0,0,2021-2022,playoffs
rhinos-vs-cobras-3,Playoffs 2022,2022-04-06,Cobras,https://ormrhl.com/wp-content/uploads/2021/11/Cobras_Logo-128x128.png,#2B8C5C,Drew Grasse,drew-grasse,Forward,1,0,1,0,0,2021-2022,playoffs
rhinos-vs-cobras-3,Playoffs 2022,2022-04-06,Cobras,https://ormrhl.com/wp-content/uploads/2021/11/Cobras_Logo-128x128.png,#2B8C5C,James Mitchell,james-mitchell,Forward,0,0,0,1,0,2021-2022,playoffs
rhinos-vs-cobras-3,Playoffs 2022,2022-04-06,Cobras,https://ormrhl.com/wp-content/uploads/2021/11/Cobras_Logo-128x128.png,#2B8C5C,John Ventrella,john-ventrella,Forward,0,0,0,0,0,2021-2022,playoffs
rhinos-vs-cobras-3,Playoffs 2022,2022-04-06,Cobras,https://ormrhl.com/wp-content/uploads/2021/11/Cobras_Logo-128x128.png,#2B8C5C,Justin Pappianni,justin-papaianni,Forward,0,2,2,0,0,2021-2022,playoffs
rhinos-vs-cobras-3,Playoffs 2022,2022-04-06,Cobras,https://ormrhl.com/wp-content/uploads/2021/11/Cobras_Logo-128x128.png,#2B8C5C,Mark Mitchell,mark-mitchell,Defence,0,2,2,0,0,2021-2022,playoffs
rhinos-vs-cobras-3,Playoffs 2022,2022-04-06,Cobras,https://ormrhl.com/wp-content/uploads/2021/11/Cobras_Logo-128x128.png,#2B8C5C,PJ Harrison,pj-harrison,Goaltender,0,0,0,0,0,2021-2022,playoffs
rhinos-vs-cobras-3,Playoffs 2022,2022-04-06,Cobras,https://ormrhl.com/wp-content/uploads/2021/11/Cobras_Logo-128x128.png,#2B8C5C,Rob Iudiciani,rob-iudiciani,Defence,1,1,2,0,0,2021-2022,playoffs
rhinos-vs-cobras-3,Playoffs 2022,2022-04-06,Cobras,https://ormrhl.com/wp-content/uploads/2021/11/Cobras_Logo-128x128.png,#2B8C5C,Steve Souphanthong,steve-souphanthong,Forward,0,2,2,0,0,2021-2022,playoffs
rhinos-vs-cobras-3,Playoffs 2022,2022-04-06,Wildcats,https://ormrhl.com/wp-content/uploads/2021/11/wildcats_logo-128x128.png,#D97B29,Alex Kane,alex-kane,Defence,0,0,0,1,0,2021-2022,playoffs
rhinos-vs-cobras-3,Playoffs 2022,2022-04-06,Wildcats,https://ormrhl.com/wp-content/uploads/2021/11/wildcats_logo-128x128.png,#D97B29,Dan Richards,dan-richards,Forward,0,1,1,0,0,2021-2022,playoffs
rhinos-vs-cobras-3,Playoffs 2022,2022-04-06,Wildcats,https://ormrhl.com/wp-content/uploads/2021/11/wildcats_logo-128x128.png,#D97B29,Jaro Verchkovski,jaro-verchkovski,Forward,1,0,1,1,0,2021-2022,playoffs
rhinos-vs-cobras-3,Playoffs 2022,2022-04-06,Wildcats,https://ormrhl.com/wp-content/uploads/2021/11/wildcats_logo-128x128.png,#D97B29,Lucas Kleine,lucas-kleine,Forward,0,0,0,1,0,2021-2022,playoffs
rhinos-vs-cobras-3,Playoffs 2022,2022-04-06,Wildcats,https://ormrhl.com/wp-content/uploads/2021/11/wildcats_logo-128x128.png,#D97B29,Paul Wolanski,paul-wolanski,Defence,0,1,1,2,0,2021-2022,playoffs
rhinos-vs-cobras-3,Playoffs 2022,2022-04-06,Wildcats,https://ormrhl.com/wp-content/uploads/2021/11/wildcats_logo-128x128.png,#D97B29,Rob Kleine,rob-kleine,Forward,0,0,0,0,0,2021-2022,playoffs
rhinos-vs-cobras-3,Playoffs 2022,2022-04-06,Wildcats,https://ormrhl.com/wp-content/uploads/2021/11/wildcats_logo-128x128.png,#D97B29,Ryan Smith,ryan-smith-og,Forward,2,0,2,0,0,2021-2022,playoffs
rhinos-vs-cobras-3,Playoffs 2022,2022-04-06,Wildcats,https://ormrhl.com/wp-content/uploads/2021/11/wildcats_logo-128x128.png,#D97B29,Serge Lossev,serge-lossev,Forward,1,2,3,0,0,2021-2022,playoffs
rhinos-vs-cobras-3,Playoffs 2022,2022-04-06,Wildcats,https://ormrhl.com/wp-content/uploads/2021/11/wildcats_logo-128x128.png,#D97B29,Victor Verchkovski,victor-verchkovski,Forward,1,2,3,1,0,2021-2022,playoffs
1139,Playoffs 2022,2022-04-11,Cobras,https://ormrhl.com/wp-content/uploads/2021/11/Cobras_Logo-128x128.png,#2B8C5C,Adrian Iudiciani,adrian-iudiciani,Forward,2,1,3,0,0,2021-2022,playoffs
1139,Playoffs 2022,2022-04-11,Cobras,https://ormrhl.com/wp-content/uploads/2021/11/Cobras_Logo-128x128.png,#2B8C5C,Angelo Capone,angelo-capone,Forward,0,0,0,0,0,2021-2022,playoffs
1139,Playoffs 2022,2022-04-11,Cobras,https://ormrhl.com/wp-content/uploads/2021/11/Cobras_Logo-128x128.png,#2B8C5C,Brandon De Assuncao,brandon-de-assuncao,Forward,0,0,0,0,0,2021-2022,playoffs
1139,Playoffs 2022,2022-04-11,Cobras,https://ormrhl.com/wp-content/uploads/2021/11/Cobras_Logo-128x128.png,#2B8C5C,Drew Grasse,drew-grasse,Forward,0,1,1,0,0,2021-2022,playoffs
1139,Playoffs 2022,2022-04-11,Cobras,https://ormrhl.com/wp-content/uploads/2021/11/Cobras_Logo-128x128.png,#2B8C5C,James Mitchell,james-mitchell,Forward,0,0,0,0,0,2021-2022,playoffs
1139,Playoffs 2022,2022-04-11,Cobras,https://ormrhl.com/wp-content/uploads/2021/11/Cobras_Logo-128x128.png,#2B8C5C,John Ventrella,john-ventrella,Forward,0,0,0,0,0,2021-2022,playoffs
1139,Playoffs 2022,2022-04-11,Cobras,https://ormrhl.com/wp-content/uploads/2021/11/Cobras_Logo-128x128.png,#2B8C5C,Justin Pappianni,justin-papaianni,Forward,0,0,0,0,0,2021-2022,playoffs
1139,Playoffs 2022,2022-04-11,Cobras,https://ormrhl.com/wp-content/uploads/2021/11/Cobras_Logo-128x128.png,#2B8C5C,Mark Mitchell,mark-mitchell,Defence,0,0,0,0,0,2021-2022,playoffs
1139,Playoffs 2022,2022-04-11,Cobras,https://ormrhl.com/wp-content/uploads/2021/11/Cobras_Logo-128x128.png,#2B8C5C,Massimo Venditti,massimo-venditti,Forward,0,1,1,0,0,2021-2022,playoffs
1139,Playoffs 2022,2022-04-11,Cobras,https://ormrhl.com/wp-content/uploads/2021/11/Cobras_Logo-128x128.png,#2B8C5C,Michael English,michael-english,Defence,0,0,0,0,0,2021-2022,playoffs
1139,Playoffs 2022,2022-04-11,Cobras,https://ormrhl.com/wp-content/uploads/2021/11/Cobras_Logo-128x128.png,#2B8C5C,PJ Harrison,pj-harrison,Goaltender,0,0,0,0,0,2021-2022,playoffs
1139,Playoffs 2022,2022-04-11,Cobras,https://ormrhl.com/wp-content/uploads/2021/11/Cobras_Logo-128x128.png,#2B8C5C,Rob Iudiciani,rob-iudiciani,Defence,1,0,1,0,0,2021-2022,playoffs
1139,Playoffs 2022,2022-04-11,Cobras,https://ormrhl.com/wp-content/uploads/2021/11/Cobras_Logo-128x128.png,#2B8C5C,Scott Johnson,scott-johnson,Forward,2,1,3,0,0,2021-2022,playoffs
1139,Playoffs 2022,2022-04-11,Cobras,https://ormrhl.com/wp-content/uploads/2021/11/Cobras_Logo-128x128.png,#2B8C5C,Steve Souphanthong,steve-souphanthong,Forward,0,0,0,0,0,2021-2022,playoffs
1139,Playoffs 2022,2022-04-11,Cobras,https://ormrhl.com/wp-content/uploads/2021/11/Cobras_Logo-128x128.png,#2B8C5C,Tyler Doyle,tyler-doyle,Forward,1,0,1,0,0,2021-2022,playoffs
1139,Playoffs 2022,2022-04-11,Falcons,https://ormrhl.com/wp-content/uploads/2021/11/falcons_icon-128x128.png,#233A6B,Brandon Wellsbury,brandon-wellsbury,Forward,2,1,3,0,0,2021-2022,playoffs
1139,Playoffs 2022,2022-04-11,Falcons,https://ormrhl.com/wp-content/uploads/2021/11/falcons_icon-128x128.png,#233A6B,Dale Bishop,dale-bishop,Defence,0,0,0,0,0,2021-2022,playoffs
1139,Playoffs 2022,2022-04-11,Falcons,https://ormrhl.com/wp-content/uploads/2021/11/falcons_icon-128x128.png,#233A6B,Daniel Bishev,daniel-bishev,Forward,0,2,2,0,0,2021-2022,playoffs
1139,Playoffs 2022,2022-04-11,Falcons,https://ormrhl.com/wp-content/uploads/2021/11/falcons_icon-128x128.png,#233A6B,Derek Marsham,derek-marsham,Forward,0,0,0,0,0,2021-2022,playoffs
1139,Playoffs 2022,2022-04-11,Falcons,https://ormrhl.com/wp-content/uploads/2021/11/falcons_icon-128x128.png,#233A6B,Jason Todd,jason-todd,Defence,2,1,3,0,0,2021-2022,playoffs
1139,Playoffs 2022,2022-04-11,Falcons,https://ormrhl.com/wp-content/uploads/2021/11/falcons_icon-128x128.png,#233A6B,John Corallo,john-corallo,Forward,0,0,0,0,0,2021-2022,playoffs
1139,Playoffs 2022,2022-04-11,Falcons,https://ormrhl.com/wp-content/uploads/2021/11/falcons_icon-128x128.png,#233A6B,Jonathan West,jonathan-west,Forward,0,0,0,0,0,2021-2022,playoffs
1139,Playoffs 2022,2022-04-11,Falcons,https://ormrhl.com/wp-content/uploads/2021/11/falcons_icon-128x128.png,#233A6B,Kari Paivio,kari-paivio,Forward,0,0,0,0,0,2021-2022,playoffs
1139,Playoffs 2022,2022-04-11,Falcons,https://ormrhl.com/wp-content/uploads/2021/11/falcons_icon-128x128.png,#233A6B,Leo Napolitano,leo-napolitano,Defence,0,2,2,0,0,2021-2022,playoffs
1139,Playoffs 2022,2022-04-11,Falcons,https://ormrhl.com/wp-content/uploads/2021/11/falcons_icon-128x128.png,#233A6B,Marco Dileo,marco-dileo,Forward,1,0,1,1,0,2021-2022,playoffs
1139,Playoffs 2022,2022-04-11,Falcons,https://ormrhl.com/wp-content/uploads/2021/11/falcons_icon-128x128.png,#233A6B,Nathan Loach,nathan-loach,Defence,0,0,0,0,0,2021-2022,playoffs
1139,Playoffs 2022,2022-04-11,Falcons,https://ormrhl.com/wp-content/uploads/2021/11/falcons_icon-128x128.png,#233A6B,Robbie Spencer,robbie-spencer,Forward,1,2,3,0,0,2021-2022,playoffs
1139,Playoffs 2022,2022-04-11,Falcons,https://ormrhl.com/wp-content/uploads/2021/11/falcons_icon-128x128.png,#233A6B,Rocco Malfara,rocco-malfara,Defence,0,1,1,0,0,2021-2022,playoffs
1139,Playoffs 2022,2022-04-11,Falcons,https://ormrhl.com/wp-content/uploads/2021/11/falcons_icon-128x128.png,#233A6B,Ryan Doggart,ryan-doggart,Forward,0,1,1,0,0,2021-2022,playoffs
1139,Playoffs 2022,2022-04-11,Falcons,https://ormrhl.com/wp-content/uploads/2021/11/falcons_icon-128x128.png,#233A6B,Trystan Lebrun,trystan-lebrun,Goaltender,0,0,0,0,0,2021-2022,playoffs
1140,Playoffs 2022,2022-04-11,Rhinos,https://ormrhl.com/wp-content/uploads/2021/11/Rhinos_logo-128x128.png,#6B6F76,Adam Klein,adam-klein,Forward,0,0,0,0,0,2021-2022,playoffs
1140,Playoffs 2022,2022-04-11,Rhinos,https://ormrhl.com/wp-content/uploads/2021/11/Rhinos_logo-128x128.png,#6B6F76,Anthony Ventrella,anthony-ventrella,Forward,1,0,1,0,0,2021-2022,playoffs
1140,Playoffs 2022,2022-04-11,Rhinos,https://ormrhl.com/wp-content/uploads/2021/11/Rhinos_logo-128x128.png,#6B6F76,Daniel De Angelis,daniel-de-angelis,Defence,2,1,3,1,0,2021-2022,playoffs
1140,Playoffs 2022,2022-04-11,Rhinos,https://ormrhl.com/wp-content/uploads/2021/11/Rhinos_logo-128x128.png,#6B6F76,Gianluca Santocono,gianluca-santocono,Defence,0,0,0,0,0,2021-2022,playoffs
1140,Playoffs 2022,2022-04-11,Rhinos,https://ormrhl.com/wp-content/uploads/2021/11/Rhinos_logo-128x128.png,#6B6F76,Jeff Goodman,jeff-goodman,Goaltender,0,0,0,0,0,2021-2022,playoffs
1140,Playoffs 2022,2022-04-11,Rhinos,https://ormrhl.com/wp-content/uploads/2021/11/Rhinos_logo-128x128.png,#6B6F76,Josh Machesney,josh-machesney,Forward,1,1,2,0,0,2021-2022,playoffs
1140,Playoffs 2022,2022-04-11,Rhinos,https://ormrhl.com/wp-content/uploads/2021/11/Rhinos_logo-128x128.png,#6B6F76,Lorne Feld,lorne-feld,Forward,0,0,0,0,0,2021-2022,playoffs
1140,Playoffs 2022,2022-04-11,Rhinos,https://ormrhl.com/wp-content/uploads/2021/11/Rhinos_logo-128x128.png,#6B6F76,Matthew Quintieri,matthew-quintieri,Forward,1,2,3,0,0,2021-2022,playoffs
1140,Playoffs 2022,2022-04-11,Rhinos,https://ormrhl.com/wp-content/uploads/2021/11/Rhinos_logo-128x128.png,#6B6F76,Mike Clements,mike-clements,Defence,0,0,0,0,0,2021-2022,playoffs
1140,Playoffs 2022,2022-04-11,Rhinos,https://ormrhl.com/wp-content/uploads/2021/11/Rhinos_logo-128x128.png,#6B6F76,Neil DeCantis,neil-decantis,Forward,1,0,1,0,0,2021-2022,playoffs
1140,Playoffs 2022,2022-04-11,Rhinos,https://ormrhl.com/wp-content/uploads/2021/11/Rhinos_logo-128x128.png,#6B6F76,Robert Doswell,robert-doswell,Defence,0,0,0,0,0,2021-2022,playoffs
1140,Playoffs 2022,2022-04-11,Rhinos,https://ormrhl.com/wp-content/uploads/2021/11/Rhinos_logo-128x128.png,#6B6F76,Robin Harrison,robin-harrison,Defence,0,0,0,0,0,2021-2022,playoffs
1140,Playoffs 2022,2022-04-11,Rhinos,https://ormrhl.com/wp-content/uploads/2021/11/Rhinos_logo-128x128.png,#6B6F76,Tom Coukos,tom-coukos,Forward,0,1,1,0,0,2021-2022,playoffs
1140,Playoffs 2022,2022-04-11,Wildcats,https://ormrhl.com/wp-content/uploads/2021/11/wildcats_logo-128x128.png,#D97B29,Alex Kane,alex-kane,Defence,1,0,1,0,0,2021-2022,playoffs
1140,Playoffs 2022,2022-04-11,Wildcats,https://ormrhl.com/wp-content/uploads/2021/11/wildcats_logo-128x128.png,#D97B29,Ben Wilton,ben-wilton,Defence,0,0,0,0,0,2021-2022,playoffs
1140,Playoffs 2022,2022-04-11,Wildcats,https://ormrhl.com/wp-content/uploads/2021/11/wildcats_logo-128x128.png,#D97B29,Brian Hatton,brian-hatton,Goaltender,0,0,0,0,0,2021-2022,playoffs
1140,Playoffs 2022,2022-04-11,Wildcats,https://ormrhl.com/wp-content/uploads/2021/11/wildcats_logo-128x128.png,#D97B29,Colby Clarke,colby-clarke,Forward,0,0,0,0,0,2021-2022,playoffs
1140,Playoffs 2022,2022-04-11,Wildcats,https://ormrhl.com/wp-content/uploads/2021/11/wildcats_logo-128x128.png,#D97B29,Dan Montanari,dan-montanari,Forward,0,0,0,0,0,2021-2022,playoffs
1140,Playoffs 2022,2022-04-11,Wildcats,https://ormrhl.com/wp-content/uploads/2021/11/wildcats_logo-128x128.png,#D97B29,Dan Richards,dan-richards,Forward,0,0,0,0,0,2021-2022,playoffs
1140,Playoffs 2022,2022-04-11,Wildcats,https://ormrhl.com/wp-content/uploads/2021/11/wildcats_logo-128x128.png,#D97B29,Greg Sipprell,greg-sipprell2,Forward,0,1,1,0,0,2021-2022,playoffs
1140,Playoffs 2022,2022-04-11,Wildcats,https://ormrhl.com/wp-content/uploads/2021/11/wildcats_logo-128x128.png,#D97B29,Jaro Verchkovski,jaro-verchkovski,Forward,0,0,0,0,0,2021-2022,playoffs
1140,Playoffs 2022,2022-04-11,Wildcats,https://ormrhl.com/wp-content/uploads/2021/11/wildcats_logo-128x128.png,#D97B29,Lucas Kleine,lucas-kleine,Forward,0,0,0,0,0,2021-2022,playoffs
1140,Playoffs 2022,2022-04-11,Wildcats,https://ormrhl.com/wp-content/uploads/2021/11/wildcats_logo-128x128.png,#D97B29,Pat Parent,pat-parent,Defence,0,0,0,0,0,2021-2022,playoffs
1140,Playoffs 2022,2022-04-11,Wildcats,https://ormrhl.com/wp-content/uploads/2021/11/wildcats_logo-128x128.png,#D97B29,Paul Wolanski,paul-wolanski,Defence,0,0,0,0,0,2021-2022,playoffs
1140,Playoffs 2022,2022-04-11,Wildcats,https://ormrhl.com/wp-content/uploads/2021/11/wildcats_logo-128x128.png,#D97B29,Rob Kleine,rob-kleine,Forward,0,1,1,0,0,2021-2022,playoffs
1140,Playoffs 2022,2022-04-11,Wildcats,https://ormrhl.com/wp-content/uploads/2021/11/wildcats_logo-128x128.png,#D97B29,Ryan Smith,ryan-smith-og,Forward,1,0,1,0,0,2021-2022,playoffs
1140,Playoffs 2022,2022-04-11,Wildcats,https://ormrhl.com/wp-content/uploads/2021/11/wildcats_logo-128x128.png,#D97B29,Serge Lossev,serge-lossev,Forward,0,0,0,0,0,2021-2022,playoffs
1140,Playoffs 2022,2022-04-11,Wildcats,https://ormrhl.com/wp-content/uploads/2021/11/wildcats_logo-128x128.png,#D97B29,Victor Verchkovski,victor-verchkovski,Forward,0,0,0,0,0,2021-2022,playoffs
1141,Playoffs 2022,2022-04-11,Eagles,https://ormrhl.com/wp-content/uploads/2021/11/Eagles_logo-128x128.png,#A31E2E,Alex Disera,alex-disera,Forward,0,0,0,0,0,2021-2022,playoffs
1141,Playoffs 2022,2022-04-11,Eagles,https://ormrhl.com/wp-content/uploads/2021/11/Eagles_logo-128x128.png,#A31E2E,Anthony Loduca,anthony-loduca,Forward,0,0,0,0,0,2021-2022,playoffs
1141,Playoffs 2022,2022-04-11,Eagles,https://ormrhl.com/wp-content/uploads/2021/11/Eagles_logo-128x128.png,#A31E2E,Darren Desrosiers,darren-desrosiers,Forward,0,0,0,1,0,2021-2022,playoffs
1141,Playoffs 2022,2022-04-11,Eagles,https://ormrhl.com/wp-content/uploads/2021/11/Eagles_logo-128x128.png,#A31E2E,David Kane,david-kane,Forward,0,0,0,0,0,2021-2022,playoffs
1141,Playoffs 2022,2022-04-11,Eagles,https://ormrhl.com/wp-content/uploads/2021/11/Eagles_logo-128x128.png,#A31E2E,Hugh Smylie,hugh-smylie,Defence,0,0,0,0,0,2021-2022,playoffs
1141,Playoffs 2022,2022-04-11,Eagles,https://ormrhl.com/wp-content/uploads/2021/11/Eagles_logo-128x128.png,#A31E2E,James Counter,james-counter,Forward,0,0,0,0,0,2021-2022,playoffs
1141,Playoffs 2022,2022-04-11,Eagles,https://ormrhl.com/wp-content/uploads/2021/11/Eagles_logo-128x128.png,#A31E2E,Jeff Mitchell,jeff-mitchell,Defence,0,0,0,0,0,2021-2022,playoffs
1141,Playoffs 2022,2022-04-11,Eagles,https://ormrhl.com/wp-content/uploads/2021/11/Eagles_logo-128x128.png,#A31E2E,Joey Leger,joey-leger,Forward,0,0,0,0,0,2021-2022,playoffs
1141,Playoffs 2022,2022-04-11,Eagles,https://ormrhl.com/wp-content/uploads/2021/11/Eagles_logo-128x128.png,#A31E2E,Jordan Bodimeade,jordan-bodimeade,Forward,0,0,0,0,0,2021-2022,playoffs
1141,Playoffs 2022,2022-04-11,Eagles,https://ormrhl.com/wp-content/uploads/2021/11/Eagles_logo-128x128.png,#A31E2E,Kevin Hinton,kevin-hinton,Forward,0,0,0,0,0,2021-2022,playoffs
1141,Playoffs 2022,2022-04-11,Eagles,https://ormrhl.com/wp-content/uploads/2021/11/Eagles_logo-128x128.png,#A31E2E,Larry Laughlin,larry-laughlin,Forward,0,0,0,0,0,2021-2022,playoffs
1141,Playoffs 2022,2022-04-11,Eagles,https://ormrhl.com/wp-content/uploads/2021/11/Eagles_logo-128x128.png,#A31E2E,Lucas Ackerman,lucas-ackerman,Forward,0,0,0,0,0,2021-2022,playoffs
1141,Playoffs 2022,2022-04-11,Eagles,https://ormrhl.com/wp-content/uploads/2021/11/Eagles_logo-128x128.png,#A31E2E,Mario Carriero,mario-carriero,Goaltender,0,0,0,0,0,2021-2022,playoffs
1141,Playoffs 2022,2022-04-11,Eagles,https://ormrhl.com/wp-content/uploads/2021/11/Eagles_logo-128x128.png,#A31E2E,Mario Mazzucco,mario-mazzucco,Forward,0,0,0,0,0,2021-2022,playoffs
1141,Playoffs 2022,2022-04-11,Eagles,https://ormrhl.com/wp-content/uploads/2021/11/Eagles_logo-128x128.png,#A31E2E,Scott Sutton,scott-sutton,Defence,0,0,0,0,0,2021-2022,playoffs
1141,Playoffs 2022,2022-04-11,Marlins,https://ormrhl.com/wp-content/uploads/2021/11/marlins_logo-128x128.png,#1E8A8A,Doug Grant,doug-grant,Forward,0,1,1,0,0,2021-2022,playoffs
1141,Playoffs 2022,2022-04-11,Marlins,https://ormrhl.com/wp-content/uploads/2021/11/marlins_logo-128x128.png,#1E8A8A,Duncan Stalker,duncan-stalker,Defence,0,0,0,0,0,2021-2022,playoffs
1141,Playoffs 2022,2022-04-11,Marlins,https://ormrhl.com/wp-content/uploads/2021/11/marlins_logo-128x128.png,#1E8A8A,Harrison Kane,harrison-kane,Defence,0,1,1,0,0,2021-2022,playoffs
1141,Playoffs 2022,2022-04-11,Marlins,https://ormrhl.com/wp-content/uploads/2021/11/marlins_logo-128x128.png,#1E8A8A,Jackson Morgis,jackson-morgis,Goaltender,0,0,0,0,0,2021-2022,playoffs
1141,Playoffs 2022,2022-04-11,Marlins,https://ormrhl.com/wp-content/uploads/2021/11/marlins_logo-128x128.png,#1E8A8A,Jeff Connor,jeff-connor,Forward,1,1,2,0,0,2021-2022,playoffs
1141,Playoffs 2022,2022-04-11,Marlins,https://ormrhl.com/wp-content/uploads/2021/11/marlins_logo-128x128.png,#1E8A8A,Mack Charron,mack-charron,Forward,3,2,5,0,0,2021-2022,playoffs
1141,Playoffs 2022,2022-04-11,Marlins,https://ormrhl.com/wp-content/uploads/2021/11/marlins_logo-128x128.png,#1E8A8A,Michael Montesanti,michael-montesanti,Forward,2,2,4,0,0,2021-2022,playoffs
1141,Playoffs 2022,2022-04-11,Marlins,https://ormrhl.com/wp-content/uploads/2021/11/marlins_logo-128x128.png,#1E8A8A,Scott Browne,scott-browne,Forward,0,1,1,0,0,2021-2022,playoffs
1141,Playoffs 2022,2022-04-11,Marlins,https://ormrhl.com/wp-content/uploads/2021/11/marlins_logo-128x128.png,#1E8A8A,Thomas Grant,thomas-grant,Defence,0,0,0,0,0,2021-2022,playoffs
1141,Playoffs 2022,2022-04-11,Marlins,https://ormrhl.com/wp-content/uploads/2021/11/marlins_logo-128x128.png,#1E8A8A,Todd Wheeler,todd-wheeler,Forward,0,1,1,0,0,2021-2022,playoffs
1141,Playoffs 2022,2022-04-11,Marlins,https://ormrhl.com/wp-content/uploads/2021/11/marlins_logo-128x128.png,#1E8A8A,Tyler Kozak,tyler-kozak,Defence,1,0,1,0,0,2021-2022,playoffs
1142,Playoffs 2022,2022-04-14,Eagles,https://ormrhl.com/wp-content/uploads/2021/11/Eagles_logo-128x128.png,#A31E2E,Alex Disera,alex-disera,Forward,1,0,1,0,0,2021-2022,playoffs
1142,Playoffs 2022,2022-04-14,Eagles,https://ormrhl.com/wp-content/uploads/2021/11/Eagles_logo-128x128.png,#A31E2E,Anthony Loduca,anthony-loduca,Forward,2,2,4,1,0,2021-2022,playoffs
1142,Playoffs 2022,2022-04-14,Eagles,https://ormrhl.com/wp-content/uploads/2021/11/Eagles_logo-128x128.png,#A31E2E,Darren Desrosiers,darren-desrosiers,Forward,1,2,3,0,0,2021-2022,playoffs
1142,Playoffs 2022,2022-04-14,Eagles,https://ormrhl.com/wp-content/uploads/2021/11/Eagles_logo-128x128.png,#A31E2E,Hugh Smylie,hugh-smylie,Defence,1,1,2,0,0,2021-2022,playoffs
1142,Playoffs 2022,2022-04-14,Eagles,https://ormrhl.com/wp-content/uploads/2021/11/Eagles_logo-128x128.png,#A31E2E,James Counter,james-counter,Forward,1,0,1,0,0,2021-2022,playoffs
1142,Playoffs 2022,2022-04-14,Eagles,https://ormrhl.com/wp-content/uploads/2021/11/Eagles_logo-128x128.png,#A31E2E,Jeff Mitchell,jeff-mitchell,Defence,0,0,0,0,0,2021-2022,playoffs
1142,Playoffs 2022,2022-04-14,Eagles,https://ormrhl.com/wp-content/uploads/2021/11/Eagles_logo-128x128.png,#A31E2E,Joey Leger,joey-leger,Forward,0,0,0,1,0,2021-2022,playoffs
1142,Playoffs 2022,2022-04-14,Eagles,https://ormrhl.com/wp-content/uploads/2021/11/Eagles_logo-128x128.png,#A31E2E,Jordan Bodimeade,jordan-bodimeade,Forward,0,2,2,0,0,2021-2022,playoffs
1142,Playoffs 2022,2022-04-14,Eagles,https://ormrhl.com/wp-content/uploads/2021/11/Eagles_logo-128x128.png,#A31E2E,Larry Laughlin,larry-laughlin,Forward,1,2,3,0,0,2021-2022,playoffs
1142,Playoffs 2022,2022-04-14,Eagles,https://ormrhl.com/wp-content/uploads/2021/11/Eagles_logo-128x128.png,#A31E2E,Lucas Ackerman,lucas-ackerman,Forward,1,1,2,0,0,2021-2022,playoffs
1142,Playoffs 2022,2022-04-14,Eagles,https://ormrhl.com/wp-content/uploads/2021/11/Eagles_logo-128x128.png,#A31E2E,Mario Carriero,mario-carriero,Goaltender,0,0,0,0,0,2021-2022,playoffs
1142,Playoffs 2022,2022-04-14,Eagles,https://ormrhl.com/wp-content/uploads/2021/11/Eagles_logo-128x128.png,#A31E2E,Mario Mazzucco,mario-mazzucco,Forward,0,1,1,0,0,2021-2022,playoffs
1142,Playoffs 2022,2022-04-14,Eagles,https://ormrhl.com/wp-content/uploads/2021/11/Eagles_logo-128x128.png,#A31E2E,Scott Sutton,scott-sutton,Defence,0,0,0,0,0,2021-2022,playoffs
1142,Playoffs 2022,2022-04-14,Wildcats,https://ormrhl.com/wp-content/uploads/2021/11/wildcats_logo-128x128.png,#D97B29,Ben Wilton,ben-wilton,Defence,1,2,3,0,0,2021-2022,playoffs
1142,Playoffs 2022,2022-04-14,Wildcats,https://ormrhl.com/wp-content/uploads/2021/11/wildcats_logo-128x128.png,#D97B29,Dan Richards,dan-richards,Forward,1,1,2,0,0,2021-2022,playoffs
1142,Playoffs 2022,2022-04-14,Wildcats,https://ormrhl.com/wp-content/uploads/2021/11/wildcats_logo-128x128.png,#D97B29,Greg Sipprell,greg-sipprell2,Forward,0,1,1,0,0,2021-2022,playoffs
1142,Playoffs 2022,2022-04-14,Wildcats,https://ormrhl.com/wp-content/uploads/2021/11/wildcats_logo-128x128.png,#D97B29,Lucas Kleine,lucas-kleine,Forward,0,0,0,0,0,2021-2022,playoffs
1142,Playoffs 2022,2022-04-14,Wildcats,https://ormrhl.com/wp-content/uploads/2021/11/wildcats_logo-128x128.png,#D97B29,Pat Parent,pat-parent,Defence,0,0,0,0,0,2021-2022,playoffs
1142,Playoffs 2022,2022-04-14,Wildcats,https://ormrhl.com/wp-content/uploads/2021/11/wildcats_logo-128x128.png,#D97B29,Rob Kleine,rob-kleine,Forward,0,0,0,0,0,2021-2022,playoffs
1142,Playoffs 2022,2022-04-14,Wildcats,https://ormrhl.com/wp-content/uploads/2021/11/wildcats_logo-128x128.png,#D97B29,Ryan Smith,ryan-smith-og,Forward,1,0,1,0,0,2021-2022,playoffs
1142,Playoffs 2022,2022-04-14,Wildcats,https://ormrhl.com/wp-content/uploads/2021/11/wildcats_logo-128x128.png,#D97B29,Victor Verchkovski,victor-verchkovski,Forward,1,2,3,0,0,2021-2022,playoffs
1143,Playoffs 2022,2022-04-14,Cobras,https://ormrhl.com/wp-content/uploads/2021/11/Cobras_Logo-128x128.png,#2B8C5C,Adrian Iudiciani,adrian-iudiciani,Forward,0,1,1,0,0,2021-2022,playoffs
1143,Playoffs 2022,2022-04-14,Cobras,https://ormrhl.com/wp-content/uploads/2021/11/Cobras_Logo-128x128.png,#2B8C5C,Angelo Capone,angelo-capone,Forward,0,0,0,0,0,2021-2022,playoffs
1143,Playoffs 2022,2022-04-14,Cobras,https://ormrhl.com/wp-content/uploads/2021/11/Cobras_Logo-128x128.png,#2B8C5C,Brandon De Assuncao,brandon-de-assuncao,Forward,1,0,1,0,0,2021-2022,playoffs
1143,Playoffs 2022,2022-04-14,Cobras,https://ormrhl.com/wp-content/uploads/2021/11/Cobras_Logo-128x128.png,#2B8C5C,Drew Grasse,drew-grasse,Forward,0,0,0,0,0,2021-2022,playoffs
1143,Playoffs 2022,2022-04-14,Cobras,https://ormrhl.com/wp-content/uploads/2021/11/Cobras_Logo-128x128.png,#2B8C5C,John Ventrella,john-ventrella,Forward,0,1,1,0,0,2021-2022,playoffs
1143,Playoffs 2022,2022-04-14,Cobras,https://ormrhl.com/wp-content/uploads/2021/11/Cobras_Logo-128x128.png,#2B8C5C,Justin Pappianni,justin-papaianni,Forward,0,0,0,0,0,2021-2022,playoffs
1143,Playoffs 2022,2022-04-14,Cobras,https://ormrhl.com/wp-content/uploads/2021/11/Cobras_Logo-128x128.png,#2B8C5C,PJ Harrison,pj-harrison,Goaltender,0,0,0,0,0,2021-2022,playoffs
1143,Playoffs 2022,2022-04-14,Cobras,https://ormrhl.com/wp-content/uploads/2021/11/Cobras_Logo-128x128.png,#2B8C5C,Rob Iudiciani,rob-iudiciani,Defence,0,0,0,0,0,2021-2022,playoffs
1143,Playoffs 2022,2022-04-14,Cobras,https://ormrhl.com/wp-content/uploads/2021/11/Cobras_Logo-128x128.png,#2B8C5C,Steve Souphanthong,steve-souphanthong,Forward,0,0,0,0,0,2021-2022,playoffs
1143,Playoffs 2022,2022-04-14,Cobras,https://ormrhl.com/wp-content/uploads/2021/11/Cobras_Logo-128x128.png,#2B8C5C,Tyler Doyle,tyler-doyle,Forward,0,0,0,0,0,2021-2022,playoffs
1143,Playoffs 2022,2022-04-14,Marlins,https://ormrhl.com/wp-content/uploads/2021/11/marlins_logo-128x128.png,#1E8A8A,Duncan Stalker,duncan-stalker,Defence,0,1,1,0,0,2021-2022,playoffs
1143,Playoffs 2022,2022-04-14,Marlins,https://ormrhl.com/wp-content/uploads/2021/11/marlins_logo-128x128.png,#1E8A8A,Harrison Kane,harrison-kane,Defence,1,0,1,0,0,2021-2022,playoffs
1143,Playoffs 2022,2022-04-14,Marlins,https://ormrhl.com/wp-content/uploads/2021/11/marlins_logo-128x128.png,#1E8A8A,Jeff Connor,jeff-connor,Forward,2,3,5,0,0,2021-2022,playoffs
1143,Playoffs 2022,2022-04-14,Marlins,https://ormrhl.com/wp-content/uploads/2021/11/marlins_logo-128x128.png,#1E8A8A,Mack Charron,mack-charron,Forward,1,3,4,0,0,2021-2022,playoffs
1143,Playoffs 2022,2022-04-14,Marlins,https://ormrhl.com/wp-content/uploads/2021/11/marlins_logo-128x128.png,#1E8A8A,Michael Montesanti,michael-montesanti,Forward,1,2,3,0,0,2021-2022,playoffs
1143,Playoffs 2022,2022-04-14,Marlins,https://ormrhl.com/wp-content/uploads/2021/11/marlins_logo-128x128.png,#1E8A8A,Scott Browne,scott-browne,Forward,3,2,5,0,0,2021-2022,playoffs
1143,Playoffs 2022,2022-04-14,Marlins,https://ormrhl.com/wp-content/uploads/2021/11/marlins_logo-128x128.png,#1E8A8A,Thomas Grant,thomas-grant,Defence,1,0,1,0,0,2021-2022,playoffs
1143,Playoffs 2022,2022-04-14,Marlins,https://ormrhl.com/wp-content/uploads/2021/11/marlins_logo-128x128.png,#1E8A8A,Tyler Kozak,tyler-kozak,Defence,0,3,3,0,0,2021-2022,playoffs
1144,Playoffs 2022,2022-04-14,Falcons,https://ormrhl.com/wp-content/uploads/2021/11/falcons_icon-128x128.png,#233A6B,Brandon Wellsbury,brandon-wellsbury,Forward,2,1,3,0,0,2021-2022,playoffs
1144,Playoffs 2022,2022-04-14,Falcons,https://ormrhl.com/wp-content/uploads/2021/11/falcons_icon-128x128.png,#233A6B,Dale Bishop,dale-bishop,Defence,2,0,2,0,0,2021-2022,playoffs
1144,Playoffs 2022,2022-04-14,Falcons,https://ormrhl.com/wp-content/uploads/2021/11/falcons_icon-128x128.png,#233A6B,Daniel Bishev,daniel-bishev,Forward,1,0,1,0,0,2021-2022,playoffs
1144,Playoffs 2022,2022-04-14,Falcons,https://ormrhl.com/wp-content/uploads/2021/11/falcons_icon-128x128.png,#233A6B,Derek Marsham,derek-marsham,Forward,0,0,0,0,0,2021-2022,playoffs
1144,Playoffs 2022,2022-04-14,Falcons,https://ormrhl.com/wp-content/uploads/2021/11/falcons_icon-128x128.png,#233A6B,Jason Todd,jason-todd,Defence,0,1,1,0,0,2021-2022,playoffs
1144,Playoffs 2022,2022-04-14,Falcons,https://ormrhl.com/wp-content/uploads/2021/11/falcons_icon-128x128.png,#233A6B,Marco Dileo,marco-dileo,Forward,0,2,2,0,0,2021-2022,playoffs
1144,Playoffs 2022,2022-04-14,Falcons,https://ormrhl.com/wp-content/uploads/2021/11/falcons_icon-128x128.png,#233A6B,Nathan Loach,nathan-loach,Defence,0,1,1,0,0,2021-2022,playoffs
1144,Playoffs 2022,2022-04-14,Falcons,https://ormrhl.com/wp-content/uploads/2021/11/falcons_icon-128x128.png,#233A6B,Robbie Spencer,robbie-spencer,Forward,0,0,0,1,0,2021-2022,playoffs
1144,Playoffs 2022,2022-04-14,Falcons,https://ormrhl.com/wp-content/uploads/2021/11/falcons_icon-128x128.png,#233A6B,Rocco Malfara,rocco-malfara,Defence,0,2,2,0,0,2021-2022,playoffs
1144,Playoffs 2022,2022-04-14,Falcons,https://ormrhl.com/wp-content/uploads/2021/11/falcons_icon-128x128.png,#233A6B,Ryan Doggart,ryan-doggart,Forward,1,0,1,0,0,2021-2022,playoffs
1144,Playoffs 2022,2022-04-14,Falcons,https://ormrhl.com/wp-content/uploads/2021/11/falcons_icon-128x128.png,#233A6B,Trystan Lebrun,trystan-lebrun,Goaltender,0,0,0,0,0,2021-2022,playoffs
1144,Playoffs 2022,2022-04-14,Rhinos,https://ormrhl.com/wp-content/uploads/2021/11/Rhinos_logo-128x128.png,#6B6F76,Adam Klein,adam-klein,Forward,0,0,0,0,0,2021-2022,playoffs
1144,Playoffs 2022,2022-04-14,Rhinos,https://ormrhl.com/wp-content/uploads/2021/11/Rhinos_logo-128x128.png,#6B6F76,Anthony Ventrella,anthony-ventrella,Forward,0,1,1,0,0,2021-2022,playoffs
1144,Playoffs 2022,2022-04-14,Rhinos,https://ormrhl.com/wp-content/uploads/2021/11/Rhinos_logo-128x128.png,#6B6F76,Daniel De Angelis,daniel-de-angelis,Defence,1,1,2,0,0,2021-2022,playoffs
1144,Playoffs 2022,2022-04-14,Rhinos,https://ormrhl.com/wp-content/uploads/2021/11/Rhinos_logo-128x128.png,#6B6F76,Gianluca Santocono,gianluca-santocono,Defence,0,1,1,0,0,2021-2022,playoffs
1144,Playoffs 2022,2022-04-14,Rhinos,https://ormrhl.com/wp-content/uploads/2021/11/Rhinos_logo-128x128.png,#6B6F76,Jeff Goodman,jeff-goodman,Goaltender,0,0,0,0,0,2021-2022,playoffs
1144,Playoffs 2022,2022-04-14,Rhinos,https://ormrhl.com/wp-content/uploads/2021/11/Rhinos_logo-128x128.png,#6B6F76,Josh Machesney,josh-machesney,Forward,1,2,3,0,0,2021-2022,playoffs
1144,Playoffs 2022,2022-04-14,Rhinos,https://ormrhl.com/wp-content/uploads/2021/11/Rhinos_logo-128x128.png,#6B6F76,Lorne Feld,lorne-feld,Forward,0,1,1,0,0,2021-2022,playoffs
1144,Playoffs 2022,2022-04-14,Rhinos,https://ormrhl.com/wp-content/uploads/2021/11/Rhinos_logo-128x128.png,#6B6F76,Matthew Quintieri,matthew-quintieri,Forward,0,2,2,0,0,2021-2022,playoffs
1144,Playoffs 2022,2022-04-14,Rhinos,https://ormrhl.com/wp-content/uploads/2021/11/Rhinos_logo-128x128.png,#6B6F76,Neil DeCantis,neil-decantis,Forward,3,0,3,0,0,2021-2022,playoffs
1144,Playoffs 2022,2022-04-14,Rhinos,https://ormrhl.com/wp-content/uploads/2021/11/Rhinos_logo-128x128.png,#6B6F76,Robert Doswell,robert-doswell,Defence,0,1,1,0,0,2021-2022,playoffs
1144,Playoffs 2022,2022-04-14,Rhinos,https://ormrhl.com/wp-content/uploads/2021/11/Rhinos_logo-128x128.png,#6B6F76,Robin Harrison,robin-harrison,Defence,0,0,0,0,0,2021-2022,playoffs
1145,Playoffs 2022,2022-04-18,Cobras,https://ormrhl.com/wp-content/uploads/2021/11/Cobras_Logo-128x128.png,#2B8C5C,Adrian Iudiciani,adrian-iudiciani,Forward,0,0,0,0,0,2021-2022,playoffs
1145,Playoffs 2022,2022-04-18,Cobras,https://ormrhl.com/wp-content/uploads/2021/11/Cobras_Logo-128x128.png,#2B8C5C,Angelo Capone,angelo-capone,Forward,1,0,1,0,0,2021-2022,playoffs
1145,Playoffs 2022,2022-04-18,Cobras,https://ormrhl.com/wp-content/uploads/2021/11/Cobras_Logo-128x128.png,#2B8C5C,Drew Grasse,drew-grasse,Forward,0,1,1,0,0,2021-2022,playoffs
1145,Playoffs 2022,2022-04-18,Cobras,https://ormrhl.com/wp-content/uploads/2021/11/Cobras_Logo-128x128.png,#2B8C5C,James Mitchell,james-mitchell,Forward,0,1,1,0,1,2021-2022,playoffs
1145,Playoffs 2022,2022-04-18,Cobras,https://ormrhl.com/wp-content/uploads/2021/11/Cobras_Logo-128x128.png,#2B8C5C,John Ventrella,john-ventrella,Forward,0,1,1,0,0,2021-2022,playoffs
1145,Playoffs 2022,2022-04-18,Cobras,https://ormrhl.com/wp-content/uploads/2021/11/Cobras_Logo-128x128.png,#2B8C5C,Justin Pappianni,justin-papaianni,Forward,0,0,0,0,0,2021-2022,playoffs
1145,Playoffs 2022,2022-04-18,Cobras,https://ormrhl.com/wp-content/uploads/2021/11/Cobras_Logo-128x128.png,#2B8C5C,Massimo Venditti,massimo-venditti,Forward,0,1,1,0,0,2021-2022,playoffs
1145,Playoffs 2022,2022-04-18,Cobras,https://ormrhl.com/wp-content/uploads/2021/11/Cobras_Logo-128x128.png,#2B8C5C,Michael English,michael-english,Defence,0,0,0,0,0,2021-2022,playoffs
1145,Playoffs 2022,2022-04-18,Cobras,https://ormrhl.com/wp-content/uploads/2021/11/Cobras_Logo-128x128.png,#2B8C5C,PJ Harrison,pj-harrison,Goaltender,0,0,0,0,0,2021-2022,playoffs
1145,Playoffs 2022,2022-04-18,Cobras,https://ormrhl.com/wp-content/uploads/2021/11/Cobras_Logo-128x128.png,#2B8C5C,Rob Iudiciani,rob-iudiciani,Defence,1,0,1,0,0,2021-2022,playoffs
1145,Playoffs 2022,2022-04-18,Cobras,https://ormrhl.com/wp-content/uploads/2021/11/Cobras_Logo-128x128.png,#2B8C5C,Tyler Doyle,tyler-doyle,Forward,1,0,1,0,0,2021-2022,playoffs
1145,Playoffs 2022,2022-04-18,Rhinos,https://ormrhl.com/wp-content/uploads/2021/11/Rhinos_logo-128x128.png,#6B6F76,Adam Klein,adam-klein,Forward,0,2,2,0,0,2021-2022,playoffs
1145,Playoffs 2022,2022-04-18,Rhinos,https://ormrhl.com/wp-content/uploads/2021/11/Rhinos_logo-128x128.png,#6B6F76,Anthony Ventrella,anthony-ventrella,Forward,2,1,3,0,0,2021-2022,playoffs
1145,Playoffs 2022,2022-04-18,Rhinos,https://ormrhl.com/wp-content/uploads/2021/11/Rhinos_logo-128x128.png,#6B6F76,Gianluca Santocono,gianluca-santocono,Defence,0,0,0,0,0,2021-2022,playoffs
1145,Playoffs 2022,2022-04-18,Rhinos,https://ormrhl.com/wp-content/uploads/2021/11/Rhinos_logo-128x128.png,#6B6F76,Jeff Goodman,jeff-goodman,Goaltender,0,0,0,0,0,2021-2022,playoffs
1145,Playoffs 2022,2022-04-18,Rhinos,https://ormrhl.com/wp-content/uploads/2021/11/Rhinos_logo-128x128.png,#6B6F76,Josh Machesney,josh-machesney,Forward,2,0,2,0,0,2021-2022,playoffs
1145,Playoffs 2022,2022-04-18,Rhinos,https://ormrhl.com/wp-content/uploads/2021/11/Rhinos_logo-128x128.png,#6B6F76,Lorne Feld,lorne-feld,Forward,1,0,1,0,0,2021-2022,playoffs
1145,Playoffs 2022,2022-04-18,Rhinos,https://ormrhl.com/wp-content/uploads/2021/11/Rhinos_logo-128x128.png,#6B6F76,Matthew Quintieri,matthew-quintieri,Forward,0,1,1,0,0,2021-2022,playoffs
1145,Playoffs 2022,2022-04-18,Rhinos,https://ormrhl.com/wp-content/uploads/2021/11/Rhinos_logo-128x128.png,#6B6F76,Mike Clements,mike-clements,Defence,0,1,1,0,0,2021-2022,playoffs
1145,Playoffs 2022,2022-04-18,Rhinos,https://ormrhl.com/wp-content/uploads/2021/11/Rhinos_logo-128x128.png,#6B6F76,Neil DeCantis,neil-decantis,Forward,4,0,4,1,0,2021-2022,playoffs
1145,Playoffs 2022,2022-04-18,Rhinos,https://ormrhl.com/wp-content/uploads/2021/11/Rhinos_logo-128x128.png,#6B6F76,Robert Doswell,robert-doswell,Defence,0,0,0,0,0,2021-2022,playoffs
1145,Playoffs 2022,2022-04-18,Rhinos,https://ormrhl.com/wp-content/uploads/2021/11/Rhinos_logo-128x128.png,#6B6F76,Robin Harrison,robin-harrison,Defence,0,1,1,1,0,2021-2022,playoffs
1145,Playoffs 2022,2022-04-18,Rhinos,https://ormrhl.com/wp-content/uploads/2021/11/Rhinos_logo-128x128.png,#6B6F76,Tom Coukos,tom-coukos,Forward,0,3,3,0,0,2021-2022,playoffs
falcons-vs-eagles-4,Playoffs 2022,2022-04-18,Eagles,https://ormrhl.com/wp-content/uploads/2021/11/Eagles_logo-128x128.png,#A31E2E,Anthony Loduca,anthony-loduca,Forward,0,0,0,0,0,2021-2022,playoffs
falcons-vs-eagles-4,Playoffs 2022,2022-04-18,Eagles,https://ormrhl.com/wp-content/uploads/2021/11/Eagles_logo-128x128.png,#A31E2E,Darren Desrosiers,darren-desrosiers,Forward,2,0,2,0,0,2021-2022,playoffs
falcons-vs-eagles-4,Playoffs 2022,2022-04-18,Eagles,https://ormrhl.com/wp-content/uploads/2021/11/Eagles_logo-128x128.png,#A31E2E,Hugh Smylie,hugh-smylie,Defence,0,0,0,0,0,2021-2022,playoffs
falcons-vs-eagles-4,Playoffs 2022,2022-04-18,Eagles,https://ormrhl.com/wp-content/uploads/2021/11/Eagles_logo-128x128.png,#A31E2E,James Counter,james-counter,Forward,0,0,0,0,0,2021-2022,playoffs
falcons-vs-eagles-4,Playoffs 2022,2022-04-18,Eagles,https://ormrhl.com/wp-content/uploads/2021/11/Eagles_logo-128x128.png,#A31E2E,Jeff Mitchell,jeff-mitchell,Defence,0,0,0,0,0,2021-2022,playoffs
falcons-vs-eagles-4,Playoffs 2022,2022-04-18,Eagles,https://ormrhl.com/wp-content/uploads/2021/11/Eagles_logo-128x128.png,#A31E2E,Joey Leger,joey-leger,Forward,0,1,1,0,0,2021-2022,playoffs
falcons-vs-eagles-4,Playoffs 2022,2022-04-18,Eagles,https://ormrhl.com/wp-content/uploads/2021/11/Eagles_logo-128x128.png,#A31E2E,Jordan Bodimeade,jordan-bodimeade,Forward,0,1,1,1,0,2021-2022,playoffs
falcons-vs-eagles-4,Playoffs 2022,2022-04-18,Eagles,https://ormrhl.com/wp-content/uploads/2021/11/Eagles_logo-128x128.png,#A31E2E,Larry Laughlin,larry-laughlin,Forward,0,0,0,0,0,2021-2022,playoffs
falcons-vs-eagles-4,Playoffs 2022,2022-04-18,Eagles,https://ormrhl.com/wp-content/uploads/2021/11/Eagles_logo-128x128.png,#A31E2E,Lucas Ackerman,lucas-ackerman,Forward,0,0,0,0,0,2021-2022,playoffs
falcons-vs-eagles-4,Playoffs 2022,2022-04-18,Eagles,https://ormrhl.com/wp-content/uploads/2021/11/Eagles_logo-128x128.png,#A31E2E,Mario Carriero,mario-carriero,Goaltender,0,0,0,0,0,2021-2022,playoffs
falcons-vs-eagles-4,Playoffs 2022,2022-04-18,Eagles,https://ormrhl.com/wp-content/uploads/2021/11/Eagles_logo-128x128.png,#A31E2E,Mario Mazzucco,mario-mazzucco,Forward,0,0,0,0,0,2021-2022,playoffs
falcons-vs-eagles-4,Playoffs 2022,2022-04-18,Eagles,https://ormrhl.com/wp-content/uploads/2021/11/Eagles_logo-128x128.png,#A31E2E,Scott Sutton,scott-sutton,Defence,0,0,0,0,0,2021-2022,playoffs
falcons-vs-eagles-4,Playoffs 2022,2022-04-18,Falcons,https://ormrhl.com/wp-content/uploads/2021/11/falcons_icon-128x128.png,#233A6B,Brandon Wellsbury,brandon-wellsbury,Forward,1,0,1,0,0,2021-2022,playoffs
falcons-vs-eagles-4,Playoffs 2022,2022-04-18,Falcons,https://ormrhl.com/wp-content/uploads/2021/11/falcons_icon-128x128.png,#233A6B,Dale Bishop,dale-bishop,Defence,0,0,0,0,0,2021-2022,playoffs
falcons-vs-eagles-4,Playoffs 2022,2022-04-18,Falcons,https://ormrhl.com/wp-content/uploads/2021/11/falcons_icon-128x128.png,#233A6B,Daniel Bishev,daniel-bishev,Forward,1,1,2,0,0,2021-2022,playoffs
falcons-vs-eagles-4,Playoffs 2022,2022-04-18,Falcons,https://ormrhl.com/wp-content/uploads/2021/11/falcons_icon-128x128.png,#233A6B,Jason Todd,jason-todd,Defence,0,0,0,0,0,2021-2022,playoffs
falcons-vs-eagles-4,Playoffs 2022,2022-04-18,Falcons,https://ormrhl.com/wp-content/uploads/2021/11/falcons_icon-128x128.png,#233A6B,Kari Paivio,kari-paivio,Forward,0,1,1,0,0,2021-2022,playoffs
falcons-vs-eagles-4,Playoffs 2022,2022-04-18,Falcons,https://ormrhl.com/wp-content/uploads/2021/11/falcons_icon-128x128.png,#233A6B,Leo Napolitano,leo-napolitano,Defence,0,2,2,0,0,2021-2022,playoffs
falcons-vs-eagles-4,Playoffs 2022,2022-04-18,Falcons,https://ormrhl.com/wp-content/uploads/2021/11/falcons_icon-128x128.png,#233A6B,Marco Dileo,marco-dileo,Forward,0,1,1,0,0,2021-2022,playoffs
falcons-vs-eagles-4,Playoffs 2022,2022-04-18,Falcons,https://ormrhl.com/wp-content/uploads/2021/11/falcons_icon-128x128.png,#233A6B,Nathan Loach,nathan-loach,Defence,1,0,1,0,0,2021-2022,playoffs
falcons-vs-eagles-4,Playoffs 2022,2022-04-18,Falcons,https://ormrhl.com/wp-content/uploads/2021/11/falcons_icon-128x128.png,#233A6B,Robbie Spencer,robbie-spencer,Forward,0,1,1,1,0,2021-2022,playoffs
falcons-vs-eagles-4,Playoffs 2022,2022-04-18,Falcons,https://ormrhl.com/wp-content/uploads/2021/11/falcons_icon-128x128.png,#233A6B,Rocco Malfara,rocco-malfara,Defence,0,0,0,0,0,2021-2022,playoffs
falcons-vs-eagles-4,Playoffs 2022,2022-04-18,Falcons,https://ormrhl.com/wp-content/uploads/2021/11/falcons_icon-128x128.png,#233A6B,Ryan Doggart,ryan-doggart,Forward,1,0,1,0,0,2021-2022,playoffs
falcons-vs-eagles-4,Playoffs 2022,2022-04-18,Falcons,https://ormrhl.com/wp-content/uploads/2021/11/falcons_icon-128x128.png,#233A6B,Trystan Lebrun,trystan-lebrun,Goaltender,0,0,0,0,0,2021-2022,playoffs
wildcats-vs-marlins-3,Playoffs 2022,2022-04-18,Marlins,https://ormrhl.com/wp-content/uploads/2021/11/marlins_logo-128x128.png,#1E8A8A,David Kane,david-kane,Forward,0,0,0,0,0,2021-2022,playoffs
wildcats-vs-marlins-3,Playoffs 2022,2022-04-18,Marlins,https://ormrhl.com/wp-content/uploads/2021/11/marlins_logo-128x128.png,#1E8A8A,Doug Grant,doug-grant,Forward,0,0,0,0,0,2021-2022,playoffs
wildcats-vs-marlins-3,Playoffs 2022,2022-04-18,Marlins,https://ormrhl.com/wp-content/uploads/2021/11/marlins_logo-128x128.png,#1E8A8A,Duncan Stalker,duncan-stalker,Defence,0,0,0,2,0,2021-2022,playoffs
wildcats-vs-marlins-3,Playoffs 2022,2022-04-18,Marlins,https://ormrhl.com/wp-content/uploads/2021/11/marlins_logo-128x128.png,#1E8A8A,Harrison Kane,harrison-kane,Defence,0,0,0,0,0,2021-2022,playoffs
wildcats-vs-marlins-3,Playoffs 2022,2022-04-18,Marlins,https://ormrhl.com/wp-content/uploads/2021/11/marlins_logo-128x128.png,#1E8A8A,Jackson Morgis,jackson-morgis,Goaltender,0,0,0,0,0,2021-2022,playoffs
wildcats-vs-marlins-3,Playoffs 2022,2022-04-18,Marlins,https://ormrhl.com/wp-content/uploads/2021/11/marlins_logo-128x128.png,#1E8A8A,Jeff Connor,jeff-connor,Forward,0,2,2,0,0,2021-2022,playoffs
wildcats-vs-marlins-3,Playoffs 2022,2022-04-18,Marlins,https://ormrhl.com/wp-content/uploads/2021/11/marlins_logo-128x128.png,#1E8A8A,Mack Charron,mack-charron,Forward,2,0,2,1,0,2021-2022,playoffs
wildcats-vs-marlins-3,Playoffs 2022,2022-04-18,Marlins,https://ormrhl.com/wp-content/uploads/2021/11/marlins_logo-128x128.png,#1E8A8A,Michael Montesanti,michael-montesanti,Forward,0,0,0,0,0,2021-2022,playoffs
wildcats-vs-marlins-3,Playoffs 2022,2022-04-18,Marlins,https://ormrhl.com/wp-content/uploads/2021/11/marlins_logo-128x128.png,#1E8A8A,Scott Browne,scott-browne,Forward,0,0,0,0,0,2021-2022,playoffs
wildcats-vs-marlins-3,Playoffs 2022,2022-04-18,Marlins,https://ormrhl.com/wp-content/uploads/2021/11/marlins_logo-128x128.png,#1E8A8A,Thomas Grant,thomas-grant,Defence,0,0,0,1,0,2021-2022,playoffs
wildcats-vs-marlins-3,Playoffs 2022,2022-04-18,Marlins,https://ormrhl.com/wp-content/uploads/2021/11/marlins_logo-128x128.png,#1E8A8A,Todd Wheeler,todd-wheeler,Forward,0,0,0,0,0,2021-2022,playoffs
wildcats-vs-marlins-3,Playoffs 2022,2022-04-18,Marlins,https://ormrhl.com/wp-content/uploads/2021/11/marlins_logo-128x128.png,#1E8A8A,Tyler Kozak,tyler-kozak,Defence,0,1,1,1,0,2021-2022,playoffs
wildcats-vs-marlins-3,Playoffs 2022,2022-04-18,Wildcats,https://ormrhl.com/wp-content/uploads/2021/11/wildcats_logo-128x128.png,#D97B29,Alex Kane,alex-kane,Defence,0,0,0,0,0,2021-2022,playoffs
wildcats-vs-marlins-3,Playoffs 2022,2022-04-18,Wildcats,https://ormrhl.com/wp-content/uploads/2021/11/wildcats_logo-128x128.png,#D97B29,Ben Wilton,ben-wilton,Defence,0,1,1,0,0,2021-2022,playoffs
wildcats-vs-marlins-3,Playoffs 2022,2022-04-18,Wildcats,https://ormrhl.com/wp-content/uploads/2021/11/wildcats_logo-128x128.png,#D97B29,Brian Hatton,brian-hatton,Goaltender,0,0,0,0,0,2021-2022,playoffs
wildcats-vs-marlins-3,Playoffs 2022,2022-04-18,Wildcats,https://ormrhl.com/wp-content/uploads/2021/11/wildcats_logo-128x128.png,#D97B29,Colby Clarke,colby-clarke,Forward,0,0,0,0,0,2021-2022,playoffs
wildcats-vs-marlins-3,Playoffs 2022,2022-04-18,Wildcats,https://ormrhl.com/wp-content/uploads/2021/11/wildcats_logo-128x128.png,#D97B29,Dan Montanari,dan-montanari,Forward,0,0,0,0,0,2021-2022,playoffs
wildcats-vs-marlins-3,Playoffs 2022,2022-04-18,Wildcats,https://ormrhl.com/wp-content/uploads/2021/11/wildcats_logo-128x128.png,#D97B29,Dan Richards,dan-richards,Forward,0,1,1,0,0,2021-2022,playoffs
wildcats-vs-marlins-3,Playoffs 2022,2022-04-18,Wildcats,https://ormrhl.com/wp-content/uploads/2021/11/wildcats_logo-128x128.png,#D97B29,Greg Sipprell,greg-sipprell2,Forward,0,1,1,0,0,2021-2022,playoffs
wildcats-vs-marlins-3,Playoffs 2022,2022-04-18,Wildcats,https://ormrhl.com/wp-content/uploads/2021/11/wildcats_logo-128x128.png,#D97B29,Jaro Verchkovski,jaro-verchkovski,Forward,0,0,0,0,0,2021-2022,playoffs
wildcats-vs-marlins-3,Playoffs 2022,2022-04-18,Wildcats,https://ormrhl.com/wp-content/uploads/2021/11/wildcats_logo-128x128.png,#D97B29,Lucas Kleine,lucas-kleine,Forward,0,0,0,0,0,2021-2022,playoffs
wildcats-vs-marlins-3,Playoffs 2022,2022-04-18,Wildcats,https://ormrhl.com/wp-content/uploads/2021/11/wildcats_logo-128x128.png,#D97B29,Pat Parent,pat-parent,Defence,0,0,0,0,0,2021-2022,playoffs
wildcats-vs-marlins-3,Playoffs 2022,2022-04-18,Wildcats,https://ormrhl.com/wp-content/uploads/2021/11/wildcats_logo-128x128.png,#D97B29,Paul Wolanski,paul-wolanski,Defence,0,0,0,0,0,2021-2022,playoffs
wildcats-vs-marlins-3,Playoffs 2022,2022-04-18,Wildcats,https://ormrhl.com/wp-content/uploads/2021/11/wildcats_logo-128x128.png,#D97B29,Rob Kleine,rob-kleine,Forward,0,0,0,0,0,2021-2022,playoffs
wildcats-vs-marlins-3,Playoffs 2022,2022-04-18,Wildcats,https://ormrhl.com/wp-content/uploads/2021/11/wildcats_logo-128x128.png,#D97B29,Ryan Smith,ryan-smith-og,Forward,2,0,2,0,0,2021-2022,playoffs
wildcats-vs-marlins-3,Playoffs 2022,2022-04-18,Wildcats,https://ormrhl.com/wp-content/uploads/2021/11/wildcats_logo-128x128.png,#D97B29,Serge Lossev,serge-lossev,Forward,0,0,0,0,0,2021-2022,playoffs
wildcats-vs-marlins-3,Playoffs 2022,2022-04-18,Wildcats,https://ormrhl.com/wp-content/uploads/2021/11/wildcats_logo-128x128.png,#D97B29,Victor Verchkovski,victor-verchkovski,Forward,1,0,1,0,0,2021-2022,playoffs
1148,Playoffs 2022,2022-04-21,Falcons,https://ormrhl.com/wp-content/uploads/2021/11/falcons_icon-128x128.png,#233A6B,Brandon Wellsbury,brandon-wellsbury,Forward,1,0,1,0,0,2021-2022,playoffs
1148,Playoffs 2022,2022-04-21,Falcons,https://ormrhl.com/wp-content/uploads/2021/11/falcons_icon-128x128.png,#233A6B,Dale Bishop,dale-bishop,Defence,1,2,3,0,0,2021-2022,playoffs
1148,Playoffs 2022,2022-04-21,Falcons,https://ormrhl.com/wp-content/uploads/2021/11/falcons_icon-128x128.png,#233A6B,Daniel Bishev,daniel-bishev,Forward,2,4,6,0,0,2021-2022,playoffs
1148,Playoffs 2022,2022-04-21,Falcons,https://ormrhl.com/wp-content/uploads/2021/11/falcons_icon-128x128.png,#233A6B,Jason Todd,jason-todd,Defence,0,1,1,0,0,2021-2022,playoffs
1148,Playoffs 2022,2022-04-21,Falcons,https://ormrhl.com/wp-content/uploads/2021/11/falcons_icon-128x128.png,#233A6B,Jonathan West,jonathan-west,Forward,0,1,1,1,0,2021-2022,playoffs
1148,Playoffs 2022,2022-04-21,Falcons,https://ormrhl.com/wp-content/uploads/2021/11/falcons_icon-128x128.png,#233A6B,Kari Paivio,kari-paivio,Forward,3,1,4,0,0,2021-2022,playoffs
1148,Playoffs 2022,2022-04-21,Falcons,https://ormrhl.com/wp-content/uploads/2021/11/falcons_icon-128x128.png,#233A6B,Leo Napolitano,leo-napolitano,Defence,0,0,0,0,0,2021-2022,playoffs
1148,Playoffs 2022,2022-04-21,Falcons,https://ormrhl.com/wp-content/uploads/2021/11/falcons_icon-128x128.png,#233A6B,Marco Dileo,marco-dileo,Forward,0,1,1,0,0,2021-2022,playoffs
1148,Playoffs 2022,2022-04-21,Falcons,https://ormrhl.com/wp-content/uploads/2021/11/falcons_icon-128x128.png,#233A6B,Nathan Loach,nathan-loach,Defence,0,2,2,0,0,2021-2022,playoffs
1148,Playoffs 2022,2022-04-21,Falcons,https://ormrhl.com/wp-content/uploads/2021/11/falcons_icon-128x128.png,#233A6B,Robbie Spencer,robbie-spencer,Forward,2,2,4,0,0,2021-2022,playoffs
1148,Playoffs 2022,2022-04-21,Falcons,https://ormrhl.com/wp-content/uploads/2021/11/falcons_icon-128x128.png,#233A6B,Ryan Doggart,ryan-doggart,Forward,0,1,1,0,0,2021-2022,playoffs
1148,Playoffs 2022,2022-04-21,Falcons,https://ormrhl.com/wp-content/uploads/2021/11/falcons_icon-128x128.png,#233A6B,Trystan Lebrun,trystan-lebrun,Goaltender,0,0,0,0,0,2021-2022,playoffs
1148,Playoffs 2022,2022-04-21,Wildcats,https://ormrhl.com/wp-content/uploads/2021/11/wildcats_logo-128x128.png,#D97B29,Alex Kane,alex-kane,Defence,0,0,0,0,0,2021-2022,playoffs
1148,Playoffs 2022,2022-04-21,Wildcats,https://ormrhl.com/wp-content/uploads/2021/11/wildcats_logo-128x128.png,#D97B29,Ben Wilton,ben-wilton,Defence,0,0,0,0,0,2021-2022,playoffs
1148,Playoffs 2022,2022-04-21,Wildcats,https://ormrhl.com/wp-content/uploads/2021/11/wildcats_logo-128x128.png,#D97B29,Brian Hatton,brian-hatton,Goaltender,0,0,0,0,0,2021-2022,playoffs
1148,Playoffs 2022,2022-04-21,Wildcats,https://ormrhl.com/wp-content/uploads/2021/11/wildcats_logo-128x128.png,#D97B29,Dan Richards,dan-richards,Forward,0,0,0,0,0,2021-2022,playoffs
1148,Playoffs 2022,2022-04-21,Wildcats,https://ormrhl.com/wp-content/uploads/2021/11/wildcats_logo-128x128.png,#D97B29,Greg Sipprell,greg-sipprell2,Forward,0,0,0,0,0,2021-2022,playoffs
1148,Playoffs 2022,2022-04-21,Wildcats,https://ormrhl.com/wp-content/uploads/2021/11/wildcats_logo-128x128.png,#D97B29,Lucas Kleine,lucas-kleine,Forward,0,0,0,0,0,2021-2022,playoffs
1148,Playoffs 2022,2022-04-21,Wildcats,https://ormrhl.com/wp-content/uploads/2021/11/wildcats_logo-128x128.png,#D97B29,Pat Parent,pat-parent,Defence,0,0,0,0,0,2021-2022,playoffs
1148,Playoffs 2022,2022-04-21,Wildcats,https://ormrhl.com/wp-content/uploads/2021/11/wildcats_logo-128x128.png,#D97B29,Paul Wolanski,paul-wolanski,Defence,1,0,1,1,0,2021-2022,playoffs
1148,Playoffs 2022,2022-04-21,Wildcats,https://ormrhl.com/wp-content/uploads/2021/11/wildcats_logo-128x128.png,#D97B29,Rob Kleine,rob-kleine,Forward,0,0,0,0,0,2021-2022,playoffs
1148,Playoffs 2022,2022-04-21,Wildcats,https://ormrhl.com/wp-content/uploads/2021/11/wildcats_logo-128x128.png,#D97B29,Ryan Smith,ryan-smith-og,Forward,0,1,1,0,0,2021-2022,playoffs
1149,Playoffs 2022,2022-04-21,Marlins,https://ormrhl.com/wp-content/uploads/2021/11/marlins_logo-128x128.png,#1E8A8A,David Kane,david-kane,Forward,0,0,0,0,0,2021-2022,playoffs
1149,Playoffs 2022,2022-04-21,Marlins,https://ormrhl.com/wp-content/uploads/2021/11/marlins_logo-128x128.png,#1E8A8A,Doug Grant,doug-grant,Forward,0,0,0,0,0,2021-2022,playoffs
1149,Playoffs 2022,2022-04-21,Marlins,https://ormrhl.com/wp-content/uploads/2021/11/marlins_logo-128x128.png,#1E8A8A,Duncan Stalker,duncan-stalker,Defence,0,0,0,0,0,2021-2022,playoffs
1149,Playoffs 2022,2022-04-21,Marlins,https://ormrhl.com/wp-content/uploads/2021/11/marlins_logo-128x128.png,#1E8A8A,Harrison Kane,harrison-kane,Defence,0,0,0,0,0,2021-2022,playoffs
1149,Playoffs 2022,2022-04-21,Marlins,https://ormrhl.com/wp-content/uploads/2021/11/marlins_logo-128x128.png,#1E8A8A,Jackson Morgis,jackson-morgis,Goalie,0,0,0,0,0,2021-2022,playoffs
1149,Playoffs 2022,2022-04-21,Marlins,https://ormrhl.com/wp-content/uploads/2021/11/marlins_logo-128x128.png,#1E8A8A,Jeff Connor,jeff-connor,Forward,0,0,0,0,0,2021-2022,playoffs
1149,Playoffs 2022,2022-04-21,Marlins,https://ormrhl.com/wp-content/uploads/2021/11/marlins_logo-128x128.png,#1E8A8A,Jeremy Grey,jeremy-grey,Defence,0,0,0,0,0,2021-2022,playoffs
1149,Playoffs 2022,2022-04-21,Marlins,https://ormrhl.com/wp-content/uploads/2021/11/marlins_logo-128x128.png,#1E8A8A,Mack Charron,mack-charron,Forward,0,0,0,0,0,2021-2022,playoffs
1149,Playoffs 2022,2022-04-21,Marlins,https://ormrhl.com/wp-content/uploads/2021/11/marlins_logo-128x128.png,#1E8A8A,Michael Montesanti,michael-montesanti,Forward,0,0,0,0,0,2021-2022,playoffs
1149,Playoffs 2022,2022-04-21,Marlins,https://ormrhl.com/wp-content/uploads/2021/11/marlins_logo-128x128.png,#1E8A8A,Scott Browne,scott-browne,Defence,0,0,0,0,0,2021-2022,playoffs
1149,Playoffs 2022,2022-04-21,Marlins,https://ormrhl.com/wp-content/uploads/2021/11/marlins_logo-128x128.png,#1E8A8A,Thomas Grant,thomas-grant,Defence,0,0,0,0,0,2021-2022,playoffs
1149,Playoffs 2022,2022-04-21,Marlins,https://ormrhl.com/wp-content/uploads/2021/11/marlins_logo-128x128.png,#1E8A8A,Todd Wheeler,todd-wheeler,Forward,0,0,0,0,0,2021-2022,playoffs
1149,Playoffs 2022,2022-04-21,Marlins,https://ormrhl.com/wp-content/uploads/2021/11/marlins_logo-128x128.png,#1E8A8A,Tyler Kozak,tyler-kozak,Defence,0,0,0,0,0,2021-2022,playoffs
1149,Playoffs 2022,2022-04-21,Rhinos,https://ormrhl.com/wp-content/uploads/2021/11/Rhinos_logo-128x128.png,#6B6F76,Adam Klein,adam-klein,Forward,0,0,0,0,0,2021-2022,playoffs
1149,Playoffs 2022,2022-04-21,Rhinos,https://ormrhl.com/wp-content/uploads/2021/11/Rhinos_logo-128x128.png,#6B6F76,Anthony Ventrella,anthony-ventrella,Forward,0,0,0,0,0,2021-2022,playoffs
1149,Playoffs 2022,2022-04-21,Rhinos,https://ormrhl.com/wp-content/uploads/2021/11/Rhinos_logo-128x128.png,#6B6F76,Gianluca Santocono,gianluca-santocono,Defence,0,0,0,0,0,2021-2022,playoffs
1149,Playoffs 2022,2022-04-21,Rhinos,https://ormrhl.com/wp-content/uploads/2021/11/Rhinos_logo-128x128.png,#6B6F76,Jeff Goodman,jeff-goodman,Goalie,0,0,0,0,0,2021-2022,playoffs
1149,Playoffs 2022,2022-04-21,Rhinos,https://ormrhl.com/wp-content/uploads/2021/11/Rhinos_logo-128x128.png,#6B6F76,Lorne Feld,lorne-feld,Forward,0,0,0,0,0,2021-2022,playoffs
1149,Playoffs 2022,2022-04-21,Rhinos,https://ormrhl.com/wp-content/uploads/2021/11/Rhinos_logo-128x128.png,#6B6F76,Matthew Quintieri,matthew-quintieri,Forward,0,0,0,0,0,2021-2022,playoffs
1149,Playoffs 2022,2022-04-21,Rhinos,https://ormrhl.com/wp-content/uploads/2021/11/Rhinos_logo-128x128.png,#6B6F76,Mike Clements,mike-clements,Defence,0,0,0,0,0,2021-2022,playoffs
1149,Playoffs 2022,2022-04-21,Rhinos,https://ormrhl.com/wp-content/uploads/2021/11/Rhinos_logo-128x128.png,#6B6F76,Neil DeCantis,neil-decantis,Forward,0,0,0,0,0,2021-2022,playoffs
1149,Playoffs 2022,2022-04-21,Rhinos,https://ormrhl.com/wp-content/uploads/2021/11/Rhinos_logo-128x128.png,#6B6F76,Robert Doswell,robert-doswell,Defence,0,0,0,0,0,2021-2022,playoffs
1149,Playoffs 2022,2022-04-21,Rhinos,https://ormrhl.com/wp-content/uploads/2021/11/Rhinos_logo-128x128.png,#6B6F76,Tom Coukos,tom-coukos,Forward,0,0,0,0,0,2021-2022,playoffs
1150,Playoffs 2022,2022-04-21,Cobras,https://ormrhl.com/wp-content/uploads/2021/11/Cobras_Logo-128x128.png,#2B8C5C,Adrian Iudiciani,adrian-iudiciani,Forward,1,2,3,0,0,2021-2022,playoffs
1150,Playoffs 2022,2022-04-21,Cobras,https://ormrhl.com/wp-content/uploads/2021/11/Cobras_Logo-128x128.png,#2B8C5C,Angelo Capone,angelo-capone,Forward,0,0,0,0,0,2021-2022,playoffs
1150,Playoffs 2022,2022-04-21,Cobras,https://ormrhl.com/wp-content/uploads/2021/11/Cobras_Logo-128x128.png,#2B8C5C,Brandon De Assuncao,brandon-de-assuncao,Forward,0,0,0,0,0,2021-2022,playoffs
1150,Playoffs 2022,2022-04-21,Cobras,https://ormrhl.com/wp-content/uploads/2021/11/Cobras_Logo-128x128.png,#2B8C5C,James Mitchell,james-mitchell,Forward,1,1,2,0,0,2021-2022,playoffs
1150,Playoffs 2022,2022-04-21,Cobras,https://ormrhl.com/wp-content/uploads/2021/11/Cobras_Logo-128x128.png,#2B8C5C,John Ventrella,john-ventrella,Forward,0,0,0,0,0,2021-2022,playoffs
1150,Playoffs 2022,2022-04-21,Cobras,https://ormrhl.com/wp-content/uploads/2021/11/Cobras_Logo-128x128.png,#2B8C5C,Justin Pappianni,justin-papaianni,Forward,0,0,0,0,0,2021-2022,playoffs
1150,Playoffs 2022,2022-04-21,Cobras,https://ormrhl.com/wp-content/uploads/2021/11/Cobras_Logo-128x128.png,#2B8C5C,Mark Mitchell,mark-mitchell,Defence,0,0,0,0,0,2021-2022,playoffs
1150,Playoffs 2022,2022-04-21,Cobras,https://ormrhl.com/wp-content/uploads/2021/11/Cobras_Logo-128x128.png,#2B8C5C,Michael English,michael-english,Defence,0,0,0,0,0,2021-2022,playoffs
1150,Playoffs 2022,2022-04-21,Cobras,https://ormrhl.com/wp-content/uploads/2021/11/Cobras_Logo-128x128.png,#2B8C5C,PJ Harrison,pj-harrison,Goaltender,0,0,0,0,0,2021-2022,playoffs
1150,Playoffs 2022,2022-04-21,Cobras,https://ormrhl.com/wp-content/uploads/2021/11/Cobras_Logo-128x128.png,#2B8C5C,Steve Souphanthong,steve-souphanthong,Forward,2,0,2,0,0,2021-2022,playoffs
1150,Playoffs 2022,2022-04-21,Cobras,https://ormrhl.com/wp-content/uploads/2021/11/Cobras_Logo-128x128.png,#2B8C5C,Tyler Doyle,tyler-doyle,Forward,1,1,2,0,0,2021-2022,playoffs
1150,Playoffs 2022,2022-04-21,Eagles,https://ormrhl.com/wp-content/uploads/2021/11/Eagles_logo-128x128.png,#A31E2E,Anthony Loduca,anthony-loduca,Forward,0,2,2,0,0,2021-2022,playoffs
1150,Playoffs 2022,2022-04-21,Eagles,https://ormrhl.com/wp-content/uploads/2021/11/Eagles_logo-128x128.png,#A31E2E,Darren Desrosiers,darren-desrosiers,Forward,4,2,6,0,0,2021-2022,playoffs
1150,Playoffs 2022,2022-04-21,Eagles,https://ormrhl.com/wp-content/uploads/2021/11/Eagles_logo-128x128.png,#A31E2E,Hugh Smylie,hugh-smylie,Defence,2,1,3,0,0,2021-2022,playoffs
1150,Playoffs 2022,2022-04-21,Eagles,https://ormrhl.com/wp-content/uploads/2021/11/Eagles_logo-128x128.png,#A31E2E,James Counter,james-counter,Forward,1,2,3,0,0,2021-2022,playoffs
1150,Playoffs 2022,2022-04-21,Eagles,https://ormrhl.com/wp-content/uploads/2021/11/Eagles_logo-128x128.png,#A31E2E,Jeff Mitchell,jeff-mitchell,Defence,0,2,2,0,0,2021-2022,playoffs
1150,Playoffs 2022,2022-04-21,Eagles,https://ormrhl.com/wp-content/uploads/2021/11/Eagles_logo-128x128.png,#A31E2E,Joey Leger,joey-leger,Forward,0,0,0,0,0,2021-2022,playoffs
1150,Playoffs 2022,2022-04-21,Eagles,https://ormrhl.com/wp-content/uploads/2021/11/Eagles_logo-128x128.png,#A31E2E,Jordan Bodimeade,jordan-bodimeade,Forward,1,1,2,0,0,2021-2022,playoffs
1150,Playoffs 2022,2022-04-21,Eagles,https://ormrhl.com/wp-content/uploads/2021/11/Eagles_logo-128x128.png,#A31E2E,Lucas Ackerman,lucas-ackerman,Forward,0,3,3,0,0,2021-2022,playoffs
1150,Playoffs 2022,2022-04-21,Eagles,https://ormrhl.com/wp-content/uploads/2021/11/Eagles_logo-128x128.png,#A31E2E,Mario Carriero,mario-carriero,Goaltender,0,0,0,0,0,2021-2022,playoffs
1150,Playoffs 2022,2022-04-21,Eagles,https://ormrhl.com/wp-content/uploads/2021/11/Eagles_logo-128x128.png,#A31E2E,Mario Mazzucco,mario-mazzucco,Forward,2,1,3,0,0,2021-2022,playoffs
1150,Playoffs 2022,2022-04-21,Eagles,https://ormrhl.com/wp-content/uploads/2021/11/Eagles_logo-128x128.png,#A31E2E,Scott Sutton,scott-sutton,Defence,0,1,1,0,0,2021-2022,playoffs
wildcats-vs-cobras,Playoffs 2022,2022-04-23,Cobras,https://ormrhl.com/wp-content/uploads/2021/11/Cobras_Logo-128x128.png,#2B8C5C,Angelo Capone,angelo-capone,Forward,0,2,2,0,0,2021-2022,playoffs
wildcats-vs-cobras,Playoffs 2022,2022-04-23,Cobras,https://ormrhl.com/wp-content/uploads/2021/11/Cobras_Logo-128x128.png,#2B8C5C,Brandon De Assuncao,brandon-de-assuncao,Forward,0,0,0,0,0,2021-2022,playoffs
wildcats-vs-cobras,Playoffs 2022,2022-04-23,Cobras,https://ormrhl.com/wp-content/uploads/2021/11/Cobras_Logo-128x128.png,#2B8C5C,James Mitchell,james-mitchell,Forward,3,2,5,0,0,2021-2022,playoffs
wildcats-vs-cobras,Playoffs 2022,2022-04-23,Cobras,https://ormrhl.com/wp-content/uploads/2021/11/Cobras_Logo-128x128.png,#2B8C5C,John Ventrella,john-ventrella,Forward,0,0,0,0,0,2021-2022,playoffs
wildcats-vs-cobras,Playoffs 2022,2022-04-23,Cobras,https://ormrhl.com/wp-content/uploads/2021/11/Cobras_Logo-128x128.png,#2B8C5C,Justin Pappianni,justin-papaianni,Forward,0,0,0,0,0,2021-2022,playoffs
wildcats-vs-cobras,Playoffs 2022,2022-04-23,Cobras,https://ormrhl.com/wp-content/uploads/2021/11/Cobras_Logo-128x128.png,#2B8C5C,Mark Mitchell,mark-mitchell,Defence,0,0,0,0,0,2021-2022,playoffs
wildcats-vs-cobras,Playoffs 2022,2022-04-23,Cobras,https://ormrhl.com/wp-content/uploads/2021/11/Cobras_Logo-128x128.png,#2B8C5C,Michael English,michael-english,Defence,0,0,0,0,0,2021-2022,playoffs
wildcats-vs-cobras,Playoffs 2022,2022-04-23,Cobras,https://ormrhl.com/wp-content/uploads/2021/11/Cobras_Logo-128x128.png,#2B8C5C,PJ Harrison,pj-harrison,Goaltender,0,0,0,0,0,2021-2022,playoffs
wildcats-vs-cobras,Playoffs 2022,2022-04-23,Cobras,https://ormrhl.com/wp-content/uploads/2021/11/Cobras_Logo-128x128.png,#2B8C5C,Tyler Doyle,tyler-doyle,Forward,3,1,4,0,0,2021-2022,playoffs
wildcats-vs-cobras,Playoffs 2022,2022-04-23,Wildcats,https://ormrhl.com/wp-content/uploads/2021/11/wildcats_logo-128x128.png,#D97B29,Dan Richards,dan-richards,Forward,0,1,1,0,0,2021-2022,playoffs
wildcats-vs-cobras,Playoffs 2022,2022-04-23,Wildcats,https://ormrhl.com/wp-content/uploads/2021/11/wildcats_logo-128x128.png,#D97B29,Jaro Verchkovski,jaro-verchkovski,Forward,2,0,2,0,0,2021-2022,playoffs
wildcats-vs-cobras,Playoffs 2022,2022-04-23,Wildcats,https://ormrhl.com/wp-content/uploads/2021/11/wildcats_logo-128x128.png,#D97B29,Lucas Kleine,lucas-kleine,Forward,0,0,0,0,0,2021-2022,playoffs
wildcats-vs-cobras,Playoffs 2022,2022-04-23,Wildcats,https://ormrhl.com/wp-content/uploads/2021/11/wildcats_logo-128x128.png,#D97B29,Pat Parent,pat-parent,Defence,0,0,0,0,0,2021-2022,playoffs
wildcats-vs-cobras,Playoffs 2022,2022-04-23,Wildcats,https://ormrhl.com/wp-content/uploads/2021/11/wildcats_logo-128x128.png,#D97B29,Paul Wolanski,paul-wolanski,Defence,0,1,1,0,0,2021-2022,playoffs
wildcats-vs-cobras,Playoffs 2022,2022-04-23,Wildcats,https://ormrhl.com/wp-content/uploads/2021/11/wildcats_logo-128x128.png,#D97B29,Ryan Smith,ryan-smith-og,Forward,1,3,4,0,0,2021-2022,playoffs
wildcats-vs-cobras,Playoffs 2022,2022-04-23,Wildcats,https://ormrhl.com/wp-content/uploads/2021/11/wildcats_logo-128x128.png,#D97B29,Serge Lossev,serge-lossev,Forward,1,0,1,0,0,2021-2022,playoffs
1012,Regular Season 2021-2022,2021-11-01,Cobras,https://ormrhl.com/wp-content/uploads/2021/11/Cobras_Logo-128x128.png,#2B8C5C,Adrian Iudiciani,adrian-iudiciani,Forward,2,0,2,0,0,2021-2022,regular
1012,Regular Season 2021-2022,2021-11-01,Cobras,https://ormrhl.com/wp-content/uploads/2021/11/Cobras_Logo-128x128.png,#2B8C5C,Angelo Capone,angelo-capone,Forward,1,0,1,0,0,2021-2022,regular
1012,Regular Season 2021-2022,2021-11-01,Cobras,https://ormrhl.com/wp-content/uploads/2021/11/Cobras_Logo-128x128.png,#2B8C5C,Brandon De Assuncao,brandon-de-assuncao,Forward,0,0,0,0,0,2021-2022,regular
1012,Regular Season 2021-2022,2021-11-01,Cobras,https://ormrhl.com/wp-content/uploads/2021/11/Cobras_Logo-128x128.png,#2B8C5C,James Mitchell,james-mitchell,Forward,0,1,1,0,0,2021-2022,regular
1012,Regular Season 2021-2022,2021-11-01,Cobras,https://ormrhl.com/wp-content/uploads/2021/11/Cobras_Logo-128x128.png,#2B8C5C,John Ventrella,john-ventrella,Forward,0,1,1,0,0,2021-2022,regular
1012,Regular Season 2021-2022,2021-11-01,Cobras,https://ormrhl.com/wp-content/uploads/2021/11/Cobras_Logo-128x128.png,#2B8C5C,Justin Pappianni,justin-papaianni,Forward,0,0,0,0,0,2021-2022,regular
1012,Regular Season 2021-2022,2021-11-01,Cobras,https://ormrhl.com/wp-content/uploads/2021/11/Cobras_Logo-128x128.png,#2B8C5C,Kevin Hinton,kevin-hinton,Forward,0,0,0,0,0,2021-2022,regular
1012,Regular Season 2021-2022,2021-11-01,Cobras,https://ormrhl.com/wp-content/uploads/2021/11/Cobras_Logo-128x128.png,#2B8C5C,Mark Mitchell,mark-mitchell,Defence,0,0,0,0,0,2021-2022,regular
1012,Regular Season 2021-2022,2021-11-01,Cobras,https://ormrhl.com/wp-content/uploads/2021/11/Cobras_Logo-128x128.png,#2B8C5C,Massimo Venditti,massimo-venditti,Forward,0,0,0,0,0,2021-2022,regular
1012,Regular Season 2021-2022,2021-11-01,Cobras,https://ormrhl.com/wp-content/uploads/2021/11/Cobras_Logo-128x128.png,#2B8C5C,Michael English,michael-english,Defence,0,0,0,0,0,2021-2022,regular
1012,Regular Season 2021-2022,2021-11-01,Cobras,https://ormrhl.com/wp-content/uploads/2021/11/Cobras_Logo-128x128.png,#2B8C5C,PJ Harrison,pj-harrison,Goaltender,0,0,0,0,0,2021-2022,regular
1012,Regular Season 2021-2022,2021-11-01,Cobras,https://ormrhl.com/wp-content/uploads/2021/11/Cobras_Logo-128x128.png,#2B8C5C,Tyler Doyle,tyler-doyle,Forward,0,0,0,0,0,2021-2022,regular
1012,Regular Season 2021-2022,2021-11-01,Wildcats,https://ormrhl.com/wp-content/uploads/2021/11/wildcats_logo-128x128.png,#D97B29,Anthony Ventrella,anthony-ventrella,Forward,0,0,0,0,0,2021-2022,regular
1012,Regular Season 2021-2022,2021-11-01,Wildcats,https://ormrhl.com/wp-content/uploads/2021/11/wildcats_logo-128x128.png,#D97B29,Brian Hatton,brian-hatton,Goaltender,0,0,0,0,0,2021-2022,regular
1012,Regular Season 2021-2022,2021-11-01,Wildcats,https://ormrhl.com/wp-content/uploads/2021/11/wildcats_logo-128x128.png,#D97B29,Colby Clarke,colby-clarke,Forward,3,0,3,0,0,2021-2022,regular
1012,Regular Season 2021-2022,2021-11-01,Wildcats,https://ormrhl.com/wp-content/uploads/2021/11/wildcats_logo-128x128.png,#D97B29,Dan Richards,dan-richards,Forward,0,2,2,0,0,2021-2022,regular
1012,Regular Season 2021-2022,2021-11-01,Wildcats,https://ormrhl.com/wp-content/uploads/2021/11/wildcats_logo-128x128.png,#D97B29,Gianluca Santocono,gianluca-santocono,Defence,0,0,0,0,0,2021-2022,regular
1012,Regular Season 2021-2022,2021-11-01,Wildcats,https://ormrhl.com/wp-content/uploads/2021/11/wildcats_logo-128x128.png,#D97B29,Greg Sipprell,greg-sipprell2,Forward,1,1,2,0,0,2021-2022,regular
1012,Regular Season 2021-2022,2021-11-01,Wildcats,https://ormrhl.com/wp-content/uploads/2021/11/wildcats_logo-128x128.png,#D97B29,Jaro Verchkovski,jaro-verchkovski,Forward,0,0,0,0,0,2021-2022,regular
1012,Regular Season 2021-2022,2021-11-01,Wildcats,https://ormrhl.com/wp-content/uploads/2021/11/wildcats_logo-128x128.png,#D97B29,Lucas Kleine,lucas-kleine,Forward,0,0,0,0,0,2021-2022,regular
1012,Regular Season 2021-2022,2021-11-01,Wildcats,https://ormrhl.com/wp-content/uploads/2021/11/wildcats_logo-128x128.png,#D97B29,Pat Parent,pat-parent,Defence,0,1,1,0,0,2021-2022,regular
1012,Regular Season 2021-2022,2021-11-01,Wildcats,https://ormrhl.com/wp-content/uploads/2021/11/wildcats_logo-128x128.png,#D97B29,Paul Wolanski,paul-wolanski,Defence,0,1,1,0,0,2021-2022,regular
1012,Regular Season 2021-2022,2021-11-01,Wildcats,https://ormrhl.com/wp-content/uploads/2021/11/wildcats_logo-128x128.png,#D97B29,Rob Kleine,rob-kleine,Forward,0,0,0,0,0,2021-2022,regular
1012,Regular Season 2021-2022,2021-11-01,Wildcats,https://ormrhl.com/wp-content/uploads/2021/11/wildcats_logo-128x128.png,#D97B29,Ryan Smith,ryan-smith-og,Forward,0,0,0,0,0,2021-2022,regular
1012,Regular Season 2021-2022,2021-11-01,Wildcats,https://ormrhl.com/wp-content/uploads/2021/11/wildcats_logo-128x128.png,#D97B29,Serge Lossev,serge-lossev,Forward,0,0,0,0,0,2021-2022,regular
1012,Regular Season 2021-2022,2021-11-01,Wildcats,https://ormrhl.com/wp-content/uploads/2021/11/wildcats_logo-128x128.png,#D97B29,Victor Verchkovski,victor-verchkovski,Forward,1,0,1,0,0,2021-2022,regular
1013,Regular Season 2021-2022,2021-11-01,Eagles,https://ormrhl.com/wp-content/uploads/2021/11/Eagles_logo-128x128.png,#A31E2E,Alex Disera,alex-disera,Forward,0,0,0,0,0,2021-2022,regular
1013,Regular Season 2021-2022,2021-11-01,Eagles,https://ormrhl.com/wp-content/uploads/2021/11/Eagles_logo-128x128.png,#A31E2E,Anthony Loduca,anthony-loduca,Forward,1,0,1,0,0,2021-2022,regular
1013,Regular Season 2021-2022,2021-11-01,Eagles,https://ormrhl.com/wp-content/uploads/2021/11/Eagles_logo-128x128.png,#A31E2E,Darren Desrosiers,darren-desrosiers,Forward,3,0,3,0,0,2021-2022,regular
1013,Regular Season 2021-2022,2021-11-01,Eagles,https://ormrhl.com/wp-content/uploads/2021/11/Eagles_logo-128x128.png,#A31E2E,Drew Grasse,drew-grasse,Forward,0,0,0,0,0,2021-2022,regular
1013,Regular Season 2021-2022,2021-11-01,Eagles,https://ormrhl.com/wp-content/uploads/2021/11/Eagles_logo-128x128.png,#A31E2E,Hugh Smylie,hugh-smylie,Defence,0,0,0,0,0,2021-2022,regular
1013,Regular Season 2021-2022,2021-11-01,Eagles,https://ormrhl.com/wp-content/uploads/2021/11/Eagles_logo-128x128.png,#A31E2E,James Counter,james-counter,Forward,0,2,2,0,0,2021-2022,regular
1013,Regular Season 2021-2022,2021-11-01,Eagles,https://ormrhl.com/wp-content/uploads/2021/11/Eagles_logo-128x128.png,#A31E2E,Jeff Mitchell,jeff-mitchell,Defence,0,0,0,0,0,2021-2022,regular
1013,Regular Season 2021-2022,2021-11-01,Eagles,https://ormrhl.com/wp-content/uploads/2021/11/Eagles_logo-128x128.png,#A31E2E,Joey Leger,joey-leger,Forward,0,0,0,0,0,2021-2022,regular
1013,Regular Season 2021-2022,2021-11-01,Eagles,https://ormrhl.com/wp-content/uploads/2021/11/Eagles_logo-128x128.png,#A31E2E,Jordan Bodimeade,jordan-bodimeade,Forward,0,1,1,0,0,2021-2022,regular
1013,Regular Season 2021-2022,2021-11-01,Eagles,https://ormrhl.com/wp-content/uploads/2021/11/Eagles_logo-128x128.png,#A31E2E,Lucas Ackerman,lucas-ackerman,Forward,0,0,0,0,0,2021-2022,regular
1013,Regular Season 2021-2022,2021-11-01,Eagles,https://ormrhl.com/wp-content/uploads/2021/11/Eagles_logo-128x128.png,#A31E2E,Mario Carriero,mario-carriero,Goaltender,0,0,0,0,0,2021-2022,regular
1013,Regular Season 2021-2022,2021-11-01,Eagles,https://ormrhl.com/wp-content/uploads/2021/11/Eagles_logo-128x128.png,#A31E2E,Mario Mazzucco,mario-mazzucco,Forward,0,1,1,0,0,2021-2022,regular
1013,Regular Season 2021-2022,2021-11-01,Eagles,https://ormrhl.com/wp-content/uploads/2021/11/Eagles_logo-128x128.png,#A31E2E,Mike Clements,mike-clements,Defence,0,1,1,0,0,2021-2022,regular
1013,Regular Season 2021-2022,2021-11-01,Eagles,https://ormrhl.com/wp-content/uploads/2021/11/Eagles_logo-128x128.png,#A31E2E,Robert Doswell,robert-doswell,Defence,0,0,0,0,0,2021-2022,regular
1013,Regular Season 2021-2022,2021-11-01,Eagles,https://ormrhl.com/wp-content/uploads/2021/11/Eagles_logo-128x128.png,#A31E2E,Scott Sutton,scott-sutton,Defence,0,2,2,0,0,2021-2022,regular
1013,Regular Season 2021-2022,2021-11-01,Rhinos,https://ormrhl.com/wp-content/uploads/2021/11/Rhinos_logo-128x128.png,#6B6F76,Adam Klein,adam-klein,Forward,0,0,0,0,0,2021-2022,regular
1013,Regular Season 2021-2022,2021-11-01,Rhinos,https://ormrhl.com/wp-content/uploads/2021/11/Rhinos_logo-128x128.png,#6B6F76,Dan Montanari,dan-montanari,Forward,0,0,0,0,0,2021-2022,regular
1013,Regular Season 2021-2022,2021-11-01,Rhinos,https://ormrhl.com/wp-content/uploads/2021/11/Rhinos_logo-128x128.png,#6B6F76,Daniel De Angelis,daniel-de-angelis,Defence,0,0,0,0,0,2021-2022,regular
1013,Regular Season 2021-2022,2021-11-01,Rhinos,https://ormrhl.com/wp-content/uploads/2021/11/Rhinos_logo-128x128.png,#6B6F76,Jeff Goodman,jeff-goodman,Goaltender,0,0,0,0,0,2021-2022,regular
1013,Regular Season 2021-2022,2021-11-01,Rhinos,https://ormrhl.com/wp-content/uploads/2021/11/Rhinos_logo-128x128.png,#6B6F76,Josh Machesney,josh-machesney,Forward,2,1,3,0,0,2021-2022,regular
1013,Regular Season 2021-2022,2021-11-01,Rhinos,https://ormrhl.com/wp-content/uploads/2021/11/Rhinos_logo-128x128.png,#6B6F76,Lorne Feld,lorne-feld,Forward,0,0,0,0,0,2021-2022,regular
1013,Regular Season 2021-2022,2021-11-01,Rhinos,https://ormrhl.com/wp-content/uploads/2021/11/Rhinos_logo-128x128.png,#6B6F76,Matthew Quintieri,matthew-quintieri,Forward,0,1,1,1,0,2021-2022,regular
1013,Regular Season 2021-2022,2021-11-01,Rhinos,https://ormrhl.com/wp-content/uploads/2021/11/Rhinos_logo-128x128.png,#6B6F76,Neil DeCantis,neil-decantis,Forward,0,1,1,0,0,2021-2022,regular
1013,Regular Season 2021-2022,2021-11-01,Rhinos,https://ormrhl.com/wp-content/uploads/2021/11/Rhinos_logo-128x128.png,#6B6F76,Rob Iudiciani,rob-iudiciani,Defence,0,0,0,0,0,2021-2022,regular
1013,Regular Season 2021-2022,2021-11-01,Rhinos,https://ormrhl.com/wp-content/uploads/2021/11/Rhinos_logo-128x128.png,#6B6F76,Robin Harrison,robin-harrison,Defence,0,0,0,0,0,2021-2022,regular
1013,Regular Season 2021-2022,2021-11-01,Rhinos,https://ormrhl.com/wp-content/uploads/2021/11/Rhinos_logo-128x128.png,#6B6F76,Tom Coukos,tom-coukos,Forward,2,1,3,1,0,2021-2022,regular
1014,Regular Season 2021-2022,2021-11-01,Falcons,https://ormrhl.com/wp-content/uploads/2021/11/falcons_icon-128x128.png,#233A6B,Brandon Wellsbury,brandon-wellsbury,Forward,1,1,2,0,0,2021-2022,regular
1014,Regular Season 2021-2022,2021-11-01,Falcons,https://ormrhl.com/wp-content/uploads/2021/11/falcons_icon-128x128.png,#233A6B,Dale Bishop,dale-bishop,Defence,0,0,0,0,0,2021-2022,regular
1014,Regular Season 2021-2022,2021-11-01,Falcons,https://ormrhl.com/wp-content/uploads/2021/11/falcons_icon-128x128.png,#233A6B,Derek Marsham,derek-marsham,Forward,0,2,2,0,0,2021-2022,regular
1014,Regular Season 2021-2022,2021-11-01,Falcons,https://ormrhl.com/wp-content/uploads/2021/11/falcons_icon-128x128.png,#233A6B,Jason Todd,jason-todd,Defence,0,1,1,0,0,2021-2022,regular
1014,Regular Season 2021-2022,2021-11-01,Falcons,https://ormrhl.com/wp-content/uploads/2021/11/falcons_icon-128x128.png,#233A6B,John Corallo,john-corallo,Forward,0,0,0,0,0,2021-2022,regular
1014,Regular Season 2021-2022,2021-11-01,Falcons,https://ormrhl.com/wp-content/uploads/2021/11/falcons_icon-128x128.png,#233A6B,Kari Paivio,kari-paivio,Forward,2,0,2,0,0,2021-2022,regular
1014,Regular Season 2021-2022,2021-11-01,Falcons,https://ormrhl.com/wp-content/uploads/2021/11/falcons_icon-128x128.png,#233A6B,Nathan Loach,nathan-loach,Defence,0,0,0,0,0,2021-2022,regular
1014,Regular Season 2021-2022,2021-11-01,Falcons,https://ormrhl.com/wp-content/uploads/2021/11/falcons_icon-128x128.png,#233A6B,Robbie Spencer,robbie-spencer,Forward,0,1,1,0,0,2021-2022,regular
1014,Regular Season 2021-2022,2021-11-01,Falcons,https://ormrhl.com/wp-content/uploads/2021/11/falcons_icon-128x128.png,#233A6B,Ryan Doggart,ryan-doggart,Forward,0,0,0,0,0,2021-2022,regular
1014,Regular Season 2021-2022,2021-11-01,Falcons,https://ormrhl.com/wp-content/uploads/2021/11/falcons_icon-128x128.png,#233A6B,Trystan Lebrun,trystan-lebrun,Goaltender,0,0,0,0,0,2021-2022,regular
1014,Regular Season 2021-2022,2021-11-01,Marlins,https://ormrhl.com/wp-content/uploads/2021/11/marlins_logo-128x128.png,#1E8A8A,Chris Maloney,chris-maloney,Forward,0,0,0,0,0,2021-2022,regular
1014,Regular Season 2021-2022,2021-11-01,Marlins,https://ormrhl.com/wp-content/uploads/2021/11/marlins_logo-128x128.png,#1E8A8A,Doug Grant,doug-grant,Forward,0,0,0,0,0,2021-2022,regular
1014,Regular Season 2021-2022,2021-11-01,Marlins,https://ormrhl.com/wp-content/uploads/2021/11/marlins_logo-128x128.png,#1E8A8A,Duncan Stalker,duncan-stalker,Defence,0,1,1,0,0,2021-2022,regular
1014,Regular Season 2021-2022,2021-11-01,Marlins,https://ormrhl.com/wp-content/uploads/2021/11/marlins_logo-128x128.png,#1E8A8A,Harrison Kane,harrison-kane,Defence,1,0,1,0,0,2021-2022,regular
1014,Regular Season 2021-2022,2021-11-01,Marlins,https://ormrhl.com/wp-content/uploads/2021/11/marlins_logo-128x128.png,#1E8A8A,Jackson Morgis,jackson-morgis,Goaltender,0,0,0,0,0,2021-2022,regular
1014,Regular Season 2021-2022,2021-11-01,Marlins,https://ormrhl.com/wp-content/uploads/2021/11/marlins_logo-128x128.png,#1E8A8A,Jeff Connor,jeff-connor,Forward,2,1,3,0,0,2021-2022,regular
1014,Regular Season 2021-2022,2021-11-01,Marlins,https://ormrhl.com/wp-content/uploads/2021/11/marlins_logo-128x128.png,#1E8A8A,Mack Charron,mack-charron,Forward,1,0,1,0,0,2021-2022,regular
1014,Regular Season 2021-2022,2021-11-01,Marlins,https://ormrhl.com/wp-content/uploads/2021/11/marlins_logo-128x128.png,#1E8A8A,Michael Montesanti,michael-montesanti,Forward,0,0,0,0,0,2021-2022,regular
1014,Regular Season 2021-2022,2021-11-01,Marlins,https://ormrhl.com/wp-content/uploads/2021/11/marlins_logo-128x128.png,#1E8A8A,Scott Browne,scott-browne,Forward,1,0,1,0,0,2021-2022,regular
1014,Regular Season 2021-2022,2021-11-01,Marlins,https://ormrhl.com/wp-content/uploads/2021/11/marlins_logo-128x128.png,#1E8A8A,Thomas Grant,thomas-grant,Defence,0,1,1,0,0,2021-2022,regular
1014,Regular Season 2021-2022,2021-11-01,Marlins,https://ormrhl.com/wp-content/uploads/2021/11/marlins_logo-128x128.png,#1E8A8A,Todd Wheeler,todd-wheeler,Forward,0,0,0,0,0,2021-2022,regular
1014,Regular Season 2021-2022,2021-11-01,Marlins,https://ormrhl.com/wp-content/uploads/2021/11/marlins_logo-128x128.png,#1E8A8A,Tyler Kozak,tyler-kozak,Defence,0,0,0,0,0,2021-2022,regular
1015,Regular Season 2021-2022,2021-11-04,Eagles,https://ormrhl.com/wp-content/uploads/2021/11/Eagles_logo-128x128.png,#A31E2E,Alex Disera,alex-disera,Forward,0,1,1,0,0,2021-2022,regular
1015,Regular Season 2021-2022,2021-11-04,Eagles,https://ormrhl.com/wp-content/uploads/2021/11/Eagles_logo-128x128.png,#A31E2E,Anthony Loduca,anthony-loduca,Forward,1,0,1,0,0,2021-2022,regular
1015,Regular Season 2021-2022,2021-11-04,Eagles,https://ormrhl.com/wp-content/uploads/2021/11/Eagles_logo-128x128.png,#A31E2E,Darren Desrosiers,darren-desrosiers,Forward,1,1,2,0,0,2021-2022,regular
1015,Regular Season 2021-2022,2021-11-04,Eagles,https://ormrhl.com/wp-content/uploads/2021/11/Eagles_logo-128x128.png,#A31E2E,Drew Grasse,drew-grasse,Forward,0,2,2,0,0,2021-2022,regular
1015,Regular Season 2021-2022,2021-11-04,Eagles,https://ormrhl.com/wp-content/uploads/2021/11/Eagles_logo-128x128.png,#A31E2E,Hugh Smylie,hugh-smylie,Defence,0,1,1,0,0,2021-2022,regular
1015,Regular Season 2021-2022,2021-11-04,Eagles,https://ormrhl.com/wp-content/uploads/2021/11/Eagles_logo-128x128.png,#A31E2E,James Counter,james-counter,Forward,1,1,2,0,0,2021-2022,regular
1015,Regular Season 2021-2022,2021-11-04,Eagles,https://ormrhl.com/wp-content/uploads/2021/11/Eagles_logo-128x128.png,#A31E2E,Jeff Mitchell,jeff-mitchell,Defence,0,0,0,0,0,2021-2022,regular
1015,Regular Season 2021-2022,2021-11-04,Eagles,https://ormrhl.com/wp-content/uploads/2021/11/Eagles_logo-128x128.png,#A31E2E,Joey Leger,joey-leger,Forward,2,0,2,0,0,2021-2022,regular
1015,Regular Season 2021-2022,2021-11-04,Eagles,https://ormrhl.com/wp-content/uploads/2021/11/Eagles_logo-128x128.png,#A31E2E,Jordan Bodimeade,jordan-bodimeade,Forward,0,0,0,0,0,2021-2022,regular
1015,Regular Season 2021-2022,2021-11-04,Eagles,https://ormrhl.com/wp-content/uploads/2021/11/Eagles_logo-128x128.png,#A31E2E,Lucas Ackerman,lucas-ackerman,Forward,0,0,0,0,0,2021-2022,regular
1015,Regular Season 2021-2022,2021-11-04,Eagles,https://ormrhl.com/wp-content/uploads/2021/11/Eagles_logo-128x128.png,#A31E2E,Mario Carriero,mario-carriero,Goaltender,0,0,0,0,0,2021-2022,regular
1015,Regular Season 2021-2022,2021-11-04,Eagles,https://ormrhl.com/wp-content/uploads/2021/11/Eagles_logo-128x128.png,#A31E2E,Mario Mazzucco,mario-mazzucco,Forward,0,1,1,0,0,2021-2022,regular
1015,Regular Season 2021-2022,2021-11-04,Eagles,https://ormrhl.com/wp-content/uploads/2021/11/Eagles_logo-128x128.png,#A31E2E,Mike Clements,mike-clements,Defence,0,0,0,1,0,2021-2022,regular
1015,Regular Season 2021-2022,2021-11-04,Eagles,https://ormrhl.com/wp-content/uploads/2021/11/Eagles_logo-128x128.png,#A31E2E,Robert Doswell,robert-doswell,Defence,0,0,0,0,0,2021-2022,regular
1015,Regular Season 2021-2022,2021-11-04,Eagles,https://ormrhl.com/wp-content/uploads/2021/11/Eagles_logo-128x128.png,#A31E2E,Scott Sutton,scott-sutton,Defence,0,0,0,0,0,2021-2022,regular
1015,Regular Season 2021-2022,2021-11-04,Marlins,https://ormrhl.com/wp-content/uploads/2021/11/marlins_logo-128x128.png,#1E8A8A,Chris Maloney,chris-maloney,Forward,1,1,2,1,0,2021-2022,regular
1015,Regular Season 2021-2022,2021-11-04,Marlins,https://ormrhl.com/wp-content/uploads/2021/11/marlins_logo-128x128.png,#1E8A8A,Doug Grant,doug-grant,Forward,0,1,1,0,0,2021-2022,regular
1015,Regular Season 2021-2022,2021-11-04,Marlins,https://ormrhl.com/wp-content/uploads/2021/11/marlins_logo-128x128.png,#1E8A8A,Duncan Stalker,duncan-stalker,Defence,0,0,0,0,0,2021-2022,regular
1015,Regular Season 2021-2022,2021-11-04,Marlins,https://ormrhl.com/wp-content/uploads/2021/11/marlins_logo-128x128.png,#1E8A8A,Harrison Kane,harrison-kane,Defence,0,1,1,0,0,2021-2022,regular
1015,Regular Season 2021-2022,2021-11-04,Marlins,https://ormrhl.com/wp-content/uploads/2021/11/marlins_logo-128x128.png,#1E8A8A,Jackson Morgis,jackson-morgis,Goaltender,0,0,0,0,0,2021-2022,regular
1015,Regular Season 2021-2022,2021-11-04,Marlins,https://ormrhl.com/wp-content/uploads/2021/11/marlins_logo-128x128.png,#1E8A8A,Jeff Connor,jeff-connor,Forward,2,1,3,0,0,2021-2022,regular
1015,Regular Season 2021-2022,2021-11-04,Marlins,https://ormrhl.com/wp-content/uploads/2021/11/marlins_logo-128x128.png,#1E8A8A,Mack Charron,mack-charron,Forward,0,2,2,0,0,2021-2022,regular
1015,Regular Season 2021-2022,2021-11-04,Marlins,https://ormrhl.com/wp-content/uploads/2021/11/marlins_logo-128x128.png,#1E8A8A,Mark Sceeles,mark-sceeles,Defence,0,0,0,0,0,2021-2022,regular
1015,Regular Season 2021-2022,2021-11-04,Marlins,https://ormrhl.com/wp-content/uploads/2021/11/marlins_logo-128x128.png,#1E8A8A,Michael Montesanti,michael-montesanti,Forward,1,0,1,0,0,2021-2022,regular
1015,Regular Season 2021-2022,2021-11-04,Marlins,https://ormrhl.com/wp-content/uploads/2021/11/marlins_logo-128x128.png,#1E8A8A,Scott Browne,scott-browne,Forward,0,0,0,0,0,2021-2022,regular
1015,Regular Season 2021-2022,2021-11-04,Marlins,https://ormrhl.com/wp-content/uploads/2021/11/marlins_logo-128x128.png,#1E8A8A,Thomas Grant,thomas-grant,Defence,0,0,0,0,0,2021-2022,regular
1015,Regular Season 2021-2022,2021-11-04,Marlins,https://ormrhl.com/wp-content/uploads/2021/11/marlins_logo-128x128.png,#1E8A8A,Todd Wheeler,todd-wheeler,Forward,0,0,0,0,0,2021-2022,regular
1015,Regular Season 2021-2022,2021-11-04,Marlins,https://ormrhl.com/wp-content/uploads/2021/11/marlins_logo-128x128.png,#1E8A8A,Tyler Kozak,tyler-kozak,Defence,0,0,0,0,0,2021-2022,regular
1016,Regular Season 2021-2022,2021-11-04,Cobras,https://ormrhl.com/wp-content/uploads/2021/11/Cobras_Logo-128x128.png,#2B8C5C,Adrian Iudiciani,adrian-iudiciani,Forward,0,1,1,0,0,2021-2022,regular
1016,Regular Season 2021-2022,2021-11-04,Cobras,https://ormrhl.com/wp-content/uploads/2021/11/Cobras_Logo-128x128.png,#2B8C5C,Angelo Capone,angelo-capone,Forward,0,0,0,0,0,2021-2022,regular
1016,Regular Season 2021-2022,2021-11-04,Cobras,https://ormrhl.com/wp-content/uploads/2021/11/Cobras_Logo-128x128.png,#2B8C5C,Brandon De Assuncao,brandon-de-assuncao,Forward,0,0,0,0,0,2021-2022,regular
1016,Regular Season 2021-2022,2021-11-04,Cobras,https://ormrhl.com/wp-content/uploads/2021/11/Cobras_Logo-128x128.png,#2B8C5C,John Ventrella,john-ventrella,Forward,1,1,2,0,0,2021-2022,regular
1016,Regular Season 2021-2022,2021-11-04,Cobras,https://ormrhl.com/wp-content/uploads/2021/11/Cobras_Logo-128x128.png,#2B8C5C,Justin Pappianni,justin-papaianni,Forward,0,0,0,0,0,2021-2022,regular
1016,Regular Season 2021-2022,2021-11-04,Cobras,https://ormrhl.com/wp-content/uploads/2021/11/Cobras_Logo-128x128.png,#2B8C5C,Kevin Hinton,kevin-hinton,Forward,0,1,1,0,0,2021-2022,regular
1016,Regular Season 2021-2022,2021-11-04,Cobras,https://ormrhl.com/wp-content/uploads/2021/11/Cobras_Logo-128x128.png,#2B8C5C,Mark Mitchell,mark-mitchell,Defence,0,0,0,0,0,2021-2022,regular
1016,Regular Season 2021-2022,2021-11-04,Cobras,https://ormrhl.com/wp-content/uploads/2021/11/Cobras_Logo-128x128.png,#2B8C5C,Massimo Venditti,massimo-venditti,Forward,0,0,0,0,0,2021-2022,regular
1016,Regular Season 2021-2022,2021-11-04,Cobras,https://ormrhl.com/wp-content/uploads/2021/11/Cobras_Logo-128x128.png,#2B8C5C,Michael English,michael-english,Defence,0,0,0,0,0,2021-2022,regular
1016,Regular Season 2021-2022,2021-11-04,Cobras,https://ormrhl.com/wp-content/uploads/2021/11/Cobras_Logo-128x128.png,#2B8C5C,PJ Harrison,pj-harrison,Goaltender,0,0,0,0,0,2021-2022,regular
1016,Regular Season 2021-2022,2021-11-04,Cobras,https://ormrhl.com/wp-content/uploads/2021/11/Cobras_Logo-128x128.png,#2B8C5C,Steve Souphanthong,steve-souphanthong,Forward,0,0,0,0,0,2021-2022,regular
1016,Regular Season 2021-2022,2021-11-04,Cobras,https://ormrhl.com/wp-content/uploads/2021/11/Cobras_Logo-128x128.png,#2B8C5C,Tyler Doyle,tyler-doyle,Forward,2,0,2,0,0,2021-2022,regular
1016,Regular Season 2021-2022,2021-11-04,Falcons,https://ormrhl.com/wp-content/uploads/2021/11/falcons_icon-128x128.png,#233A6B,Brandon Wellsbury,brandon-wellsbury,Forward,0,2,2,0,0,2021-2022,regular
1016,Regular Season 2021-2022,2021-11-04,Falcons,https://ormrhl.com/wp-content/uploads/2021/11/falcons_icon-128x128.png,#233A6B,Dale Bishop,dale-bishop,Defence,0,0,0,0,0,2021-2022,regular
1016,Regular Season 2021-2022,2021-11-04,Falcons,https://ormrhl.com/wp-content/uploads/2021/11/falcons_icon-128x128.png,#233A6B,Jason Todd,jason-todd,Defence,0,1,1,0,0,2021-2022,regular
1016,Regular Season 2021-2022,2021-11-04,Falcons,https://ormrhl.com/wp-content/uploads/2021/11/falcons_icon-128x128.png,#233A6B,Kari Paivio,kari-paivio,Forward,0,0,0,0,0,2021-2022,regular
1016,Regular Season 2021-2022,2021-11-04,Falcons,https://ormrhl.com/wp-content/uploads/2021/11/falcons_icon-128x128.png,#233A6B,Nathan Loach,nathan-loach,Defence,0,0,0,0,0,2021-2022,regular
1016,Regular Season 2021-2022,2021-11-04,Falcons,https://ormrhl.com/wp-content/uploads/2021/11/falcons_icon-128x128.png,#233A6B,Robbie Spencer,robbie-spencer,Forward,0,1,1,0,0,2021-2022,regular
1016,Regular Season 2021-2022,2021-11-04,Falcons,https://ormrhl.com/wp-content/uploads/2021/11/falcons_icon-128x128.png,#233A6B,Rocco Malfara,rocco-malfara,Defence,0,1,1,0,0,2021-2022,regular
1016,Regular Season 2021-2022,2021-11-04,Falcons,https://ormrhl.com/wp-content/uploads/2021/11/falcons_icon-128x128.png,#233A6B,Ryan Doggart,ryan-doggart,Forward,3,0,3,0,0,2021-2022,regular
1016,Regular Season 2021-2022,2021-11-04,Falcons,https://ormrhl.com/wp-content/uploads/2021/11/falcons_icon-128x128.png,#233A6B,Trystan Lebrun,trystan-lebrun,Goaltender,0,0,0,0,0,2021-2022,regular
1017,Regular Season 2021-2022,2021-11-04,Rhinos,https://ormrhl.com/wp-content/uploads/2021/11/Rhinos_logo-128x128.png,#6B6F76,Dan Montanari,dan-montanari,Forward,0,0,0,0,0,2021-2022,regular
1017,Regular Season 2021-2022,2021-11-04,Rhinos,https://ormrhl.com/wp-content/uploads/2021/11/Rhinos_logo-128x128.png,#6B6F76,Daniel De Angelis,daniel-de-angelis,Defence,2,0,2,0,0,2021-2022,regular
1017,Regular Season 2021-2022,2021-11-04,Rhinos,https://ormrhl.com/wp-content/uploads/2021/11/Rhinos_logo-128x128.png,#6B6F76,Jeff Goodman,jeff-goodman,Goaltender,0,0,0,0,0,2021-2022,regular
1017,Regular Season 2021-2022,2021-11-04,Rhinos,https://ormrhl.com/wp-content/uploads/2021/11/Rhinos_logo-128x128.png,#6B6F76,Josh Machesney,josh-machesney,Forward,2,1,3,0,0,2021-2022,regular
1017,Regular Season 2021-2022,2021-11-04,Rhinos,https://ormrhl.com/wp-content/uploads/2021/11/Rhinos_logo-128x128.png,#6B6F76,Lorne Feld,lorne-feld,Forward,0,0,0,0,0,2021-2022,regular
1017,Regular Season 2021-2022,2021-11-04,Rhinos,https://ormrhl.com/wp-content/uploads/2021/11/Rhinos_logo-128x128.png,#6B6F76,Matthew Quintieri,matthew-quintieri,Forward,0,2,2,0,0,2021-2022,regular
1017,Regular Season 2021-2022,2021-11-04,Rhinos,https://ormrhl.com/wp-content/uploads/2021/11/Rhinos_logo-128x128.png,#6B6F76,Neil DeCantis,neil-decantis,Forward,2,2,4,0,0,2021-2022,regular
1017,Regular Season 2021-2022,2021-11-04,Rhinos,https://ormrhl.com/wp-content/uploads/2021/11/Rhinos_logo-128x128.png,#6B6F76,Rob Iudiciani,rob-iudiciani,Defence,0,1,1,0,0,2021-2022,regular
1017,Regular Season 2021-2022,2021-11-04,Rhinos,https://ormrhl.com/wp-content/uploads/2021/11/Rhinos_logo-128x128.png,#6B6F76,Robin Harrison,robin-harrison,Defence,0,0,0,1,0,2021-2022,regular
1017,Regular Season 2021-2022,2021-11-04,Rhinos,https://ormrhl.com/wp-content/uploads/2021/11/Rhinos_logo-128x128.png,#6B6F76,Tom Coukos,tom-coukos,Forward,3,2,5,0,0,2021-2022,regular
1017,Regular Season 2021-2022,2021-11-04,Wildcats,https://ormrhl.com/wp-content/uploads/2021/11/wildcats_logo-128x128.png,#D97B29,Anthony Ventrella,anthony-ventrella,Forward,1,0,1,0,0,2021-2022,regular
1017,Regular Season 2021-2022,2021-11-04,Wildcats,https://ormrhl.com/wp-content/uploads/2021/11/wildcats_logo-128x128.png,#D97B29,Brian Hatton,brian-hatton,Goaltender,0,0,0,0,0,2021-2022,regular
1017,Regular Season 2021-2022,2021-11-04,Wildcats,https://ormrhl.com/wp-content/uploads/2021/11/wildcats_logo-128x128.png,#D97B29,Colby Clarke,colby-clarke,Forward,2,0,2,0,0,2021-2022,regular
1017,Regular Season 2021-2022,2021-11-04,Wildcats,https://ormrhl.com/wp-content/uploads/2021/11/wildcats_logo-128x128.png,#D97B29,Dan Richards,dan-richards,Forward,0,0,0,0,0,2021-2022,regular
1017,Regular Season 2021-2022,2021-11-04,Wildcats,https://ormrhl.com/wp-content/uploads/2021/11/wildcats_logo-128x128.png,#D97B29,Gianluca Santocono,gianluca-santocono,Defence,0,0,0,1,0,2021-2022,regular
1017,Regular Season 2021-2022,2021-11-04,Wildcats,https://ormrhl.com/wp-content/uploads/2021/11/wildcats_logo-128x128.png,#D97B29,Greg Sipprell,greg-sipprell2,Forward,0,2,2,0,0,2021-2022,regular
1017,Regular Season 2021-2022,2021-11-04,Wildcats,https://ormrhl.com/wp-content/uploads/2021/11/wildcats_logo-128x128.png,#D97B29,Jaro Verchkovski,jaro-verchkovski,Forward,0,0,0,0,0,2021-2022,regular
1017,Regular Season 2021-2022,2021-11-04,Wildcats,https://ormrhl.com/wp-content/uploads/2021/11/wildcats_logo-128x128.png,#D97B29,Lucas Kleine,lucas-kleine,Forward,0,2,2,0,0,2021-2022,regular
1017,Regular Season 2021-2022,2021-11-04,Wildcats,https://ormrhl.com/wp-content/uploads/2021/11/wildcats_logo-128x128.png,#D97B29,Pat Parent,pat-parent,Defence,0,2,2,0,0,2021-2022,regular
1017,Regular Season 2021-2022,2021-11-04,Wildcats,https://ormrhl.com/wp-content/uploads/2021/11/wildcats_logo-128x128.png,#D97B29,Paul Wolanski,paul-wolanski,Defence,0,3,3,0,0,2021-2022,regular
1017,Regular Season 2021-2022,2021-11-04,Wildcats,https://ormrhl.com/wp-content/uploads/2021/11/wildcats_logo-128x128.png,#D97B29,Rob Kleine,rob-kleine,Forward,0,1,1,0,0,2021-2022,regular
1017,Regular Season 2021-2022,2021-11-04,Wildcats,https://ormrhl.com/wp-content/uploads/2021/11/wildcats_logo-128x128.png,#D97B29,Ryan Smith,ryan-smith-og,Forward,1,0,1,0,0,2021-2022,regular
1017,Regular Season 2021-2022,2021-11-04,Wildcats,https://ormrhl.com/wp-content/uploads/2021/11/wildcats_logo-128x128.png,#D97B29,Serge Lossev,serge-lossev,Forward,0,0,0,0,0,2021-2022,regular
1017,Regular Season 2021-2022,2021-11-04,Wildcats,https://ormrhl.com/wp-content/uploads/2021/11/wildcats_logo-128x128.png,#D97B29,Victor Verchkovski,victor-verchkovski,Forward,4,1,5,0,0,2021-2022,regular
1018,Regular Season 2021-2022,2021-11-08,Falcons,https://ormrhl.com/wp-content/uploads/2021/11/falcons_icon-128x128.png,#233A6B,Brandon Wellsbury,brandon-wellsbury,Forward,0,1,1,0,0,2021-2022,regular
1018,Regular Season 2021-2022,2021-11-08,Falcons,https://ormrhl.com/wp-content/uploads/2021/11/falcons_icon-128x128.png,#233A6B,Dale Bishop,dale-bishop,Defence,0,0,0,0,0,2021-2022,regular
1018,Regular Season 2021-2022,2021-11-08,Falcons,https://ormrhl.com/wp-content/uploads/2021/11/falcons_icon-128x128.png,#233A6B,Derek Marsham,derek-marsham,Forward,0,0,0,0,0,2021-2022,regular
1018,Regular Season 2021-2022,2021-11-08,Falcons,https://ormrhl.com/wp-content/uploads/2021/11/falcons_icon-128x128.png,#233A6B,Jason Todd,jason-todd,Defence,0,1,1,0,0,2021-2022,regular
1018,Regular Season 2021-2022,2021-11-08,Falcons,https://ormrhl.com/wp-content/uploads/2021/11/falcons_icon-128x128.png,#233A6B,John Corallo,john-corallo,Forward,0,2,2,0,0,2021-2022,regular
1018,Regular Season 2021-2022,2021-11-08,Falcons,https://ormrhl.com/wp-content/uploads/2021/11/falcons_icon-128x128.png,#233A6B,Kari Paivio,kari-paivio,Forward,0,0,0,1,0,2021-2022,regular
1018,Regular Season 2021-2022,2021-11-08,Falcons,https://ormrhl.com/wp-content/uploads/2021/11/falcons_icon-128x128.png,#233A6B,Marco Dileo,marco-dileo,Forward,0,0,0,0,0,2021-2022,regular
1018,Regular Season 2021-2022,2021-11-08,Falcons,https://ormrhl.com/wp-content/uploads/2021/11/falcons_icon-128x128.png,#233A6B,Nathan Loach,nathan-loach,Defence,0,0,0,1,0,2021-2022,regular
1018,Regular Season 2021-2022,2021-11-08,Falcons,https://ormrhl.com/wp-content/uploads/2021/11/falcons_icon-128x128.png,#233A6B,Robbie Spencer,robbie-spencer,Forward,0,0,0,0,0,2021-2022,regular
1018,Regular Season 2021-2022,2021-11-08,Falcons,https://ormrhl.com/wp-content/uploads/2021/11/falcons_icon-128x128.png,#233A6B,Rocco Malfara,rocco-malfara,Defence,0,0,0,0,0,2021-2022,regular
1018,Regular Season 2021-2022,2021-11-08,Falcons,https://ormrhl.com/wp-content/uploads/2021/11/falcons_icon-128x128.png,#233A6B,Ryan Doggart,ryan-doggart,Forward,1,1,2,0,0,2021-2022,regular
1018,Regular Season 2021-2022,2021-11-08,Falcons,https://ormrhl.com/wp-content/uploads/2021/11/falcons_icon-128x128.png,#233A6B,Trystan Lebrun,trystan-lebrun,Goaltender,0,0,0,0,0,2021-2022,regular
1018,Regular Season 2021-2022,2021-11-08,Rhinos,https://ormrhl.com/wp-content/uploads/2021/11/Rhinos_logo-128x128.png,#6B6F76,Adam Klein,adam-klein,Forward,0,0,0,0,0,2021-2022,regular
1018,Regular Season 2021-2022,2021-11-08,Rhinos,https://ormrhl.com/wp-content/uploads/2021/11/Rhinos_logo-128x128.png,#6B6F76,Daniel De Angelis,daniel-de-angelis,Defence,1,0,1,0,0,2021-2022,regular
1018,Regular Season 2021-2022,2021-11-08,Rhinos,https://ormrhl.com/wp-content/uploads/2021/11/Rhinos_logo-128x128.png,#6B6F76,Jeff Goodman,jeff-goodman,Goaltender,0,0,0,0,0,2021-2022,regular
1018,Regular Season 2021-2022,2021-11-08,Rhinos,https://ormrhl.com/wp-content/uploads/2021/11/Rhinos_logo-128x128.png,#6B6F76,Josh Machesney,josh-machesney,Forward,2,0,2,0,0,2021-2022,regular
1018,Regular Season 2021-2022,2021-11-08,Rhinos,https://ormrhl.com/wp-content/uploads/2021/11/Rhinos_logo-128x128.png,#6B6F76,Lorne Feld,lorne-feld,Forward,0,0,0,0,0,2021-2022,regular
1018,Regular Season 2021-2022,2021-11-08,Rhinos,https://ormrhl.com/wp-content/uploads/2021/11/Rhinos_logo-128x128.png,#6B6F76,Matthew Quintieri,matthew-quintieri,Forward,1,0,1,0,0,2021-2022,regular
1018,Regular Season 2021-2022,2021-11-08,Rhinos,https://ormrhl.com/wp-content/uploads/2021/11/Rhinos_logo-128x128.png,#6B6F76,Neil DeCantis,neil-decantis,Forward,1,2,3,0,0,2021-2022,regular
1018,Regular Season 2021-2022,2021-11-08,Rhinos,https://ormrhl.com/wp-content/uploads/2021/11/Rhinos_logo-128x128.png,#6B6F76,Rob Iudiciani,rob-iudiciani,Defence,0,0,0,1,0,2021-2022,regular
1018,Regular Season 2021-2022,2021-11-08,Rhinos,https://ormrhl.com/wp-content/uploads/2021/11/Rhinos_logo-128x128.png,#6B6F76,Robin Harrison,robin-harrison,Defence,0,2,2,1,0,2021-2022,regular
1018,Regular Season 2021-2022,2021-11-08,Rhinos,https://ormrhl.com/wp-content/uploads/2021/11/Rhinos_logo-128x128.png,#6B6F76,Tom Coukos,tom-coukos,Forward,1,2,3,0,0,2021-2022,regular
1019,Regular Season 2021-2022,2021-11-08,Eagles,https://ormrhl.com/wp-content/uploads/2021/11/Eagles_logo-128x128.png,#A31E2E,Anthony Loduca,anthony-loduca,Forward,0,1,1,0,0,2021-2022,regular
1019,Regular Season 2021-2022,2021-11-08,Eagles,https://ormrhl.com/wp-content/uploads/2021/11/Eagles_logo-128x128.png,#A31E2E,Darren Desrosiers,darren-desrosiers,Forward,1,1,2,0,0,2021-2022,regular
1019,Regular Season 2021-2022,2021-11-08,Eagles,https://ormrhl.com/wp-content/uploads/2021/11/Eagles_logo-128x128.png,#A31E2E,Drew Grasse,drew-grasse,Forward,1,0,1,0,0,2021-2022,regular
1019,Regular Season 2021-2022,2021-11-08,Eagles,https://ormrhl.com/wp-content/uploads/2021/11/Eagles_logo-128x128.png,#A31E2E,Hugh Smylie,hugh-smylie,Defence,1,0,1,0,0,2021-2022,regular
1019,Regular Season 2021-2022,2021-11-08,Eagles,https://ormrhl.com/wp-content/uploads/2021/11/Eagles_logo-128x128.png,#A31E2E,James Counter,james-counter,Forward,1,1,2,0,0,2021-2022,regular
1019,Regular Season 2021-2022,2021-11-08,Eagles,https://ormrhl.com/wp-content/uploads/2021/11/Eagles_logo-128x128.png,#A31E2E,Jeff Mitchell,jeff-mitchell,Defence,0,0,0,0,0,2021-2022,regular
1019,Regular Season 2021-2022,2021-11-08,Eagles,https://ormrhl.com/wp-content/uploads/2021/11/Eagles_logo-128x128.png,#A31E2E,Joey Leger,joey-leger,Forward,0,0,0,0,0,2021-2022,regular
1019,Regular Season 2021-2022,2021-11-08,Eagles,https://ormrhl.com/wp-content/uploads/2021/11/Eagles_logo-128x128.png,#A31E2E,Jordan Bodimeade,jordan-bodimeade,Forward,0,0,0,0,0,2021-2022,regular
1019,Regular Season 2021-2022,2021-11-08,Eagles,https://ormrhl.com/wp-content/uploads/2021/11/Eagles_logo-128x128.png,#A31E2E,Lucas Ackerman,lucas-ackerman,Forward,0,1,1,0,0,2021-2022,regular
1019,Regular Season 2021-2022,2021-11-08,Eagles,https://ormrhl.com/wp-content/uploads/2021/11/Eagles_logo-128x128.png,#A31E2E,Mario Carriero,mario-carriero,Goaltender,0,0,0,0,0,2021-2022,regular
1019,Regular Season 2021-2022,2021-11-08,Eagles,https://ormrhl.com/wp-content/uploads/2021/11/Eagles_logo-128x128.png,#A31E2E,Mario Mazzucco,mario-mazzucco,Forward,0,0,0,0,0,2021-2022,regular
1019,Regular Season 2021-2022,2021-11-08,Eagles,https://ormrhl.com/wp-content/uploads/2021/11/Eagles_logo-128x128.png,#A31E2E,Mike Clements,mike-clements,Defence,0,0,0,0,0,2021-2022,regular
1019,Regular Season 2021-2022,2021-11-08,Eagles,https://ormrhl.com/wp-content/uploads/2021/11/Eagles_logo-128x128.png,#A31E2E,Robert Doswell,robert-doswell,Defence,0,0,0,0,0,2021-2022,regular
1019,Regular Season 2021-2022,2021-11-08,Eagles,https://ormrhl.com/wp-content/uploads/2021/11/Eagles_logo-128x128.png,#A31E2E,Scott Sutton,scott-sutton,Defence,0,0,0,0,0,2021-2022,regular
1019,Regular Season 2021-2022,2021-11-08,Wildcats,https://ormrhl.com/wp-content/uploads/2021/11/wildcats_logo-128x128.png,#D97B29,Anthony Ventrella,anthony-ventrella,Forward,1,0,1,0,0,2021-2022,regular
1019,Regular Season 2021-2022,2021-11-08,Wildcats,https://ormrhl.com/wp-content/uploads/2021/11/wildcats_logo-128x128.png,#D97B29,Brian Hatton,brian-hatton,Goaltender,0,0,0,0,0,2021-2022,regular
1019,Regular Season 2021-2022,2021-11-08,Wildcats,https://ormrhl.com/wp-content/uploads/2021/11/wildcats_logo-128x128.png,#D97B29,Colby Clarke,colby-clarke,Forward,2,1,3,0,0,2021-2022,regular
1019,Regular Season 2021-2022,2021-11-08,Wildcats,https://ormrhl.com/wp-content/uploads/2021/11/wildcats_logo-128x128.png,#D97B29,Dan Richards,dan-richards,Forward,1,0,1,0,0,2021-2022,regular
1019,Regular Season 2021-2022,2021-11-08,Wildcats,https://ormrhl.com/wp-content/uploads/2021/11/wildcats_logo-128x128.png,#D97B29,Gianluca Santocono,gianluca-santocono,Defence,0,1,1,1,0,2021-2022,regular
1019,Regular Season 2021-2022,2021-11-08,Wildcats,https://ormrhl.com/wp-content/uploads/2021/11/wildcats_logo-128x128.png,#D97B29,Greg Sipprell,greg-sipprell2,Forward,0,1,1,0,0,2021-2022,regular
1019,Regular Season 2021-2022,2021-11-08,Wildcats,https://ormrhl.com/wp-content/uploads/2021/11/wildcats_logo-128x128.png,#D97B29,Jaro Verchkovski,jaro-verchkovski,Forward,0,0,0,0,0,2021-2022,regular
1019,Regular Season 2021-2022,2021-11-08,Wildcats,https://ormrhl.com/wp-content/uploads/2021/11/wildcats_logo-128x128.png,#D97B29,Lucas Kleine,lucas-kleine,Forward,1,0,1,0,0,2021-2022,regular
1019,Regular Season 2021-2022,2021-11-08,Wildcats,https://ormrhl.com/wp-content/uploads/2021/11/wildcats_logo-128x128.png,#D97B29,Pat Parent,pat-parent,Defence,0,0,0,0,0,2021-2022,regular
1019,Regular Season 2021-2022,2021-11-08,Wildcats,https://ormrhl.com/wp-content/uploads/2021/11/wildcats_logo-128x128.png,#D97B29,Paul Wolanski,paul-wolanski,Defence,0,2,2,0,0,2021-2022,regular
1019,Regular Season 2021-2022,2021-11-08,Wildcats,https://ormrhl.com/wp-content/uploads/2021/11/wildcats_logo-128x128.png,#D97B29,Rob Kleine,rob-kleine,Forward,0,0,0,0,0,2021-2022,regular
1019,Regular Season 2021-2022,2021-11-08,Wildcats,https://ormrhl.com/wp-content/uploads/2021/11/wildcats_logo-128x128.png,#D97B29,Ryan Smith,ryan-smith-og,Forward,1,1,2,0,0,2021-2022,regular
1019,Regular Season 2021-2022,2021-11-08,Wildcats,https://ormrhl.com/wp-content/uploads/2021/11/wildcats_logo-128x128.png,#D97B29,Serge Lossev,serge-lossev,Forward,0,0,0,0,0,2021-2022,regular
1020,Regular Season 2021-2022,2021-11-08,Cobras,https://ormrhl.com/wp-content/uploads/2021/11/Cobras_Logo-128x128.png,#2B8C5C,Adrian Iudiciani,adrian-iudiciani,Forward,1,1,2,0,0,2021-2022,regular
1020,Regular Season 2021-2022,2021-11-08,Cobras,https://ormrhl.com/wp-content/uploads/2021/11/Cobras_Logo-128x128.png,#2B8C5C,Angelo Capone,angelo-capone,Forward,0,1,1,0,0,2021-2022,regular
1020,Regular Season 2021-2022,2021-11-08,Cobras,https://ormrhl.com/wp-content/uploads/2021/11/Cobras_Logo-128x128.png,#2B8C5C,Brandon De Assuncao,brandon-de-assuncao,Forward,0,0,0,0,0,2021-2022,regular
1020,Regular Season 2021-2022,2021-11-08,Cobras,https://ormrhl.com/wp-content/uploads/2021/11/Cobras_Logo-128x128.png,#2B8C5C,James Mitchell,james-mitchell,Forward,2,0,2,0,0,2021-2022,regular
1020,Regular Season 2021-2022,2021-11-08,Cobras,https://ormrhl.com/wp-content/uploads/2021/11/Cobras_Logo-128x128.png,#2B8C5C,John Ventrella,john-ventrella,Forward,1,1,2,0,0,2021-2022,regular
1020,Regular Season 2021-2022,2021-11-08,Cobras,https://ormrhl.com/wp-content/uploads/2021/11/Cobras_Logo-128x128.png,#2B8C5C,Justin Pappianni,justin-papaianni,Forward,0,0,0,0,0,2021-2022,regular
1020,Regular Season 2021-2022,2021-11-08,Cobras,https://ormrhl.com/wp-content/uploads/2021/11/Cobras_Logo-128x128.png,#2B8C5C,Kevin Hinton,kevin-hinton,Forward,0,0,0,0,0,2021-2022,regular
1020,Regular Season 2021-2022,2021-11-08,Cobras,https://ormrhl.com/wp-content/uploads/2021/11/Cobras_Logo-128x128.png,#2B8C5C,Mark Mitchell,mark-mitchell,Defence,0,0,0,0,0,2021-2022,regular
1020,Regular Season 2021-2022,2021-11-08,Cobras,https://ormrhl.com/wp-content/uploads/2021/11/Cobras_Logo-128x128.png,#2B8C5C,Massimo Venditti,massimo-venditti,Forward,0,0,0,0,0,2021-2022,regular
1020,Regular Season 2021-2022,2021-11-08,Cobras,https://ormrhl.com/wp-content/uploads/2021/11/Cobras_Logo-128x128.png,#2B8C5C,Michael English,michael-english,Defence,0,0,0,0,0,2021-2022,regular
1020,Regular Season 2021-2022,2021-11-08,Cobras,https://ormrhl.com/wp-content/uploads/2021/11/Cobras_Logo-128x128.png,#2B8C5C,PJ Harrison,pj-harrison,Goaltender,0,0,0,0,0,2021-2022,regular
1020,Regular Season 2021-2022,2021-11-08,Cobras,https://ormrhl.com/wp-content/uploads/2021/11/Cobras_Logo-128x128.png,#2B8C5C,Steve Souphanthong,steve-souphanthong,Forward,0,0,0,0,0,2021-2022,regular
1020,Regular Season 2021-2022,2021-11-08,Cobras,https://ormrhl.com/wp-content/uploads/2021/11/Cobras_Logo-128x128.png,#2B8C5C,Tyler Doyle,tyler-doyle,Forward,1,1,2,1,0,2021-2022,regular
1020,Regular Season 2021-2022,2021-11-08,Marlins,https://ormrhl.com/wp-content/uploads/2021/11/marlins_logo-128x128.png,#1E8A8A,Chris Maloney,chris-maloney,Forward,0,0,0,0,0,2021-2022,regular
1020,Regular Season 2021-2022,2021-11-08,Marlins,https://ormrhl.com/wp-content/uploads/2021/11/marlins_logo-128x128.png,#1E8A8A,Doug Grant,doug-grant,Forward,0,0,0,0,0,2021-2022,regular
1020,Regular Season 2021-2022,2021-11-08,Marlins,https://ormrhl.com/wp-content/uploads/2021/11/marlins_logo-128x128.png,#1E8A8A,Duncan Stalker,duncan-stalker,Defence,0,0,0,0,0,2021-2022,regular
1020,Regular Season 2021-2022,2021-11-08,Marlins,https://ormrhl.com/wp-content/uploads/2021/11/marlins_logo-128x128.png,#1E8A8A,Harrison Kane,harrison-kane,Defence,0,0,0,0,0,2021-2022,regular
1020,Regular Season 2021-2022,2021-11-08,Marlins,https://ormrhl.com/wp-content/uploads/2021/11/marlins_logo-128x128.png,#1E8A8A,Jackson Morgis,jackson-morgis,Goaltender,0,0,0,0,0,2021-2022,regular
1020,Regular Season 2021-2022,2021-11-08,Marlins,https://ormrhl.com/wp-content/uploads/2021/11/marlins_logo-128x128.png,#1E8A8A,Jeff Connor,jeff-connor,Forward,0,1,1,0,0,2021-2022,regular
1020,Regular Season 2021-2022,2021-11-08,Marlins,https://ormrhl.com/wp-content/uploads/2021/11/marlins_logo-128x128.png,#1E8A8A,Mack Charron,mack-charron,Forward,0,0,0,1,0,2021-2022,regular
1020,Regular Season 2021-2022,2021-11-08,Marlins,https://ormrhl.com/wp-content/uploads/2021/11/marlins_logo-128x128.png,#1E8A8A,Mark Sceeles,mark-sceeles,Defence,0,0,0,0,0,2021-2022,regular
1020,Regular Season 2021-2022,2021-11-08,Marlins,https://ormrhl.com/wp-content/uploads/2021/11/marlins_logo-128x128.png,#1E8A8A,Michael Montesanti,michael-montesanti,Forward,0,1,1,1,0,2021-2022,regular
1020,Regular Season 2021-2022,2021-11-08,Marlins,https://ormrhl.com/wp-content/uploads/2021/11/marlins_logo-128x128.png,#1E8A8A,Scott Browne,scott-browne,Forward,1,1,2,0,0,2021-2022,regular
1020,Regular Season 2021-2022,2021-11-08,Marlins,https://ormrhl.com/wp-content/uploads/2021/11/marlins_logo-128x128.png,#1E8A8A,Thomas Grant,thomas-grant,Defence,0,0,0,0,0,2021-2022,regular
1020,Regular Season 2021-2022,2021-11-08,Marlins,https://ormrhl.com/wp-content/uploads/2021/11/marlins_logo-128x128.png,#1E8A8A,Todd Wheeler,todd-wheeler,Forward,1,0,1,0,0,2021-2022,regular
1020,Regular Season 2021-2022,2021-11-08,Marlins,https://ormrhl.com/wp-content/uploads/2021/11/marlins_logo-128x128.png,#1E8A8A,Tyler Kozak,tyler-kozak,Defence,0,0,0,0,0,2021-2022,regular
1021,Regular Season 2021-2022,2021-11-11,Cobras,https://ormrhl.com/wp-content/uploads/2021/11/Cobras_Logo-128x128.png,#2B8C5C,Adrian Iudiciani,adrian-iudiciani,Forward,2,1,3,0,0,2021-2022,regular
1021,Regular Season 2021-2022,2021-11-11,Cobras,https://ormrhl.com/wp-content/uploads/2021/11/Cobras_Logo-128x128.png,#2B8C5C,Angelo Capone,angelo-capone,Forward,1,0,1,0,0,2021-2022,regular
1021,Regular Season 2021-2022,2021-11-11,Cobras,https://ormrhl.com/wp-content/uploads/2021/11/Cobras_Logo-128x128.png,#2B8C5C,Brandon De Assuncao,brandon-de-assuncao,Forward,0,0,0,0,0,2021-2022,regular
1021,Regular Season 2021-2022,2021-11-11,Cobras,https://ormrhl.com/wp-content/uploads/2021/11/Cobras_Logo-128x128.png,#2B8C5C,James Mitchell,james-mitchell,Forward,0,0,0,0,0,2021-2022,regular
1021,Regular Season 2021-2022,2021-11-11,Cobras,https://ormrhl.com/wp-content/uploads/2021/11/Cobras_Logo-128x128.png,#2B8C5C,John Ventrella,john-ventrella,Forward,0,1,1,1,0,2021-2022,regular
1021,Regular Season 2021-2022,2021-11-11,Cobras,https://ormrhl.com/wp-content/uploads/2021/11/Cobras_Logo-128x128.png,#2B8C5C,Justin Pappianni,justin-papaianni,Forward,0,0,0,0,0,2021-2022,regular
1021,Regular Season 2021-2022,2021-11-11,Cobras,https://ormrhl.com/wp-content/uploads/2021/11/Cobras_Logo-128x128.png,#2B8C5C,Kevin Hinton,kevin-hinton,Forward,0,0,0,0,0,2021-2022,regular
1021,Regular Season 2021-2022,2021-11-11,Cobras,https://ormrhl.com/wp-content/uploads/2021/11/Cobras_Logo-128x128.png,#2B8C5C,Mark Mitchell,mark-mitchell,Defence,0,2,2,0,0,2021-2022,regular
1021,Regular Season 2021-2022,2021-11-11,Cobras,https://ormrhl.com/wp-content/uploads/2021/11/Cobras_Logo-128x128.png,#2B8C5C,Massimo Venditti,massimo-venditti,Forward,0,0,0,0,0,2021-2022,regular
1021,Regular Season 2021-2022,2021-11-11,Cobras,https://ormrhl.com/wp-content/uploads/2021/11/Cobras_Logo-128x128.png,#2B8C5C,Michael English,michael-english,Defence,0,1,1,0,0,2021-2022,regular
1021,Regular Season 2021-2022,2021-11-11,Cobras,https://ormrhl.com/wp-content/uploads/2021/11/Cobras_Logo-128x128.png,#2B8C5C,PJ Harrison,pj-harrison,Goaltender,0,0,0,0,0,2021-2022,regular
1021,Regular Season 2021-2022,2021-11-11,Cobras,https://ormrhl.com/wp-content/uploads/2021/11/Cobras_Logo-128x128.png,#2B8C5C,Steve Souphanthong,steve-souphanthong,Forward,1,2,3,0,0,2021-2022,regular
1021,Regular Season 2021-2022,2021-11-11,Cobras,https://ormrhl.com/wp-content/uploads/2021/11/Cobras_Logo-128x128.png,#2B8C5C,Tyler Doyle,tyler-doyle,Forward,0,0,0,0,0,2021-2022,regular
1021,Regular Season 2021-2022,2021-11-11,Rhinos,https://ormrhl.com/wp-content/uploads/2021/11/Rhinos_logo-128x128.png,#6B6F76,Dan Montanari,dan-montanari,Forward,0,2,2,0,0,2021-2022,regular
1021,Regular Season 2021-2022,2021-11-11,Rhinos,https://ormrhl.com/wp-content/uploads/2021/11/Rhinos_logo-128x128.png,#6B6F76,Daniel De Angelis,daniel-de-angelis,Defence,1,0,1,0,0,2021-2022,regular
1021,Regular Season 2021-2022,2021-11-11,Rhinos,https://ormrhl.com/wp-content/uploads/2021/11/Rhinos_logo-128x128.png,#6B6F76,Jeff Goodman,jeff-goodman,Goaltender,0,0,0,0,0,2021-2022,regular
1021,Regular Season 2021-2022,2021-11-11,Rhinos,https://ormrhl.com/wp-content/uploads/2021/11/Rhinos_logo-128x128.png,#6B6F76,Josh Machesney,josh-machesney,Forward,2,1,3,0,0,2021-2022,regular
1021,Regular Season 2021-2022,2021-11-11,Rhinos,https://ormrhl.com/wp-content/uploads/2021/11/Rhinos_logo-128x128.png,#6B6F76,Lorne Feld,lorne-feld,Forward,0,2,2,0,0,2021-2022,regular
1021,Regular Season 2021-2022,2021-11-11,Rhinos,https://ormrhl.com/wp-content/uploads/2021/11/Rhinos_logo-128x128.png,#6B6F76,Matthew Quintieri,matthew-quintieri,Forward,2,0,2,0,0,2021-2022,regular
1021,Regular Season 2021-2022,2021-11-11,Rhinos,https://ormrhl.com/wp-content/uploads/2021/11/Rhinos_logo-128x128.png,#6B6F76,Neil DeCantis,neil-decantis,Forward,0,1,1,0,0,2021-2022,regular
1021,Regular Season 2021-2022,2021-11-11,Rhinos,https://ormrhl.com/wp-content/uploads/2021/11/Rhinos_logo-128x128.png,#6B6F76,Rob Iudiciani,rob-iudiciani,Defence,0,1,1,0,0,2021-2022,regular
1021,Regular Season 2021-2022,2021-11-11,Rhinos,https://ormrhl.com/wp-content/uploads/2021/11/Rhinos_logo-128x128.png,#6B6F76,Tom Coukos,tom-coukos,Forward,0,3,3,0,0,2021-2022,regular
1022,Regular Season 2021-2022,2021-11-11,Marlins,https://ormrhl.com/wp-content/uploads/2021/11/marlins_logo-128x128.png,#1E8A8A,Chris Maloney,chris-maloney,Forward,0,0,0,1,0,2021-2022,regular
1022,Regular Season 2021-2022,2021-11-11,Marlins,https://ormrhl.com/wp-content/uploads/2021/11/marlins_logo-128x128.png,#1E8A8A,Doug Grant,doug-grant,Forward,0,1,1,0,0,2021-2022,regular
1022,Regular Season 2021-2022,2021-11-11,Marlins,https://ormrhl.com/wp-content/uploads/2021/11/marlins_logo-128x128.png,#1E8A8A,Duncan Stalker,duncan-stalker,Defence,0,0,0,0,0,2021-2022,regular
1022,Regular Season 2021-2022,2021-11-11,Marlins,https://ormrhl.com/wp-content/uploads/2021/11/marlins_logo-128x128.png,#1E8A8A,Harrison Kane,harrison-kane,Defence,2,0,2,0,0,2021-2022,regular
1022,Regular Season 2021-2022,2021-11-11,Marlins,https://ormrhl.com/wp-content/uploads/2021/11/marlins_logo-128x128.png,#1E8A8A,Jackson Morgis,jackson-morgis,Goaltender,0,0,0,0,0,2021-2022,regular
1022,Regular Season 2021-2022,2021-11-11,Marlins,https://ormrhl.com/wp-content/uploads/2021/11/marlins_logo-128x128.png,#1E8A8A,Jeff Connor,jeff-connor,Forward,2,2,4,0,0,2021-2022,regular
1022,Regular Season 2021-2022,2021-11-11,Marlins,https://ormrhl.com/wp-content/uploads/2021/11/marlins_logo-128x128.png,#1E8A8A,Mack Charron,mack-charron,Forward,1,1,2,0,0,2021-2022,regular
1022,Regular Season 2021-2022,2021-11-11,Marlins,https://ormrhl.com/wp-content/uploads/2021/11/marlins_logo-128x128.png,#1E8A8A,Mark Sceeles,mark-sceeles,Defence,0,1,1,1,0,2021-2022,regular
1022,Regular Season 2021-2022,2021-11-11,Marlins,https://ormrhl.com/wp-content/uploads/2021/11/marlins_logo-128x128.png,#1E8A8A,Michael Montesanti,michael-montesanti,Forward,1,0,1,0,0,2021-2022,regular
1022,Regular Season 2021-2022,2021-11-11,Marlins,https://ormrhl.com/wp-content/uploads/2021/11/marlins_logo-128x128.png,#1E8A8A,Scott Browne,scott-browne,Forward,1,1,2,0,0,2021-2022,regular
1022,Regular Season 2021-2022,2021-11-11,Marlins,https://ormrhl.com/wp-content/uploads/2021/11/marlins_logo-128x128.png,#1E8A8A,Thomas Grant,thomas-grant,Defence,0,0,0,2,0,2021-2022,regular
1022,Regular Season 2021-2022,2021-11-11,Marlins,https://ormrhl.com/wp-content/uploads/2021/11/marlins_logo-128x128.png,#1E8A8A,Todd Wheeler,todd-wheeler,Forward,0,0,0,0,0,2021-2022,regular
1022,Regular Season 2021-2022,2021-11-11,Marlins,https://ormrhl.com/wp-content/uploads/2021/11/marlins_logo-128x128.png,#1E8A8A,Tyler Kozak,tyler-kozak,Defence,0,2,2,1,0,2021-2022,regular
1022,Regular Season 2021-2022,2021-11-11,Wildcats,https://ormrhl.com/wp-content/uploads/2021/11/wildcats_logo-128x128.png,#D97B29,Anthony Ventrella,anthony-ventrella,Forward,0,0,0,0,0,2021-2022,regular
1022,Regular Season 2021-2022,2021-11-11,Wildcats,https://ormrhl.com/wp-content/uploads/2021/11/wildcats_logo-128x128.png,#D97B29,Brian Hatton,brian-hatton,Goaltender,0,0,0,0,0,2021-2022,regular
1022,Regular Season 2021-2022,2021-11-11,Wildcats,https://ormrhl.com/wp-content/uploads/2021/11/wildcats_logo-128x128.png,#D97B29,Colby Clarke,colby-clarke,Forward,0,1,1,0,0,2021-2022,regular
1022,Regular Season 2021-2022,2021-11-11,Wildcats,https://ormrhl.com/wp-content/uploads/2021/11/wildcats_logo-128x128.png,#D97B29,Dan Richards,dan-richards,Forward,2,2,4,0,0,2021-2022,regular
1022,Regular Season 2021-2022,2021-11-11,Wildcats,https://ormrhl.com/wp-content/uploads/2021/11/wildcats_logo-128x128.png,#D97B29,Gianluca Santocono,gianluca-santocono,Defence,0,0,0,0,0,2021-2022,regular
1022,Regular Season 2021-2022,2021-11-11,Wildcats,https://ormrhl.com/wp-content/uploads/2021/11/wildcats_logo-128x128.png,#D97B29,Greg Sipprell,greg-sipprell2,Forward,1,0,1,0,0,2021-2022,regular
1022,Regular Season 2021-2022,2021-11-11,Wildcats,https://ormrhl.com/wp-content/uploads/2021/11/wildcats_logo-128x128.png,#D97B29,Jaro Verchkovski,jaro-verchkovski,Forward,0,0,0,0,0,2021-2022,regular
1022,Regular Season 2021-2022,2021-11-11,Wildcats,https://ormrhl.com/wp-content/uploads/2021/11/wildcats_logo-128x128.png,#D97B29,Lucas Kleine,lucas-kleine,Forward,0,3,3,0,0,2021-2022,regular
1022,Regular Season 2021-2022,2021-11-11,Wildcats,https://ormrhl.com/wp-content/uploads/2021/11/wildcats_logo-128x128.png,#D97B29,Pat Parent,pat-parent,Defence,1,1,2,0,0,2021-2022,regular
1022,Regular Season 2021-2022,2021-11-11,Wildcats,https://ormrhl.com/wp-content/uploads/2021/11/wildcats_logo-128x128.png,#D97B29,Paul Wolanski,paul-wolanski,Defence,0,0,0,0,0,2021-2022,regular
1022,Regular Season 2021-2022,2021-11-11,Wildcats,https://ormrhl.com/wp-content/uploads/2021/11/wildcats_logo-128x128.png,#D97B29,Rob Kleine,rob-kleine,Forward,0,0,0,0,0,2021-2022,regular
1022,Regular Season 2021-2022,2021-11-11,Wildcats,https://ormrhl.com/wp-content/uploads/2021/11/wildcats_logo-128x128.png,#D97B29,Ryan Smith,ryan-smith-og,Forward,1,0,1,0,0,2021-2022,regular
1022,Regular Season 2021-2022,2021-11-11,Wildcats,https://ormrhl.com/wp-content/uploads/2021/11/wildcats_logo-128x128.png,#D97B29,Victor Verchkovski,victor-verchkovski,Forward,0,0,0,0,0,2021-2022,regular
1023,Regular Season 2021-2022,2021-11-11,Eagles,https://ormrhl.com/wp-content/uploads/2021/11/Eagles_logo-128x128.png,#A31E2E,Anthony Loduca,anthony-loduca,Forward,2,2,4,0,0,2021-2022,regular
1023,Regular Season 2021-2022,2021-11-11,Eagles,https://ormrhl.com/wp-content/uploads/2021/11/Eagles_logo-128x128.png,#A31E2E,Darren Desrosiers,darren-desrosiers,Forward,0,2,2,0,0,2021-2022,regular
1023,Regular Season 2021-2022,2021-11-11,Eagles,https://ormrhl.com/wp-content/uploads/2021/11/Eagles_logo-128x128.png,#A31E2E,Drew Grasse,drew-grasse,Forward,0,0,0,0,0,2021-2022,regular
1023,Regular Season 2021-2022,2021-11-11,Eagles,https://ormrhl.com/wp-content/uploads/2021/11/Eagles_logo-128x128.png,#A31E2E,Hugh Smylie,hugh-smylie,Defence,0,1,1,0,0,2021-2022,regular
1023,Regular Season 2021-2022,2021-11-11,Eagles,https://ormrhl.com/wp-content/uploads/2021/11/Eagles_logo-128x128.png,#A31E2E,James Counter,james-counter,Forward,0,3,3,0,0,2021-2022,regular
1023,Regular Season 2021-2022,2021-11-11,Eagles,https://ormrhl.com/wp-content/uploads/2021/11/Eagles_logo-128x128.png,#A31E2E,Jeff Mitchell,jeff-mitchell,Defence,1,0,1,0,0,2021-2022,regular
1023,Regular Season 2021-2022,2021-11-11,Eagles,https://ormrhl.com/wp-content/uploads/2021/11/Eagles_logo-128x128.png,#A31E2E,Joey Leger,joey-leger,Forward,0,0,0,0,0,2021-2022,regular
1023,Regular Season 2021-2022,2021-11-11,Eagles,https://ormrhl.com/wp-content/uploads/2021/11/Eagles_logo-128x128.png,#A31E2E,Jordan Bodimeade,jordan-bodimeade,Forward,0,0,0,0,0,2021-2022,regular
1023,Regular Season 2021-2022,2021-11-11,Eagles,https://ormrhl.com/wp-content/uploads/2021/11/Eagles_logo-128x128.png,#A31E2E,Lucas Ackerman,lucas-ackerman,Forward,2,0,2,0,0,2021-2022,regular
1023,Regular Season 2021-2022,2021-11-11,Eagles,https://ormrhl.com/wp-content/uploads/2021/11/Eagles_logo-128x128.png,#A31E2E,Mario Carriero,mario-carriero,Goaltender,0,0,0,0,0,2021-2022,regular
1023,Regular Season 2021-2022,2021-11-11,Eagles,https://ormrhl.com/wp-content/uploads/2021/11/Eagles_logo-128x128.png,#A31E2E,Mario Mazzucco,mario-mazzucco,Forward,0,0,0,1,0,2021-2022,regular
1023,Regular Season 2021-2022,2021-11-11,Eagles,https://ormrhl.com/wp-content/uploads/2021/11/Eagles_logo-128x128.png,#A31E2E,Mike Clements,mike-clements,Defence,0,0,0,0,0,2021-2022,regular
1023,Regular Season 2021-2022,2021-11-11,Eagles,https://ormrhl.com/wp-content/uploads/2021/11/Eagles_logo-128x128.png,#A31E2E,Robert Doswell,robert-doswell,Defence,0,1,1,0,0,2021-2022,regular
1023,Regular Season 2021-2022,2021-11-11,Falcons,https://ormrhl.com/wp-content/uploads/2021/11/falcons_icon-128x128.png,#233A6B,Brandon Wellsbury,brandon-wellsbury,Forward,1,0,1,0,0,2021-2022,regular
1023,Regular Season 2021-2022,2021-11-11,Falcons,https://ormrhl.com/wp-content/uploads/2021/11/falcons_icon-128x128.png,#233A6B,Dale Bishop,dale-bishop,Defence,0,0,0,0,0,2021-2022,regular
1023,Regular Season 2021-2022,2021-11-11,Falcons,https://ormrhl.com/wp-content/uploads/2021/11/falcons_icon-128x128.png,#233A6B,Jason Todd,jason-todd,Defence,0,0,0,0,0,2021-2022,regular
1023,Regular Season 2021-2022,2021-11-11,Falcons,https://ormrhl.com/wp-content/uploads/2021/11/falcons_icon-128x128.png,#233A6B,John Corallo,john-corallo,Forward,0,0,0,0,0,2021-2022,regular
1023,Regular Season 2021-2022,2021-11-11,Falcons,https://ormrhl.com/wp-content/uploads/2021/11/falcons_icon-128x128.png,#233A6B,Kari Paivio,kari-paivio,Forward,0,0,0,0,0,2021-2022,regular
1023,Regular Season 2021-2022,2021-11-11,Falcons,https://ormrhl.com/wp-content/uploads/2021/11/falcons_icon-128x128.png,#233A6B,Marco Dileo,marco-dileo,Forward,0,0,0,0,0,2021-2022,regular
1023,Regular Season 2021-2022,2021-11-11,Falcons,https://ormrhl.com/wp-content/uploads/2021/11/falcons_icon-128x128.png,#233A6B,Nathan Loach,nathan-loach,Defence,2,0,2,0,0,2021-2022,regular
1023,Regular Season 2021-2022,2021-11-11,Falcons,https://ormrhl.com/wp-content/uploads/2021/11/falcons_icon-128x128.png,#233A6B,Rocco Malfara,rocco-malfara,Defence,0,0,0,0,0,2021-2022,regular
1023,Regular Season 2021-2022,2021-11-11,Falcons,https://ormrhl.com/wp-content/uploads/2021/11/falcons_icon-128x128.png,#233A6B,Ryan Doggart,ryan-doggart,Forward,0,1,1,0,0,2021-2022,regular
1023,Regular Season 2021-2022,2021-11-11,Falcons,https://ormrhl.com/wp-content/uploads/2021/11/falcons_icon-128x128.png,#233A6B,Trystan Lebrun,trystan-lebrun,Goaltender,0,0,0,0,0,2021-2022,regular
1024,Regular Season 2021-2022,2021-11-15,Marlins,https://ormrhl.com/wp-content/uploads/2021/11/marlins_logo-128x128.png,#1E8A8A,Chris Maloney,chris-maloney,Forward,1,0,1,0,0,2021-2022,regular
1024,Regular Season 2021-2022,2021-11-15,Marlins,https://ormrhl.com/wp-content/uploads/2021/11/marlins_logo-128x128.png,#1E8A8A,Doug Grant,doug-grant,Forward,0,0,0,0,0,2021-2022,regular
1024,Regular Season 2021-2022,2021-11-15,Marlins,https://ormrhl.com/wp-content/uploads/2021/11/marlins_logo-128x128.png,#1E8A8A,Duncan Stalker,duncan-stalker,Defence,0,1,1,0,0,2021-2022,regular
1024,Regular Season 2021-2022,2021-11-15,Marlins,https://ormrhl.com/wp-content/uploads/2021/11/marlins_logo-128x128.png,#1E8A8A,Harrison Kane,harrison-kane,Defence,1,0,1,0,0,2021-2022,regular
1024,Regular Season 2021-2022,2021-11-15,Marlins,https://ormrhl.com/wp-content/uploads/2021/11/marlins_logo-128x128.png,#1E8A8A,Jackson Morgis,jackson-morgis,Goaltender,0,0,0,0,0,2021-2022,regular
1024,Regular Season 2021-2022,2021-11-15,Marlins,https://ormrhl.com/wp-content/uploads/2021/11/marlins_logo-128x128.png,#1E8A8A,Jeff Connor,jeff-connor,Forward,0,0,0,0,0,2021-2022,regular
1024,Regular Season 2021-2022,2021-11-15,Marlins,https://ormrhl.com/wp-content/uploads/2021/11/marlins_logo-128x128.png,#1E8A8A,Mack Charron,mack-charron,Forward,2,2,4,0,0,2021-2022,regular
1024,Regular Season 2021-2022,2021-11-15,Marlins,https://ormrhl.com/wp-content/uploads/2021/11/marlins_logo-128x128.png,#1E8A8A,Mark Sceeles,mark-sceeles,Defence,0,0,0,0,0,2021-2022,regular
1024,Regular Season 2021-2022,2021-11-15,Marlins,https://ormrhl.com/wp-content/uploads/2021/11/marlins_logo-128x128.png,#1E8A8A,Michael Montesanti,michael-montesanti,Forward,2,1,3,0,0,2021-2022,regular
1024,Regular Season 2021-2022,2021-11-15,Marlins,https://ormrhl.com/wp-content/uploads/2021/11/marlins_logo-128x128.png,#1E8A8A,Scott Browne,scott-browne,Forward,0,1,1,0,0,2021-2022,regular
1024,Regular Season 2021-2022,2021-11-15,Marlins,https://ormrhl.com/wp-content/uploads/2021/11/marlins_logo-128x128.png,#1E8A8A,Thomas Grant,thomas-grant,Defence,0,3,3,0,0,2021-2022,regular
1024,Regular Season 2021-2022,2021-11-15,Marlins,https://ormrhl.com/wp-content/uploads/2021/11/marlins_logo-128x128.png,#1E8A8A,Todd Wheeler,todd-wheeler,Forward,0,0,0,0,0,2021-2022,regular
1024,Regular Season 2021-2022,2021-11-15,Marlins,https://ormrhl.com/wp-content/uploads/2021/11/marlins_logo-128x128.png,#1E8A8A,Tyler Kozak,tyler-kozak,Defence,0,1,1,0,0,2021-2022,regular
1024,Regular Season 2021-2022,2021-11-15,Rhinos,https://ormrhl.com/wp-content/uploads/2021/11/Rhinos_logo-128x128.png,#6B6F76,Adam Klein,adam-klein,Forward,0,1,1,0,0,2021-2022,regular
1024,Regular Season 2021-2022,2021-11-15,Rhinos,https://ormrhl.com/wp-content/uploads/2021/11/Rhinos_logo-128x128.png,#6B6F76,Dan Montanari,dan-montanari,Forward,0,1,1,0,0,2021-2022,regular
1024,Regular Season 2021-2022,2021-11-15,Rhinos,https://ormrhl.com/wp-content/uploads/2021/11/Rhinos_logo-128x128.png,#6B6F76,Daniel De Angelis,daniel-de-angelis,Defence,1,0,1,0,0,2021-2022,regular
1024,Regular Season 2021-2022,2021-11-15,Rhinos,https://ormrhl.com/wp-content/uploads/2021/11/Rhinos_logo-128x128.png,#6B6F76,Jeff Goodman,jeff-goodman,Goaltender,0,0,0,0,0,2021-2022,regular
1024,Regular Season 2021-2022,2021-11-15,Rhinos,https://ormrhl.com/wp-content/uploads/2021/11/Rhinos_logo-128x128.png,#6B6F76,Josh Machesney,josh-machesney,Forward,0,0,0,0,0,2021-2022,regular
1024,Regular Season 2021-2022,2021-11-15,Rhinos,https://ormrhl.com/wp-content/uploads/2021/11/Rhinos_logo-128x128.png,#6B6F76,Lorne Feld,lorne-feld,Forward,0,0,0,0,0,2021-2022,regular
1024,Regular Season 2021-2022,2021-11-15,Rhinos,https://ormrhl.com/wp-content/uploads/2021/11/Rhinos_logo-128x128.png,#6B6F76,Matthew Quintieri,matthew-quintieri,Forward,1,1,2,0,0,2021-2022,regular
1024,Regular Season 2021-2022,2021-11-15,Rhinos,https://ormrhl.com/wp-content/uploads/2021/11/Rhinos_logo-128x128.png,#6B6F76,Neil DeCantis,neil-decantis,Forward,0,0,0,0,0,2021-2022,regular
1024,Regular Season 2021-2022,2021-11-15,Rhinos,https://ormrhl.com/wp-content/uploads/2021/11/Rhinos_logo-128x128.png,#6B6F76,Rob Iudiciani,rob-iudiciani,Defence,0,1,1,1,0,2021-2022,regular
1024,Regular Season 2021-2022,2021-11-15,Rhinos,https://ormrhl.com/wp-content/uploads/2021/11/Rhinos_logo-128x128.png,#6B6F76,Robin Harrison,robin-harrison,Defence,0,0,0,0,0,2021-2022,regular
1024,Regular Season 2021-2022,2021-11-15,Rhinos,https://ormrhl.com/wp-content/uploads/2021/11/Rhinos_logo-128x128.png,#6B6F76,Tom Coukos,tom-coukos,Forward,1,0,1,0,0,2021-2022,regular
1025,Regular Season 2021-2022,2021-11-15,Falcons,https://ormrhl.com/wp-content/uploads/2021/11/falcons_icon-128x128.png,#233A6B,Brandon Wellsbury,brandon-wellsbury,Forward,0,0,0,0,0,2021-2022,regular
1025,Regular Season 2021-2022,2021-11-15,Falcons,https://ormrhl.com/wp-content/uploads/2021/11/falcons_icon-128x128.png,#233A6B,Dale Bishop,dale-bishop,Defence,0,0,0,0,0,2021-2022,regular
1025,Regular Season 2021-2022,2021-11-15,Falcons,https://ormrhl.com/wp-content/uploads/2021/11/falcons_icon-128x128.png,#233A6B,Jason Todd,jason-todd,Defence,0,1,1,0,0,2021-2022,regular
1025,Regular Season 2021-2022,2021-11-15,Falcons,https://ormrhl.com/wp-content/uploads/2021/11/falcons_icon-128x128.png,#233A6B,Marco Dileo,marco-dileo,Forward,0,0,0,1,0,2021-2022,regular
1025,Regular Season 2021-2022,2021-11-15,Falcons,https://ormrhl.com/wp-content/uploads/2021/11/falcons_icon-128x128.png,#233A6B,Robbie Spencer,robbie-spencer,Forward,0,0,0,0,0,2021-2022,regular
1025,Regular Season 2021-2022,2021-11-15,Falcons,https://ormrhl.com/wp-content/uploads/2021/11/falcons_icon-128x128.png,#233A6B,Rocco Malfara,rocco-malfara,Defence,0,0,0,0,0,2021-2022,regular
1025,Regular Season 2021-2022,2021-11-15,Falcons,https://ormrhl.com/wp-content/uploads/2021/11/falcons_icon-128x128.png,#233A6B,Trystan Lebrun,trystan-lebrun,Goaltender,0,0,0,0,0,2021-2022,regular
1025,Regular Season 2021-2022,2021-11-15,Wildcats,https://ormrhl.com/wp-content/uploads/2021/11/wildcats_logo-128x128.png,#D97B29,Anthony Ventrella,anthony-ventrella,Forward,0,0,0,0,0,2021-2022,regular
1025,Regular Season 2021-2022,2021-11-15,Wildcats,https://ormrhl.com/wp-content/uploads/2021/11/wildcats_logo-128x128.png,#D97B29,Brian Hatton,brian-hatton,Goaltender,0,0,0,0,0,2021-2022,regular
1025,Regular Season 2021-2022,2021-11-15,Wildcats,https://ormrhl.com/wp-content/uploads/2021/11/wildcats_logo-128x128.png,#D97B29,Colby Clarke,colby-clarke,Forward,2,4,6,0,0,2021-2022,regular
1025,Regular Season 2021-2022,2021-11-15,Wildcats,https://ormrhl.com/wp-content/uploads/2021/11/wildcats_logo-128x128.png,#D97B29,Dan Richards,dan-richards,Forward,0,2,2,1,0,2021-2022,regular
1025,Regular Season 2021-2022,2021-11-15,Wildcats,https://ormrhl.com/wp-content/uploads/2021/11/wildcats_logo-128x128.png,#D97B29,Gianluca Santocono,gianluca-santocono,Defence,0,0,0,0,0,2021-2022,regular
1025,Regular Season 2021-2022,2021-11-15,Wildcats,https://ormrhl.com/wp-content/uploads/2021/11/wildcats_logo-128x128.png,#D97B29,Greg Sipprell,greg-sipprell2,Forward,1,3,4,0,0,2021-2022,regular
1025,Regular Season 2021-2022,2021-11-15,Wildcats,https://ormrhl.com/wp-content/uploads/2021/11/wildcats_logo-128x128.png,#D97B29,Jaro Verchkovski,jaro-verchkovski,Forward,0,1,1,0,0,2021-2022,regular
1025,Regular Season 2021-2022,2021-11-15,Wildcats,https://ormrhl.com/wp-content/uploads/2021/11/wildcats_logo-128x128.png,#D97B29,Lucas Kleine,lucas-kleine,Forward,1,0,1,0,0,2021-2022,regular
1025,Regular Season 2021-2022,2021-11-15,Wildcats,https://ormrhl.com/wp-content/uploads/2021/11/wildcats_logo-128x128.png,#D97B29,Pat Parent,pat-parent,Defence,0,0,0,0,0,2021-2022,regular
1025,Regular Season 2021-2022,2021-11-15,Wildcats,https://ormrhl.com/wp-content/uploads/2021/11/wildcats_logo-128x128.png,#D97B29,Paul Wolanski,paul-wolanski,Defence,2,1,3,0,0,2021-2022,regular
1025,Regular Season 2021-2022,2021-11-15,Wildcats,https://ormrhl.com/wp-content/uploads/2021/11/wildcats_logo-128x128.png,#D97B29,Ryan Smith,ryan-smith-og,Forward,1,0,1,0,0,2021-2022,regular
1025,Regular Season 2021-2022,2021-11-15,Wildcats,https://ormrhl.com/wp-content/uploads/2021/11/wildcats_logo-128x128.png,#D97B29,Victor Verchkovski,victor-verchkovski,Forward,0,0,0,0,0,2021-2022,regular
1026,Regular Season 2021-2022,2021-11-15,Cobras,https://ormrhl.com/wp-content/uploads/2021/11/Cobras_Logo-128x128.png,#2B8C5C,Adrian Iudiciani,adrian-iudiciani,Forward,1,1,2,0,0,2021-2022,regular
1026,Regular Season 2021-2022,2021-11-15,Cobras,https://ormrhl.com/wp-content/uploads/2021/11/Cobras_Logo-128x128.png,#2B8C5C,Angelo Capone,angelo-capone,Forward,0,0,0,0,0,2021-2022,regular
1026,Regular Season 2021-2022,2021-11-15,Cobras,https://ormrhl.com/wp-content/uploads/2021/11/Cobras_Logo-128x128.png,#2B8C5C,Brandon De Assuncao,brandon-de-assuncao,Forward,1,1,2,0,0,2021-2022,regular
1026,Regular Season 2021-2022,2021-11-15,Cobras,https://ormrhl.com/wp-content/uploads/2021/11/Cobras_Logo-128x128.png,#2B8C5C,James Mitchell,james-mitchell,Forward,0,0,0,0,0,2021-2022,regular
1026,Regular Season 2021-2022,2021-11-15,Cobras,https://ormrhl.com/wp-content/uploads/2021/11/Cobras_Logo-128x128.png,#2B8C5C,John Ventrella,john-ventrella,Forward,0,0,0,0,0,2021-2022,regular
1026,Regular Season 2021-2022,2021-11-15,Cobras,https://ormrhl.com/wp-content/uploads/2021/11/Cobras_Logo-128x128.png,#2B8C5C,Justin Pappianni,justin-papaianni,Forward,0,1,1,0,0,2021-2022,regular
1026,Regular Season 2021-2022,2021-11-15,Cobras,https://ormrhl.com/wp-content/uploads/2021/11/Cobras_Logo-128x128.png,#2B8C5C,Kevin Hinton,kevin-hinton,Forward,0,0,0,0,0,2021-2022,regular
1026,Regular Season 2021-2022,2021-11-15,Cobras,https://ormrhl.com/wp-content/uploads/2021/11/Cobras_Logo-128x128.png,#2B8C5C,Mark Mitchell,mark-mitchell,Defence,0,1,1,0,0,2021-2022,regular
1026,Regular Season 2021-2022,2021-11-15,Cobras,https://ormrhl.com/wp-content/uploads/2021/11/Cobras_Logo-128x128.png,#2B8C5C,Massimo Venditti,massimo-venditti,Forward,0,0,0,0,0,2021-2022,regular
1026,Regular Season 2021-2022,2021-11-15,Cobras,https://ormrhl.com/wp-content/uploads/2021/11/Cobras_Logo-128x128.png,#2B8C5C,PJ Harrison,pj-harrison,Goaltender,0,0,0,0,0,2021-2022,regular
1026,Regular Season 2021-2022,2021-11-15,Cobras,https://ormrhl.com/wp-content/uploads/2021/11/Cobras_Logo-128x128.png,#2B8C5C,Steve Souphanthong,steve-souphanthong,Forward,0,0,0,0,0,2021-2022,regular
1026,Regular Season 2021-2022,2021-11-15,Cobras,https://ormrhl.com/wp-content/uploads/2021/11/Cobras_Logo-128x128.png,#2B8C5C,Tyler Doyle,tyler-doyle,Forward,1,1,2,0,0,2021-2022,regular
1026,Regular Season 2021-2022,2021-11-15,Eagles,https://ormrhl.com/wp-content/uploads/2021/11/Eagles_logo-128x128.png,#A31E2E,Alex Disera,alex-disera,Forward,0,0,0,0,0,2021-2022,regular
1026,Regular Season 2021-2022,2021-11-15,Eagles,https://ormrhl.com/wp-content/uploads/2021/11/Eagles_logo-128x128.png,#A31E2E,Anthony Loduca,anthony-loduca,Forward,2,1,3,0,0,2021-2022,regular
1026,Regular Season 2021-2022,2021-11-15,Eagles,https://ormrhl.com/wp-content/uploads/2021/11/Eagles_logo-128x128.png,#A31E2E,Darren Desrosiers,darren-desrosiers,Forward,0,0,0,0,0,2021-2022,regular
1026,Regular Season 2021-2022,2021-11-15,Eagles,https://ormrhl.com/wp-content/uploads/2021/11/Eagles_logo-128x128.png,#A31E2E,Drew Grasse,drew-grasse,Forward,0,0,0,1,0,2021-2022,regular
1026,Regular Season 2021-2022,2021-11-15,Eagles,https://ormrhl.com/wp-content/uploads/2021/11/Eagles_logo-128x128.png,#A31E2E,Hugh Smylie,hugh-smylie,Defence,0,1,1,0,0,2021-2022,regular
1026,Regular Season 2021-2022,2021-11-15,Eagles,https://ormrhl.com/wp-content/uploads/2021/11/Eagles_logo-128x128.png,#A31E2E,James Counter,james-counter,Forward,0,1,1,0,0,2021-2022,regular
1026,Regular Season 2021-2022,2021-11-15,Eagles,https://ormrhl.com/wp-content/uploads/2021/11/Eagles_logo-128x128.png,#A31E2E,Jeff Mitchell,jeff-mitchell,Defence,0,0,0,0,0,2021-2022,regular
1026,Regular Season 2021-2022,2021-11-15,Eagles,https://ormrhl.com/wp-content/uploads/2021/11/Eagles_logo-128x128.png,#A31E2E,Joey Leger,joey-leger,Forward,0,2,2,0,0,2021-2022,regular
1026,Regular Season 2021-2022,2021-11-15,Eagles,https://ormrhl.com/wp-content/uploads/2021/11/Eagles_logo-128x128.png,#A31E2E,Jordan Bodimeade,jordan-bodimeade,Forward,1,1,2,0,0,2021-2022,regular
1026,Regular Season 2021-2022,2021-11-15,Eagles,https://ormrhl.com/wp-content/uploads/2021/11/Eagles_logo-128x128.png,#A31E2E,Lucas Ackerman,lucas-ackerman,Forward,1,1,2,0,0,2021-2022,regular
1026,Regular Season 2021-2022,2021-11-15,Eagles,https://ormrhl.com/wp-content/uploads/2021/11/Eagles_logo-128x128.png,#A31E2E,Mario Carriero,mario-carriero,Goaltender,0,0,0,0,0,2021-2022,regular
1026,Regular Season 2021-2022,2021-11-15,Eagles,https://ormrhl.com/wp-content/uploads/2021/11/Eagles_logo-128x128.png,#A31E2E,Mario Mazzucco,mario-mazzucco,Forward,1,0,1,0,0,2021-2022,regular
1026,Regular Season 2021-2022,2021-11-15,Eagles,https://ormrhl.com/wp-content/uploads/2021/11/Eagles_logo-128x128.png,#A31E2E,Mike Clements,mike-clements,Defence,0,0,0,0,0,2021-2022,regular
1026,Regular Season 2021-2022,2021-11-15,Eagles,https://ormrhl.com/wp-content/uploads/2021/11/Eagles_logo-128x128.png,#A31E2E,Robert Doswell,robert-doswell,Defence,1,1,2,0,0,2021-2022,regular
1027,Regular Season 2021-2022,2021-11-18,Cobras,https://ormrhl.com/wp-content/uploads/2021/11/Cobras_Logo-128x128.png,#2B8C5C,Angelo Capone,angelo-capone,Forward,1,0,1,0,0,2021-2022,regular
1027,Regular Season 2021-2022,2021-11-18,Cobras,https://ormrhl.com/wp-content/uploads/2021/11/Cobras_Logo-128x128.png,#2B8C5C,Brandon De Assuncao,brandon-de-assuncao,Forward,0,0,0,0,0,2021-2022,regular
1027,Regular Season 2021-2022,2021-11-18,Cobras,https://ormrhl.com/wp-content/uploads/2021/11/Cobras_Logo-128x128.png,#2B8C5C,James Mitchell,james-mitchell,Forward,0,0,0,0,0,2021-2022,regular
1027,Regular Season 2021-2022,2021-11-18,Cobras,https://ormrhl.com/wp-content/uploads/2021/11/Cobras_Logo-128x128.png,#2B8C5C,John Ventrella,john-ventrella,Forward,0,0,0,0,0,2021-2022,regular
1027,Regular Season 2021-2022,2021-11-18,Cobras,https://ormrhl.com/wp-content/uploads/2021/11/Cobras_Logo-128x128.png,#2B8C5C,Justin Pappianni,justin-papaianni,Forward,0,0,0,0,0,2021-2022,regular
1027,Regular Season 2021-2022,2021-11-18,Cobras,https://ormrhl.com/wp-content/uploads/2021/11/Cobras_Logo-128x128.png,#2B8C5C,Kevin Hinton,kevin-hinton,Forward,0,0,0,0,0,2021-2022,regular
1027,Regular Season 2021-2022,2021-11-18,Cobras,https://ormrhl.com/wp-content/uploads/2021/11/Cobras_Logo-128x128.png,#2B8C5C,Mark Mitchell,mark-mitchell,Defence,0,0,0,0,0,2021-2022,regular
1027,Regular Season 2021-2022,2021-11-18,Cobras,https://ormrhl.com/wp-content/uploads/2021/11/Cobras_Logo-128x128.png,#2B8C5C,Massimo Venditti,massimo-venditti,Forward,0,1,1,0,0,2021-2022,regular
1027,Regular Season 2021-2022,2021-11-18,Cobras,https://ormrhl.com/wp-content/uploads/2021/11/Cobras_Logo-128x128.png,#2B8C5C,Michael English,michael-english,Defence,0,0,0,0,0,2021-2022,regular
1027,Regular Season 2021-2022,2021-11-18,Cobras,https://ormrhl.com/wp-content/uploads/2021/11/Cobras_Logo-128x128.png,#2B8C5C,PJ Harrison,pj-harrison,Goaltender,0,0,0,0,0,2021-2022,regular
1027,Regular Season 2021-2022,2021-11-18,Cobras,https://ormrhl.com/wp-content/uploads/2021/11/Cobras_Logo-128x128.png,#2B8C5C,Steve Souphanthong,steve-souphanthong,Forward,0,0,0,0,0,2021-2022,regular
1027,Regular Season 2021-2022,2021-11-18,Cobras,https://ormrhl.com/wp-content/uploads/2021/11/Cobras_Logo-128x128.png,#2B8C5C,Tyler Doyle,tyler-doyle,Forward,1,1,2,0,0,2021-2022,regular
1027,Regular Season 2021-2022,2021-11-18,Wildcats,https://ormrhl.com/wp-content/uploads/2021/11/wildcats_logo-128x128.png,#D97B29,Anthony Ventrella,anthony-ventrella,Forward,0,0,0,0,0,2021-2022,regular
1027,Regular Season 2021-2022,2021-11-18,Wildcats,https://ormrhl.com/wp-content/uploads/2021/11/wildcats_logo-128x128.png,#D97B29,Brian Hatton,brian-hatton,Goaltender,0,0,0,0,0,2021-2022,regular
1027,Regular Season 2021-2022,2021-11-18,Wildcats,https://ormrhl.com/wp-content/uploads/2021/11/wildcats_logo-128x128.png,#D97B29,Colby Clarke,colby-clarke,Forward,2,1,3,0,0,2021-2022,regular
1027,Regular Season 2021-2022,2021-11-18,Wildcats,https://ormrhl.com/wp-content/uploads/2021/11/wildcats_logo-128x128.png,#D97B29,Dan Richards,dan-richards,Forward,0,2,2,0,0,2021-2022,regular
1027,Regular Season 2021-2022,2021-11-18,Wildcats,https://ormrhl.com/wp-content/uploads/2021/11/wildcats_logo-128x128.png,#D97B29,Gianluca Santocono,gianluca-santocono,Defence,0,0,0,0,0,2021-2022,regular
1027,Regular Season 2021-2022,2021-11-18,Wildcats,https://ormrhl.com/wp-content/uploads/2021/11/wildcats_logo-128x128.png,#D97B29,Greg Sipprell,greg-sipprell2,Forward,0,0,0,0,0,2021-2022,regular
1027,Regular Season 2021-2022,2021-11-18,Wildcats,https://ormrhl.com/wp-content/uploads/2021/11/wildcats_logo-128x128.png,#D97B29,Jaro Verchkovski,jaro-verchkovski,Forward,0,0,0,0,0,2021-2022,regular
1027,Regular Season 2021-2022,2021-11-18,Wildcats,https://ormrhl.com/wp-content/uploads/2021/11/wildcats_logo-128x128.png,#D97B29,Lucas Kleine,lucas-kleine,Forward,1,0,1,0,0,2021-2022,regular
1027,Regular Season 2021-2022,2021-11-18,Wildcats,https://ormrhl.com/wp-content/uploads/2021/11/wildcats_logo-128x128.png,#D97B29,Pat Parent,pat-parent,Defence,1,1,2,0,0,2021-2022,regular
1027,Regular Season 2021-2022,2021-11-18,Wildcats,https://ormrhl.com/wp-content/uploads/2021/11/wildcats_logo-128x128.png,#D97B29,Paul Wolanski,paul-wolanski,Defence,0,3,3,0,0,2021-2022,regular
1027,Regular Season 2021-2022,2021-11-18,Wildcats,https://ormrhl.com/wp-content/uploads/2021/11/wildcats_logo-128x128.png,#D97B29,Rob Kleine,rob-kleine,Forward,2,0,2,0,0,2021-2022,regular
1027,Regular Season 2021-2022,2021-11-18,Wildcats,https://ormrhl.com/wp-content/uploads/2021/11/wildcats_logo-128x128.png,#D97B29,Victor Verchkovski,victor-verchkovski,Forward,0,3,3,0,0,2021-2022,regular
1028,Regular Season 2021-2022,2021-11-18,Eagles,https://ormrhl.com/wp-content/uploads/2021/11/Eagles_logo-128x128.png,#A31E2E,Alex Disera,alex-disera,Forward,0,0,0,0,0,2021-2022,regular
1028,Regular Season 2021-2022,2021-11-18,Eagles,https://ormrhl.com/wp-content/uploads/2021/11/Eagles_logo-128x128.png,#A31E2E,Anthony Loduca,anthony-loduca,Forward,0,0,0,0,0,2021-2022,regular
1028,Regular Season 2021-2022,2021-11-18,Eagles,https://ormrhl.com/wp-content/uploads/2021/11/Eagles_logo-128x128.png,#A31E2E,Darren Desrosiers,darren-desrosiers,Forward,0,2,2,0,0,2021-2022,regular
1028,Regular Season 2021-2022,2021-11-18,Eagles,https://ormrhl.com/wp-content/uploads/2021/11/Eagles_logo-128x128.png,#A31E2E,Drew Grasse,drew-grasse,Forward,1,0,1,0,0,2021-2022,regular
1028,Regular Season 2021-2022,2021-11-18,Eagles,https://ormrhl.com/wp-content/uploads/2021/11/Eagles_logo-128x128.png,#A31E2E,Hugh Smylie,hugh-smylie,Defence,0,0,0,0,0,2021-2022,regular
1028,Regular Season 2021-2022,2021-11-18,Eagles,https://ormrhl.com/wp-content/uploads/2021/11/Eagles_logo-128x128.png,#A31E2E,James Counter,james-counter,Forward,0,0,0,1,0,2021-2022,regular
1028,Regular Season 2021-2022,2021-11-18,Eagles,https://ormrhl.com/wp-content/uploads/2021/11/Eagles_logo-128x128.png,#A31E2E,Jeff Mitchell,jeff-mitchell,Defence,0,0,0,0,0,2021-2022,regular
1028,Regular Season 2021-2022,2021-11-18,Eagles,https://ormrhl.com/wp-content/uploads/2021/11/Eagles_logo-128x128.png,#A31E2E,Joey Leger,joey-leger,Forward,0,0,0,0,0,2021-2022,regular
1028,Regular Season 2021-2022,2021-11-18,Eagles,https://ormrhl.com/wp-content/uploads/2021/11/Eagles_logo-128x128.png,#A31E2E,Jordan Bodimeade,jordan-bodimeade,Forward,0,2,2,0,0,2021-2022,regular
1028,Regular Season 2021-2022,2021-11-18,Eagles,https://ormrhl.com/wp-content/uploads/2021/11/Eagles_logo-128x128.png,#A31E2E,Lucas Ackerman,lucas-ackerman,Forward,1,1,2,0,0,2021-2022,regular
1028,Regular Season 2021-2022,2021-11-18,Eagles,https://ormrhl.com/wp-content/uploads/2021/11/Eagles_logo-128x128.png,#A31E2E,Mario Carriero,mario-carriero,Goaltender,0,0,0,0,0,2021-2022,regular
1028,Regular Season 2021-2022,2021-11-18,Eagles,https://ormrhl.com/wp-content/uploads/2021/11/Eagles_logo-128x128.png,#A31E2E,Mario Mazzucco,mario-mazzucco,Forward,2,0,2,0,0,2021-2022,regular
1028,Regular Season 2021-2022,2021-11-18,Eagles,https://ormrhl.com/wp-content/uploads/2021/11/Eagles_logo-128x128.png,#A31E2E,Mike Clements,mike-clements,Defence,0,0,0,0,0,2021-2022,regular
1028,Regular Season 2021-2022,2021-11-18,Eagles,https://ormrhl.com/wp-content/uploads/2021/11/Eagles_logo-128x128.png,#A31E2E,Robert Doswell,robert-doswell,Defence,0,2,2,0,0,2021-2022,regular
1028,Regular Season 2021-2022,2021-11-18,Eagles,https://ormrhl.com/wp-content/uploads/2021/11/Eagles_logo-128x128.png,#A31E2E,Scott Sutton,scott-sutton,Defence,0,0,0,1,0,2021-2022,regular
1028,Regular Season 2021-2022,2021-11-18,Rhinos,https://ormrhl.com/wp-content/uploads/2021/11/Rhinos_logo-128x128.png,#6B6F76,Adam Klein,adam-klein,Forward,0,0,0,0,0,2021-2022,regular
1028,Regular Season 2021-2022,2021-11-18,Rhinos,https://ormrhl.com/wp-content/uploads/2021/11/Rhinos_logo-128x128.png,#6B6F76,Daniel De Angelis,daniel-de-angelis,Defence,0,0,0,1,0,2021-2022,regular
1028,Regular Season 2021-2022,2021-11-18,Rhinos,https://ormrhl.com/wp-content/uploads/2021/11/Rhinos_logo-128x128.png,#6B6F76,Jeff Goodman,jeff-goodman,Goaltender,0,0,0,0,0,2021-2022,regular
1028,Regular Season 2021-2022,2021-11-18,Rhinos,https://ormrhl.com/wp-content/uploads/2021/11/Rhinos_logo-128x128.png,#6B6F76,Josh Machesney,josh-machesney,Forward,0,0,0,0,0,2021-2022,regular
1028,Regular Season 2021-2022,2021-11-18,Rhinos,https://ormrhl.com/wp-content/uploads/2021/11/Rhinos_logo-128x128.png,#6B6F76,Lorne Feld,lorne-feld,Forward,0,0,0,0,0,2021-2022,regular
1028,Regular Season 2021-2022,2021-11-18,Rhinos,https://ormrhl.com/wp-content/uploads/2021/11/Rhinos_logo-128x128.png,#6B6F76,Matthew Quintieri,matthew-quintieri,Forward,0,0,0,1,0,2021-2022,regular
1028,Regular Season 2021-2022,2021-11-18,Rhinos,https://ormrhl.com/wp-content/uploads/2021/11/Rhinos_logo-128x128.png,#6B6F76,Neil DeCantis,neil-decantis,Forward,0,2,2,0,0,2021-2022,regular
1028,Regular Season 2021-2022,2021-11-18,Rhinos,https://ormrhl.com/wp-content/uploads/2021/11/Rhinos_logo-128x128.png,#6B6F76,Rob Iudiciani,rob-iudiciani,Defence,0,2,2,0,0,2021-2022,regular
1028,Regular Season 2021-2022,2021-11-18,Rhinos,https://ormrhl.com/wp-content/uploads/2021/11/Rhinos_logo-128x128.png,#6B6F76,Robin Harrison,robin-harrison,Defence,0,0,0,0,0,2021-2022,regular
1028,Regular Season 2021-2022,2021-11-18,Rhinos,https://ormrhl.com/wp-content/uploads/2021/11/Rhinos_logo-128x128.png,#6B6F76,Tom Coukos,tom-coukos,Forward,3,0,3,0,0,2021-2022,regular
1029,Regular Season 2021-2022,2021-11-18,Falcons,https://ormrhl.com/wp-content/uploads/2021/11/falcons_icon-128x128.png,#233A6B,Brandon Wellsbury,brandon-wellsbury,Forward,0,0,0,0,0,2021-2022,regular
1029,Regular Season 2021-2022,2021-11-18,Falcons,https://ormrhl.com/wp-content/uploads/2021/11/falcons_icon-128x128.png,#233A6B,Dale Bishop,dale-bishop,Defence,1,0,1,0,0,2021-2022,regular
1029,Regular Season 2021-2022,2021-11-18,Falcons,https://ormrhl.com/wp-content/uploads/2021/11/falcons_icon-128x128.png,#233A6B,Jason Todd,jason-todd,Defence,0,0,0,0,0,2021-2022,regular
1029,Regular Season 2021-2022,2021-11-18,Falcons,https://ormrhl.com/wp-content/uploads/2021/11/falcons_icon-128x128.png,#233A6B,John Corallo,john-corallo,Forward,0,0,0,1,0,2021-2022,regular
1029,Regular Season 2021-2022,2021-11-18,Falcons,https://ormrhl.com/wp-content/uploads/2021/11/falcons_icon-128x128.png,#233A6B,Kari Paivio,kari-paivio,Forward,0,1,1,0,0,2021-2022,regular
1029,Regular Season 2021-2022,2021-11-18,Falcons,https://ormrhl.com/wp-content/uploads/2021/11/falcons_icon-128x128.png,#233A6B,Marco Dileo,marco-dileo,Forward,1,0,1,0,0,2021-2022,regular
1029,Regular Season 2021-2022,2021-11-18,Falcons,https://ormrhl.com/wp-content/uploads/2021/11/falcons_icon-128x128.png,#233A6B,Robbie Spencer,robbie-spencer,Forward,1,0,1,0,0,2021-2022,regular
1029,Regular Season 2021-2022,2021-11-18,Falcons,https://ormrhl.com/wp-content/uploads/2021/11/falcons_icon-128x128.png,#233A6B,Rocco Malfara,rocco-malfara,Defence,0,0,0,0,0,2021-2022,regular
1029,Regular Season 2021-2022,2021-11-18,Falcons,https://ormrhl.com/wp-content/uploads/2021/11/falcons_icon-128x128.png,#233A6B,Trystan Lebrun,trystan-lebrun,Goaltender,0,0,0,0,0,2021-2022,regular
1029,Regular Season 2021-2022,2021-11-18,Marlins,https://ormrhl.com/wp-content/uploads/2021/11/marlins_logo-128x128.png,#1E8A8A,Chris Maloney,chris-maloney,Forward,0,0,0,0,0,2021-2022,regular
1029,Regular Season 2021-2022,2021-11-18,Marlins,https://ormrhl.com/wp-content/uploads/2021/11/marlins_logo-128x128.png,#1E8A8A,Duncan Stalker,duncan-stalker,Defence,0,0,0,0,0,2021-2022,regular
1029,Regular Season 2021-2022,2021-11-18,Marlins,https://ormrhl.com/wp-content/uploads/2021/11/marlins_logo-128x128.png,#1E8A8A,Harrison Kane,harrison-kane,Defence,1,1,2,0,0,2021-2022,regular
1029,Regular Season 2021-2022,2021-11-18,Marlins,https://ormrhl.com/wp-content/uploads/2021/11/marlins_logo-128x128.png,#1E8A8A,Jackson Morgis,jackson-morgis,Goaltender,0,0,0,0,0,2021-2022,regular
1029,Regular Season 2021-2022,2021-11-18,Marlins,https://ormrhl.com/wp-content/uploads/2021/11/marlins_logo-128x128.png,#1E8A8A,Jeff Connor,jeff-connor,Forward,1,3,4,0,0,2021-2022,regular
1029,Regular Season 2021-2022,2021-11-18,Marlins,https://ormrhl.com/wp-content/uploads/2021/11/marlins_logo-128x128.png,#1E8A8A,Jeremy Grey,jeremy-grey,Defence,0,0,0,0,0,2021-2022,regular
1029,Regular Season 2021-2022,2021-11-18,Marlins,https://ormrhl.com/wp-content/uploads/2021/11/marlins_logo-128x128.png,#1E8A8A,Mark Sceeles,mark-sceeles,Defence,0,1,1,0,0,2021-2022,regular
1029,Regular Season 2021-2022,2021-11-18,Marlins,https://ormrhl.com/wp-content/uploads/2021/11/marlins_logo-128x128.png,#1E8A8A,Michael Montesanti,michael-montesanti,Forward,1,0,1,0,0,2021-2022,regular
1029,Regular Season 2021-2022,2021-11-18,Marlins,https://ormrhl.com/wp-content/uploads/2021/11/marlins_logo-128x128.png,#1E8A8A,Scott Browne,scott-browne,Forward,0,0,0,0,0,2021-2022,regular
1029,Regular Season 2021-2022,2021-11-18,Marlins,https://ormrhl.com/wp-content/uploads/2021/11/marlins_logo-128x128.png,#1E8A8A,Thomas Grant,thomas-grant,Defence,1,1,2,0,0,2021-2022,regular
1029,Regular Season 2021-2022,2021-11-18,Marlins,https://ormrhl.com/wp-content/uploads/2021/11/marlins_logo-128x128.png,#1E8A8A,Tyler Kozak,tyler-kozak,Defence,0,2,2,0,0,2021-2022,regular
1030,Regular Season 2021-2022,2021-11-22,Cobras,https://ormrhl.com/wp-content/uploads/2021/11/Cobras_Logo-128x128.png,#2B8C5C,Adrian Iudiciani,adrian-iudiciani,Forward,1,0,1,1,0,2021-2022,regular
1030,Regular Season 2021-2022,2021-11-22,Cobras,https://ormrhl.com/wp-content/uploads/2021/11/Cobras_Logo-128x128.png,#2B8C5C,Brandon De Assuncao,brandon-de-assuncao,Forward,0,0,0,1,0,2021-2022,regular
1030,Regular Season 2021-2022,2021-11-22,Cobras,https://ormrhl.com/wp-content/uploads/2021/11/Cobras_Logo-128x128.png,#2B8C5C,James Mitchell,james-mitchell,Forward,0,0,0,0,0,2021-2022,regular
1030,Regular Season 2021-2022,2021-11-22,Cobras,https://ormrhl.com/wp-content/uploads/2021/11/Cobras_Logo-128x128.png,#2B8C5C,John Ventrella,john-ventrella,Forward,0,0,0,0,0,2021-2022,regular
1030,Regular Season 2021-2022,2021-11-22,Cobras,https://ormrhl.com/wp-content/uploads/2021/11/Cobras_Logo-128x128.png,#2B8C5C,Kevin Hinton,kevin-hinton,Forward,0,0,0,0,0,2021-2022,regular
1030,Regular Season 2021-2022,2021-11-22,Cobras,https://ormrhl.com/wp-content/uploads/2021/11/Cobras_Logo-128x128.png,#2B8C5C,Mark Mitchell,mark-mitchell,Defence,0,0,0,1,0,2021-2022,regular
1030,Regular Season 2021-2022,2021-11-22,Cobras,https://ormrhl.com/wp-content/uploads/2021/11/Cobras_Logo-128x128.png,#2B8C5C,Massimo Venditti,massimo-venditti,Forward,0,0,0,0,0,2021-2022,regular
1030,Regular Season 2021-2022,2021-11-22,Cobras,https://ormrhl.com/wp-content/uploads/2021/11/Cobras_Logo-128x128.png,#2B8C5C,Michael English,michael-english,Defence,0,0,0,0,0,2021-2022,regular
1030,Regular Season 2021-2022,2021-11-22,Cobras,https://ormrhl.com/wp-content/uploads/2021/11/Cobras_Logo-128x128.png,#2B8C5C,PJ Harrison,pj-harrison,Goaltender,0,0,0,0,0,2021-2022,regular
1030,Regular Season 2021-2022,2021-11-22,Cobras,https://ormrhl.com/wp-content/uploads/2021/11/Cobras_Logo-128x128.png,#2B8C5C,Tyler Doyle,tyler-doyle,Forward,0,0,0,1,0,2021-2022,regular
1030,Regular Season 2021-2022,2021-11-22,Falcons,https://ormrhl.com/wp-content/uploads/2021/11/falcons_icon-128x128.png,#233A6B,Brandon Wellsbury,brandon-wellsbury,Forward,0,2,2,0,0,2021-2022,regular
1030,Regular Season 2021-2022,2021-11-22,Falcons,https://ormrhl.com/wp-content/uploads/2021/11/falcons_icon-128x128.png,#233A6B,Dale Bishop,dale-bishop,Defence,0,0,0,0,0,2021-2022,regular
1030,Regular Season 2021-2022,2021-11-22,Falcons,https://ormrhl.com/wp-content/uploads/2021/11/falcons_icon-128x128.png,#233A6B,Derek Marsham,derek-marsham,Forward,0,0,0,0,0,2021-2022,regular
1030,Regular Season 2021-2022,2021-11-22,Falcons,https://ormrhl.com/wp-content/uploads/2021/11/falcons_icon-128x128.png,#233A6B,Jason Todd,jason-todd,Defence,1,0,1,0,0,2021-2022,regular
1030,Regular Season 2021-2022,2021-11-22,Falcons,https://ormrhl.com/wp-content/uploads/2021/11/falcons_icon-128x128.png,#233A6B,John Corallo,john-corallo,Forward,0,1,1,0,0,2021-2022,regular
1030,Regular Season 2021-2022,2021-11-22,Falcons,https://ormrhl.com/wp-content/uploads/2021/11/falcons_icon-128x128.png,#233A6B,Kari Paivio,kari-paivio,Forward,0,0,0,0,0,2021-2022,regular
1030,Regular Season 2021-2022,2021-11-22,Falcons,https://ormrhl.com/wp-content/uploads/2021/11/falcons_icon-128x128.png,#233A6B,Marco Dileo,marco-dileo,Forward,0,0,0,0,0,2021-2022,regular
1030,Regular Season 2021-2022,2021-11-22,Falcons,https://ormrhl.com/wp-content/uploads/2021/11/falcons_icon-128x128.png,#233A6B,Nathan Loach,nathan-loach,Defence,1,1,2,0,0,2021-2022,regular
1030,Regular Season 2021-2022,2021-11-22,Falcons,https://ormrhl.com/wp-content/uploads/2021/11/falcons_icon-128x128.png,#233A6B,Robbie Spencer,robbie-spencer,Forward,0,1,1,0,0,2021-2022,regular
1030,Regular Season 2021-2022,2021-11-22,Falcons,https://ormrhl.com/wp-content/uploads/2021/11/falcons_icon-128x128.png,#233A6B,Rocco Malfara,rocco-malfara,Defence,0,1,1,0,0,2021-2022,regular
1030,Regular Season 2021-2022,2021-11-22,Falcons,https://ormrhl.com/wp-content/uploads/2021/11/falcons_icon-128x128.png,#233A6B,Ryan Doggart,ryan-doggart,Forward,1,0,1,0,0,2021-2022,regular
1030,Regular Season 2021-2022,2021-11-22,Falcons,https://ormrhl.com/wp-content/uploads/2021/11/falcons_icon-128x128.png,#233A6B,Trystan Lebrun,trystan-lebrun,Goaltender,0,0,0,0,0,2021-2022,regular
1031,Regular Season 2021-2022,2021-11-22,Rhinos,https://ormrhl.com/wp-content/uploads/2021/11/Rhinos_logo-128x128.png,#6B6F76,Adam Klein,adam-klein,Forward,1,2,3,0,0,2021-2022,regular
1031,Regular Season 2021-2022,2021-11-22,Rhinos,https://ormrhl.com/wp-content/uploads/2021/11/Rhinos_logo-128x128.png,#6B6F76,Daniel De Angelis,daniel-de-angelis,Defence,3,1,4,0,0,2021-2022,regular
1031,Regular Season 2021-2022,2021-11-22,Rhinos,https://ormrhl.com/wp-content/uploads/2021/11/Rhinos_logo-128x128.png,#6B6F76,Jeff Goodman,jeff-goodman,Goaltender,0,0,0,0,0,2021-2022,regular
1031,Regular Season 2021-2022,2021-11-22,Rhinos,https://ormrhl.com/wp-content/uploads/2021/11/Rhinos_logo-128x128.png,#6B6F76,Josh Machesney,josh-machesney,Forward,1,1,2,0,0,2021-2022,regular
1031,Regular Season 2021-2022,2021-11-22,Rhinos,https://ormrhl.com/wp-content/uploads/2021/11/Rhinos_logo-128x128.png,#6B6F76,Lorne Feld,lorne-feld,Forward,0,0,0,0,0,2021-2022,regular
1031,Regular Season 2021-2022,2021-11-22,Rhinos,https://ormrhl.com/wp-content/uploads/2021/11/Rhinos_logo-128x128.png,#6B6F76,Matthew Quintieri,matthew-quintieri,Forward,1,1,2,0,0,2021-2022,regular
1031,Regular Season 2021-2022,2021-11-22,Rhinos,https://ormrhl.com/wp-content/uploads/2021/11/Rhinos_logo-128x128.png,#6B6F76,Neil DeCantis,neil-decantis,Forward,1,1,2,0,0,2021-2022,regular
1031,Regular Season 2021-2022,2021-11-22,Rhinos,https://ormrhl.com/wp-content/uploads/2021/11/Rhinos_logo-128x128.png,#6B6F76,Rob Iudiciani,rob-iudiciani,Defence,0,2,2,0,0,2021-2022,regular
1031,Regular Season 2021-2022,2021-11-22,Rhinos,https://ormrhl.com/wp-content/uploads/2021/11/Rhinos_logo-128x128.png,#6B6F76,Robin Harrison,robin-harrison,Defence,0,1,1,0,0,2021-2022,regular
1031,Regular Season 2021-2022,2021-11-22,Wildcats,https://ormrhl.com/wp-content/uploads/2021/11/wildcats_logo-128x128.png,#D97B29,Anthony Ventrella,anthony-ventrella,Forward,1,0,1,0,0,2021-2022,regular
1031,Regular Season 2021-2022,2021-11-22,Wildcats,https://ormrhl.com/wp-content/uploads/2021/11/wildcats_logo-128x128.png,#D97B29,Brian Hatton,brian-hatton,Goaltender,0,1,1,0,0,2021-2022,regular
1031,Regular Season 2021-2022,2021-11-22,Wildcats,https://ormrhl.com/wp-content/uploads/2021/11/wildcats_logo-128x128.png,#D97B29,Colby Clarke,colby-clarke,Forward,0,1,1,0,0,2021-2022,regular
1031,Regular Season 2021-2022,2021-11-22,Wildcats,https://ormrhl.com/wp-content/uploads/2021/11/wildcats_logo-128x128.png,#D97B29,Gianluca Santocono,gianluca-santocono,Defence,0,1,1,0,0,2021-2022,regular
1031,Regular Season 2021-2022,2021-11-22,Wildcats,https://ormrhl.com/wp-content/uploads/2021/11/wildcats_logo-128x128.png,#D97B29,Jaro Verchkovski,jaro-verchkovski,Forward,0,2,2,0,0,2021-2022,regular
1031,Regular Season 2021-2022,2021-11-22,Wildcats,https://ormrhl.com/wp-content/uploads/2021/11/wildcats_logo-128x128.png,#D97B29,Lucas Kleine,lucas-kleine,Forward,1,0,1,0,0,2021-2022,regular
1031,Regular Season 2021-2022,2021-11-22,Wildcats,https://ormrhl.com/wp-content/uploads/2021/11/wildcats_logo-128x128.png,#D97B29,Pat Parent,pat-parent,Defence,0,1,1,0,0,2021-2022,regular
1031,Regular Season 2021-2022,2021-11-22,Wildcats,https://ormrhl.com/wp-content/uploads/2021/11/wildcats_logo-128x128.png,#D97B29,Paul Wolanski,paul-wolanski,Defence,1,0,1,0,0,2021-2022,regular
1031,Regular Season 2021-2022,2021-11-22,Wildcats,https://ormrhl.com/wp-content/uploads/2021/11/wildcats_logo-128x128.png,#D97B29,Rob Kleine,rob-kleine,Forward,1,0,1,0,0,2021-2022,regular
1031,Regular Season 2021-2022,2021-11-22,Wildcats,https://ormrhl.com/wp-content/uploads/2021/11/wildcats_logo-128x128.png,#D97B29,Ryan Smith,ryan-smith-og,Forward,0,0,0,0,0,2021-2022,regular
1031,Regular Season 2021-2022,2021-11-22,Wildcats,https://ormrhl.com/wp-content/uploads/2021/11/wildcats_logo-128x128.png,#D97B29,Serge Lossev,serge-lossev,Forward,0,0,0,0,0,2021-2022,regular
1031,Regular Season 2021-2022,2021-11-22,Wildcats,https://ormrhl.com/wp-content/uploads/2021/11/wildcats_logo-128x128.png,#D97B29,Victor Verchkovski,victor-verchkovski,Forward,0,2,2,0,0,2021-2022,regular
1032,Regular Season 2021-2022,2021-11-22,Eagles,https://ormrhl.com/wp-content/uploads/2021/11/Eagles_logo-128x128.png,#A31E2E,Alex Disera,alex-disera,Forward,0,0,0,0,0,2021-2022,regular
1032,Regular Season 2021-2022,2021-11-22,Eagles,https://ormrhl.com/wp-content/uploads/2021/11/Eagles_logo-128x128.png,#A31E2E,Anthony Loduca,anthony-loduca,Forward,1,0,1,0,0,2021-2022,regular
1032,Regular Season 2021-2022,2021-11-22,Eagles,https://ormrhl.com/wp-content/uploads/2021/11/Eagles_logo-128x128.png,#A31E2E,Darren Desrosiers,darren-desrosiers,Forward,1,1,2,0,0,2021-2022,regular
1032,Regular Season 2021-2022,2021-11-22,Eagles,https://ormrhl.com/wp-content/uploads/2021/11/Eagles_logo-128x128.png,#A31E2E,Drew Grasse,drew-grasse,Forward,0,0,0,0,0,2021-2022,regular
1032,Regular Season 2021-2022,2021-11-22,Eagles,https://ormrhl.com/wp-content/uploads/2021/11/Eagles_logo-128x128.png,#A31E2E,Hugh Smylie,hugh-smylie,Defence,0,0,0,0,0,2021-2022,regular
1032,Regular Season 2021-2022,2021-11-22,Eagles,https://ormrhl.com/wp-content/uploads/2021/11/Eagles_logo-128x128.png,#A31E2E,James Counter,james-counter,Forward,0,1,1,0,0,2021-2022,regular
1032,Regular Season 2021-2022,2021-11-22,Eagles,https://ormrhl.com/wp-content/uploads/2021/11/Eagles_logo-128x128.png,#A31E2E,Jeff Mitchell,jeff-mitchell,Defence,0,0,0,0,0,2021-2022,regular
1032,Regular Season 2021-2022,2021-11-22,Eagles,https://ormrhl.com/wp-content/uploads/2021/11/Eagles_logo-128x128.png,#A31E2E,Joey Leger,joey-leger,Forward,0,0,0,0,0,2021-2022,regular
1032,Regular Season 2021-2022,2021-11-22,Eagles,https://ormrhl.com/wp-content/uploads/2021/11/Eagles_logo-128x128.png,#A31E2E,Jordan Bodimeade,jordan-bodimeade,Forward,0,1,1,0,0,2021-2022,regular
1032,Regular Season 2021-2022,2021-11-22,Eagles,https://ormrhl.com/wp-content/uploads/2021/11/Eagles_logo-128x128.png,#A31E2E,Lucas Ackerman,lucas-ackerman,Forward,0,0,0,0,0,2021-2022,regular
1032,Regular Season 2021-2022,2021-11-22,Eagles,https://ormrhl.com/wp-content/uploads/2021/11/Eagles_logo-128x128.png,#A31E2E,Mario Carriero,mario-carriero,Goaltender,0,0,0,0,0,2021-2022,regular
1032,Regular Season 2021-2022,2021-11-22,Eagles,https://ormrhl.com/wp-content/uploads/2021/11/Eagles_logo-128x128.png,#A31E2E,Mario Mazzucco,mario-mazzucco,Forward,1,0,1,0,0,2021-2022,regular
1032,Regular Season 2021-2022,2021-11-22,Eagles,https://ormrhl.com/wp-content/uploads/2021/11/Eagles_logo-128x128.png,#A31E2E,Robert Doswell,robert-doswell,Defence,0,2,2,0,0,2021-2022,regular
1032,Regular Season 2021-2022,2021-11-22,Eagles,https://ormrhl.com/wp-content/uploads/2021/11/Eagles_logo-128x128.png,#A31E2E,Scott Sutton,scott-sutton,Defence,0,0,0,0,0,2021-2022,regular
1032,Regular Season 2021-2022,2021-11-22,Marlins,https://ormrhl.com/wp-content/uploads/2021/11/marlins_logo-128x128.png,#1E8A8A,Duncan Stalker,duncan-stalker,Defence,0,0,0,1,0,2021-2022,regular
1032,Regular Season 2021-2022,2021-11-22,Marlins,https://ormrhl.com/wp-content/uploads/2021/11/marlins_logo-128x128.png,#1E8A8A,Harrison Kane,harrison-kane,Defence,0,0,0,0,0,2021-2022,regular
1032,Regular Season 2021-2022,2021-11-22,Marlins,https://ormrhl.com/wp-content/uploads/2021/11/marlins_logo-128x128.png,#1E8A8A,Jackson Morgis,jackson-morgis,Goaltender,0,0,0,0,0,2021-2022,regular
1032,Regular Season 2021-2022,2021-11-22,Marlins,https://ormrhl.com/wp-content/uploads/2021/11/marlins_logo-128x128.png,#1E8A8A,Jeff Connor,jeff-connor,Forward,0,0,0,0,0,2021-2022,regular
1032,Regular Season 2021-2022,2021-11-22,Marlins,https://ormrhl.com/wp-content/uploads/2021/11/marlins_logo-128x128.png,#1E8A8A,Mack Charron,mack-charron,Forward,0,0,0,0,0,2021-2022,regular
1032,Regular Season 2021-2022,2021-11-22,Marlins,https://ormrhl.com/wp-content/uploads/2021/11/marlins_logo-128x128.png,#1E8A8A,Mark Sceeles,mark-sceeles,Defence,0,0,0,0,0,2021-2022,regular
1032,Regular Season 2021-2022,2021-11-22,Marlins,https://ormrhl.com/wp-content/uploads/2021/11/marlins_logo-128x128.png,#1E8A8A,Michael Montesanti,michael-montesanti,Forward,1,1,2,0,0,2021-2022,regular
1032,Regular Season 2021-2022,2021-11-22,Marlins,https://ormrhl.com/wp-content/uploads/2021/11/marlins_logo-128x128.png,#1E8A8A,Scott Browne,scott-browne,Forward,1,1,2,0,0,2021-2022,regular
1032,Regular Season 2021-2022,2021-11-22,Marlins,https://ormrhl.com/wp-content/uploads/2021/11/marlins_logo-128x128.png,#1E8A8A,Thomas Grant,thomas-grant,Defence,0,0,0,0,0,2021-2022,regular
1032,Regular Season 2021-2022,2021-11-22,Marlins,https://ormrhl.com/wp-content/uploads/2021/11/marlins_logo-128x128.png,#1E8A8A,Todd Wheeler,todd-wheeler,Forward,0,0,0,0,0,2021-2022,regular
1032,Regular Season 2021-2022,2021-11-22,Marlins,https://ormrhl.com/wp-content/uploads/2021/11/marlins_logo-128x128.png,#1E8A8A,Tyler Kozak,tyler-kozak,Defence,0,1,1,0,0,2021-2022,regular
1033,Regular Season 2021-2022,2021-11-25,Eagles,https://ormrhl.com/wp-content/uploads/2021/11/Eagles_logo-128x128.png,#A31E2E,Alex Disera,alex-disera,Forward,0,2,2,0,0,2021-2022,regular
1033,Regular Season 2021-2022,2021-11-25,Eagles,https://ormrhl.com/wp-content/uploads/2021/11/Eagles_logo-128x128.png,#A31E2E,Anthony Loduca,anthony-loduca,Forward,2,1,3,0,0,2021-2022,regular
1033,Regular Season 2021-2022,2021-11-25,Eagles,https://ormrhl.com/wp-content/uploads/2021/11/Eagles_logo-128x128.png,#A31E2E,Darren Desrosiers,darren-desrosiers,Forward,1,1,2,0,0,2021-2022,regular
1033,Regular Season 2021-2022,2021-11-25,Eagles,https://ormrhl.com/wp-content/uploads/2021/11/Eagles_logo-128x128.png,#A31E2E,Drew Grasse,drew-grasse,Forward,0,0,0,0,0,2021-2022,regular
1033,Regular Season 2021-2022,2021-11-25,Eagles,https://ormrhl.com/wp-content/uploads/2021/11/Eagles_logo-128x128.png,#A31E2E,Hugh Smylie,hugh-smylie,Defence,0,0,0,0,0,2021-2022,regular
1033,Regular Season 2021-2022,2021-11-25,Eagles,https://ormrhl.com/wp-content/uploads/2021/11/Eagles_logo-128x128.png,#A31E2E,James Counter,james-counter,Forward,0,1,1,0,0,2021-2022,regular
1033,Regular Season 2021-2022,2021-11-25,Eagles,https://ormrhl.com/wp-content/uploads/2021/11/Eagles_logo-128x128.png,#A31E2E,Joey Leger,joey-leger,Forward,0,0,0,0,0,2021-2022,regular
1033,Regular Season 2021-2022,2021-11-25,Eagles,https://ormrhl.com/wp-content/uploads/2021/11/Eagles_logo-128x128.png,#A31E2E,Jordan Bodimeade,jordan-bodimeade,Forward,0,0,0,1,0,2021-2022,regular
1033,Regular Season 2021-2022,2021-11-25,Eagles,https://ormrhl.com/wp-content/uploads/2021/11/Eagles_logo-128x128.png,#A31E2E,Lucas Ackerman,lucas-ackerman,Forward,0,0,0,0,0,2021-2022,regular
1033,Regular Season 2021-2022,2021-11-25,Eagles,https://ormrhl.com/wp-content/uploads/2021/11/Eagles_logo-128x128.png,#A31E2E,Mario Carriero,mario-carriero,Goaltender,0,0,0,0,0,2021-2022,regular
1033,Regular Season 2021-2022,2021-11-25,Eagles,https://ormrhl.com/wp-content/uploads/2021/11/Eagles_logo-128x128.png,#A31E2E,Mario Mazzucco,mario-mazzucco,Forward,1,2,3,0,0,2021-2022,regular
1033,Regular Season 2021-2022,2021-11-25,Eagles,https://ormrhl.com/wp-content/uploads/2021/11/Eagles_logo-128x128.png,#A31E2E,Robert Doswell,robert-doswell,Defence,0,0,0,0,0,2021-2022,regular
1033,Regular Season 2021-2022,2021-11-25,Wildcats,https://ormrhl.com/wp-content/uploads/2021/11/wildcats_logo-128x128.png,#D97B29,Anthony Ventrella,anthony-ventrella,Forward,2,1,3,0,0,2021-2022,regular
1033,Regular Season 2021-2022,2021-11-25,Wildcats,https://ormrhl.com/wp-content/uploads/2021/11/wildcats_logo-128x128.png,#D97B29,Brian Hatton,brian-hatton,Goaltender,0,0,0,0,0,2021-2022,regular
1033,Regular Season 2021-2022,2021-11-25,Wildcats,https://ormrhl.com/wp-content/uploads/2021/11/wildcats_logo-128x128.png,#D97B29,Colby Clarke,colby-clarke,Forward,1,2,3,0,0,2021-2022,regular
1033,Regular Season 2021-2022,2021-11-25,Wildcats,https://ormrhl.com/wp-content/uploads/2021/11/wildcats_logo-128x128.png,#D97B29,Dan Richards,dan-richards,Forward,2,0,2,0,0,2021-2022,regular
1033,Regular Season 2021-2022,2021-11-25,Wildcats,https://ormrhl.com/wp-content/uploads/2021/11/wildcats_logo-128x128.png,#D97B29,Gianluca Santocono,gianluca-santocono,Defence,0,0,0,1,0,2021-2022,regular
1033,Regular Season 2021-2022,2021-11-25,Wildcats,https://ormrhl.com/wp-content/uploads/2021/11/wildcats_logo-128x128.png,#D97B29,Greg Sipprell,greg-sipprell2,Forward,0,1,1,1,0,2021-2022,regular
1033,Regular Season 2021-2022,2021-11-25,Wildcats,https://ormrhl.com/wp-content/uploads/2021/11/wildcats_logo-128x128.png,#D97B29,Jaro Verchkovski,jaro-verchkovski,Forward,0,2,2,0,0,2021-2022,regular
1033,Regular Season 2021-2022,2021-11-25,Wildcats,https://ormrhl.com/wp-content/uploads/2021/11/wildcats_logo-128x128.png,#D97B29,Pat Parent,pat-parent,Defence,0,2,2,0,0,2021-2022,regular
1033,Regular Season 2021-2022,2021-11-25,Wildcats,https://ormrhl.com/wp-content/uploads/2021/11/wildcats_logo-128x128.png,#D97B29,Rob Kleine,rob-kleine,Forward,0,2,2,0,0,2021-2022,regular
1033,Regular Season 2021-2022,2021-11-25,Wildcats,https://ormrhl.com/wp-content/uploads/2021/11/wildcats_logo-128x128.png,#D97B29,Ryan Smith,ryan-smith-og,Forward,1,1,2,0,0,2021-2022,regular
1034,Regular Season 2021-2022,2021-11-25,Cobras,https://ormrhl.com/wp-content/uploads/2021/11/Cobras_Logo-128x128.png,#2B8C5C,Adrian Iudiciani,adrian-iudiciani,Forward,0,0,0,0,0,2021-2022,regular
1034,Regular Season 2021-2022,2021-11-25,Cobras,https://ormrhl.com/wp-content/uploads/2021/11/Cobras_Logo-128x128.png,#2B8C5C,Brandon De Assuncao,brandon-de-assuncao,Forward,0,0,0,0,0,2021-2022,regular
1034,Regular Season 2021-2022,2021-11-25,Cobras,https://ormrhl.com/wp-content/uploads/2021/11/Cobras_Logo-128x128.png,#2B8C5C,James Mitchell,james-mitchell,Forward,1,2,3,0,0,2021-2022,regular
1034,Regular Season 2021-2022,2021-11-25,Cobras,https://ormrhl.com/wp-content/uploads/2021/11/Cobras_Logo-128x128.png,#2B8C5C,John Ventrella,john-ventrella,Forward,0,1,1,0,0,2021-2022,regular
1034,Regular Season 2021-2022,2021-11-25,Cobras,https://ormrhl.com/wp-content/uploads/2021/11/Cobras_Logo-128x128.png,#2B8C5C,Justin Pappianni,justin-papaianni,Forward,0,0,0,0,0,2021-2022,regular
1034,Regular Season 2021-2022,2021-11-25,Cobras,https://ormrhl.com/wp-content/uploads/2021/11/Cobras_Logo-128x128.png,#2B8C5C,Mark Mitchell,mark-mitchell,Defence,1,0,1,0,0,2021-2022,regular
1034,Regular Season 2021-2022,2021-11-25,Cobras,https://ormrhl.com/wp-content/uploads/2021/11/Cobras_Logo-128x128.png,#2B8C5C,Massimo Venditti,massimo-venditti,Forward,0,0,0,0,0,2021-2022,regular
1034,Regular Season 2021-2022,2021-11-25,Cobras,https://ormrhl.com/wp-content/uploads/2021/11/Cobras_Logo-128x128.png,#2B8C5C,Michael English,michael-english,Defence,0,1,1,0,0,2021-2022,regular
1034,Regular Season 2021-2022,2021-11-25,Cobras,https://ormrhl.com/wp-content/uploads/2021/11/Cobras_Logo-128x128.png,#2B8C5C,PJ Harrison,pj-harrison,Goaltender,0,0,0,0,0,2021-2022,regular
1034,Regular Season 2021-2022,2021-11-25,Cobras,https://ormrhl.com/wp-content/uploads/2021/11/Cobras_Logo-128x128.png,#2B8C5C,Rob Iudiciani,rob-iudiciani,Defence,1,0,1,1,0,2021-2022,regular
1034,Regular Season 2021-2022,2021-11-25,Cobras,https://ormrhl.com/wp-content/uploads/2021/11/Cobras_Logo-128x128.png,#2B8C5C,Steve Souphanthong,steve-souphanthong,Forward,0,1,1,0,0,2021-2022,regular
1034,Regular Season 2021-2022,2021-11-25,Cobras,https://ormrhl.com/wp-content/uploads/2021/11/Cobras_Logo-128x128.png,#2B8C5C,Tyler Doyle,tyler-doyle,Forward,1,0,1,0,0,2021-2022,regular
1034,Regular Season 2021-2022,2021-11-25,Marlins,https://ormrhl.com/wp-content/uploads/2021/11/marlins_logo-128x128.png,#1E8A8A,Chris Maloney,chris-maloney,Forward,0,1,1,0,0,2021-2022,regular
1034,Regular Season 2021-2022,2021-11-25,Marlins,https://ormrhl.com/wp-content/uploads/2021/11/marlins_logo-128x128.png,#1E8A8A,Duncan Stalker,duncan-stalker,Defence,0,1,1,0,0,2021-2022,regular
1034,Regular Season 2021-2022,2021-11-25,Marlins,https://ormrhl.com/wp-content/uploads/2021/11/marlins_logo-128x128.png,#1E8A8A,Harrison Kane,harrison-kane,Defence,0,0,0,0,0,2021-2022,regular
1034,Regular Season 2021-2022,2021-11-25,Marlins,https://ormrhl.com/wp-content/uploads/2021/11/marlins_logo-128x128.png,#1E8A8A,Jackson Morgis,jackson-morgis,Goaltender,0,0,0,0,0,2021-2022,regular
1034,Regular Season 2021-2022,2021-11-25,Marlins,https://ormrhl.com/wp-content/uploads/2021/11/marlins_logo-128x128.png,#1E8A8A,Jeff Connor,jeff-connor,Forward,1,0,1,0,0,2021-2022,regular
1034,Regular Season 2021-2022,2021-11-25,Marlins,https://ormrhl.com/wp-content/uploads/2021/11/marlins_logo-128x128.png,#1E8A8A,Mack Charron,mack-charron,Forward,1,1,2,0,0,2021-2022,regular
1034,Regular Season 2021-2022,2021-11-25,Marlins,https://ormrhl.com/wp-content/uploads/2021/11/marlins_logo-128x128.png,#1E8A8A,Mark Sceeles,mark-sceeles,Defence,0,0,0,0,0,2021-2022,regular
1034,Regular Season 2021-2022,2021-11-25,Marlins,https://ormrhl.com/wp-content/uploads/2021/11/marlins_logo-128x128.png,#1E8A8A,Michael Montesanti,michael-montesanti,Forward,0,0,0,0,0,2021-2022,regular
1034,Regular Season 2021-2022,2021-11-25,Marlins,https://ormrhl.com/wp-content/uploads/2021/11/marlins_logo-128x128.png,#1E8A8A,Scott Browne,scott-browne,Forward,1,1,2,0,0,2021-2022,regular
1034,Regular Season 2021-2022,2021-11-25,Marlins,https://ormrhl.com/wp-content/uploads/2021/11/marlins_logo-128x128.png,#1E8A8A,Thomas Grant,thomas-grant,Defence,1,0,1,2,0,2021-2022,regular
1034,Regular Season 2021-2022,2021-11-25,Marlins,https://ormrhl.com/wp-content/uploads/2021/11/marlins_logo-128x128.png,#1E8A8A,Todd Wheeler,todd-wheeler,Forward,0,0,0,0,0,2021-2022,regular
1034,Regular Season 2021-2022,2021-11-25,Marlins,https://ormrhl.com/wp-content/uploads/2021/11/marlins_logo-128x128.png,#1E8A8A,Tyler Kozak,tyler-kozak,Defence,1,2,3,0,0,2021-2022,regular
1035,Regular Season 2021-2022,2021-11-25,Falcons,https://ormrhl.com/wp-content/uploads/2021/11/falcons_icon-128x128.png,#233A6B,Brandon Wellsbury,brandon-wellsbury,Forward,1,1,2,0,0,2021-2022,regular
1035,Regular Season 2021-2022,2021-11-25,Falcons,https://ormrhl.com/wp-content/uploads/2021/11/falcons_icon-128x128.png,#233A6B,Dale Bishop,dale-bishop,Defence,0,0,0,0,0,2021-2022,regular
1035,Regular Season 2021-2022,2021-11-25,Falcons,https://ormrhl.com/wp-content/uploads/2021/11/falcons_icon-128x128.png,#233A6B,Derek Marsham,derek-marsham,Forward,0,1,1,0,0,2021-2022,regular
1035,Regular Season 2021-2022,2021-11-25,Falcons,https://ormrhl.com/wp-content/uploads/2021/11/falcons_icon-128x128.png,#233A6B,Jason Todd,jason-todd,Defence,2,1,3,0,0,2021-2022,regular
1035,Regular Season 2021-2022,2021-11-25,Falcons,https://ormrhl.com/wp-content/uploads/2021/11/falcons_icon-128x128.png,#233A6B,Kari Paivio,kari-paivio,Forward,1,1,2,0,0,2021-2022,regular
1035,Regular Season 2021-2022,2021-11-25,Falcons,https://ormrhl.com/wp-content/uploads/2021/11/falcons_icon-128x128.png,#233A6B,Marco Dileo,marco-dileo,Forward,0,1,1,0,0,2021-2022,regular
1035,Regular Season 2021-2022,2021-11-25,Falcons,https://ormrhl.com/wp-content/uploads/2021/11/falcons_icon-128x128.png,#233A6B,Nathan Loach,nathan-loach,Defence,0,1,1,0,0,2021-2022,regular
1035,Regular Season 2021-2022,2021-11-25,Falcons,https://ormrhl.com/wp-content/uploads/2021/11/falcons_icon-128x128.png,#233A6B,Rocco Malfara,rocco-malfara,Defence,0,1,1,0,0,2021-2022,regular
1035,Regular Season 2021-2022,2021-11-25,Falcons,https://ormrhl.com/wp-content/uploads/2021/11/falcons_icon-128x128.png,#233A6B,Ryan Doggart,ryan-doggart,Forward,1,3,4,0,0,2021-2022,regular
1035,Regular Season 2021-2022,2021-11-25,Falcons,https://ormrhl.com/wp-content/uploads/2021/11/falcons_icon-128x128.png,#233A6B,Trystan Lebrun,trystan-lebrun,Goaltender,0,0,0,0,0,2021-2022,regular
1035,Regular Season 2021-2022,2021-11-25,Rhinos,https://ormrhl.com/wp-content/uploads/2021/11/Rhinos_logo-128x128.png,#6B6F76,Adam Klein,adam-klein,Forward,0,1,1,0,0,2021-2022,regular
1035,Regular Season 2021-2022,2021-11-25,Rhinos,https://ormrhl.com/wp-content/uploads/2021/11/Rhinos_logo-128x128.png,#6B6F76,Dan Montanari,dan-montanari,Forward,0,0,0,0,0,2021-2022,regular
1035,Regular Season 2021-2022,2021-11-25,Rhinos,https://ormrhl.com/wp-content/uploads/2021/11/Rhinos_logo-128x128.png,#6B6F76,Jeff Goodman,jeff-goodman,Goaltender,0,0,0,0,0,2021-2022,regular
1035,Regular Season 2021-2022,2021-11-25,Rhinos,https://ormrhl.com/wp-content/uploads/2021/11/Rhinos_logo-128x128.png,#6B6F76,Josh Machesney,josh-machesney,Forward,2,2,4,0,0,2021-2022,regular
1035,Regular Season 2021-2022,2021-11-25,Rhinos,https://ormrhl.com/wp-content/uploads/2021/11/Rhinos_logo-128x128.png,#6B6F76,Matthew Quintieri,matthew-quintieri,Forward,2,0,2,0,0,2021-2022,regular
1035,Regular Season 2021-2022,2021-11-25,Rhinos,https://ormrhl.com/wp-content/uploads/2021/11/Rhinos_logo-128x128.png,#6B6F76,Mike Clements,mike-clements,Defence,0,1,1,0,0,2021-2022,regular
1035,Regular Season 2021-2022,2021-11-25,Rhinos,https://ormrhl.com/wp-content/uploads/2021/11/Rhinos_logo-128x128.png,#6B6F76,Robin Harrison,robin-harrison,Defence,0,0,0,1,0,2021-2022,regular
1035,Regular Season 2021-2022,2021-11-25,Rhinos,https://ormrhl.com/wp-content/uploads/2021/11/Rhinos_logo-128x128.png,#6B6F76,Tom Coukos,tom-coukos,Forward,1,0,1,0,0,2021-2022,regular
1036,Regular Season 2021-2022,2021-11-29,Eagles,https://ormrhl.com/wp-content/uploads/2021/11/Eagles_logo-128x128.png,#A31E2E,Alex Disera,alex-disera,Forward,0,0,0,0,0,2021-2022,regular
1036,Regular Season 2021-2022,2021-11-29,Eagles,https://ormrhl.com/wp-content/uploads/2021/11/Eagles_logo-128x128.png,#A31E2E,Anthony Loduca,anthony-loduca,Forward,2,1,3,0,0,2021-2022,regular
1036,Regular Season 2021-2022,2021-11-29,Eagles,https://ormrhl.com/wp-content/uploads/2021/11/Eagles_logo-128x128.png,#A31E2E,Darren Desrosiers,darren-desrosiers,Forward,2,3,5,0,0,2021-2022,regular
1036,Regular Season 2021-2022,2021-11-29,Eagles,https://ormrhl.com/wp-content/uploads/2021/11/Eagles_logo-128x128.png,#A31E2E,Hugh Smylie,hugh-smylie,Defence,0,1,1,0,0,2021-2022,regular
1036,Regular Season 2021-2022,2021-11-29,Eagles,https://ormrhl.com/wp-content/uploads/2021/11/Eagles_logo-128x128.png,#A31E2E,James Counter,james-counter,Forward,1,1,2,0,0,2021-2022,regular
1036,Regular Season 2021-2022,2021-11-29,Eagles,https://ormrhl.com/wp-content/uploads/2021/11/Eagles_logo-128x128.png,#A31E2E,Jeff Mitchell,jeff-mitchell,Defence,0,1,1,0,0,2021-2022,regular
1036,Regular Season 2021-2022,2021-11-29,Eagles,https://ormrhl.com/wp-content/uploads/2021/11/Eagles_logo-128x128.png,#A31E2E,Joey Leger,joey-leger,Forward,0,2,2,0,0,2021-2022,regular
1036,Regular Season 2021-2022,2021-11-29,Eagles,https://ormrhl.com/wp-content/uploads/2021/11/Eagles_logo-128x128.png,#A31E2E,Jordan Bodimeade,jordan-bodimeade,Forward,1,0,1,0,0,2021-2022,regular
1036,Regular Season 2021-2022,2021-11-29,Eagles,https://ormrhl.com/wp-content/uploads/2021/11/Eagles_logo-128x128.png,#A31E2E,Lucas Ackerman,lucas-ackerman,Forward,0,0,0,0,0,2021-2022,regular
1036,Regular Season 2021-2022,2021-11-29,Eagles,https://ormrhl.com/wp-content/uploads/2021/11/Eagles_logo-128x128.png,#A31E2E,Mario Carriero,mario-carriero,Goaltender,0,0,0,0,0,2021-2022,regular
1036,Regular Season 2021-2022,2021-11-29,Eagles,https://ormrhl.com/wp-content/uploads/2021/11/Eagles_logo-128x128.png,#A31E2E,Mario Mazzucco,mario-mazzucco,Forward,1,1,2,0,0,2021-2022,regular
1036,Regular Season 2021-2022,2021-11-29,Eagles,https://ormrhl.com/wp-content/uploads/2021/11/Eagles_logo-128x128.png,#A31E2E,Robert Doswell,robert-doswell,Defence,0,0,0,0,0,2021-2022,regular
1036,Regular Season 2021-2022,2021-11-29,Eagles,https://ormrhl.com/wp-content/uploads/2021/11/Eagles_logo-128x128.png,#A31E2E,Scott Sutton,scott-sutton,Defence,1,3,4,0,0,2021-2022,regular
1036,Regular Season 2021-2022,2021-11-29,Falcons,https://ormrhl.com/wp-content/uploads/2021/11/falcons_icon-128x128.png,#233A6B,Brandon Wellsbury,brandon-wellsbury,Forward,0,0,0,0,0,2021-2022,regular
1036,Regular Season 2021-2022,2021-11-29,Falcons,https://ormrhl.com/wp-content/uploads/2021/11/falcons_icon-128x128.png,#233A6B,Dale Bishop,dale-bishop,Defence,0,1,1,0,0,2021-2022,regular
1036,Regular Season 2021-2022,2021-11-29,Falcons,https://ormrhl.com/wp-content/uploads/2021/11/falcons_icon-128x128.png,#233A6B,John Corallo,john-corallo,Forward,1,1,2,0,0,2021-2022,regular
1036,Regular Season 2021-2022,2021-11-29,Falcons,https://ormrhl.com/wp-content/uploads/2021/11/falcons_icon-128x128.png,#233A6B,Kari Paivio,kari-paivio,Forward,0,1,1,0,0,2021-2022,regular
1036,Regular Season 2021-2022,2021-11-29,Falcons,https://ormrhl.com/wp-content/uploads/2021/11/falcons_icon-128x128.png,#233A6B,Marco Dileo,marco-dileo,Forward,0,0,0,0,0,2021-2022,regular
1036,Regular Season 2021-2022,2021-11-29,Falcons,https://ormrhl.com/wp-content/uploads/2021/11/falcons_icon-128x128.png,#233A6B,Robbie Spencer,robbie-spencer,Forward,0,0,0,0,0,2021-2022,regular
1036,Regular Season 2021-2022,2021-11-29,Falcons,https://ormrhl.com/wp-content/uploads/2021/11/falcons_icon-128x128.png,#233A6B,Rocco Malfara,rocco-malfara,Defence,1,1,2,0,0,2021-2022,regular
1036,Regular Season 2021-2022,2021-11-29,Falcons,https://ormrhl.com/wp-content/uploads/2021/11/falcons_icon-128x128.png,#233A6B,Ryan Doggart,ryan-doggart,Forward,1,2,3,0,0,2021-2022,regular
1036,Regular Season 2021-2022,2021-11-29,Falcons,https://ormrhl.com/wp-content/uploads/2021/11/falcons_icon-128x128.png,#233A6B,Trystan Lebrun,trystan-lebrun,Goaltender,0,0,0,0,0,2021-2022,regular
1037,Regular Season 2021-2022,2021-11-29,Cobras,https://ormrhl.com/wp-content/uploads/2021/11/Cobras_Logo-128x128.png,#2B8C5C,Adrian Iudiciani,adrian-iudiciani,Forward,2,0,2,0,0,2021-2022,regular
1037,Regular Season 2021-2022,2021-11-29,Cobras,https://ormrhl.com/wp-content/uploads/2021/11/Cobras_Logo-128x128.png,#2B8C5C,Brandon De Assuncao,brandon-de-assuncao,Forward,0,3,3,0,0,2021-2022,regular
1037,Regular Season 2021-2022,2021-11-29,Cobras,https://ormrhl.com/wp-content/uploads/2021/11/Cobras_Logo-128x128.png,#2B8C5C,James Mitchell,james-mitchell,Forward,2,1,3,0,0,2021-2022,regular
1037,Regular Season 2021-2022,2021-11-29,Cobras,https://ormrhl.com/wp-content/uploads/2021/11/Cobras_Logo-128x128.png,#2B8C5C,John Ventrella,john-ventrella,Forward,0,2,2,0,0,2021-2022,regular
1037,Regular Season 2021-2022,2021-11-29,Cobras,https://ormrhl.com/wp-content/uploads/2021/11/Cobras_Logo-128x128.png,#2B8C5C,Justin Pappianni,justin-papaianni,Forward,0,2,2,0,0,2021-2022,regular
1037,Regular Season 2021-2022,2021-11-29,Cobras,https://ormrhl.com/wp-content/uploads/2021/11/Cobras_Logo-128x128.png,#2B8C5C,Mark Mitchell,mark-mitchell,Defence,0,0,0,0,0,2021-2022,regular
1037,Regular Season 2021-2022,2021-11-29,Cobras,https://ormrhl.com/wp-content/uploads/2021/11/Cobras_Logo-128x128.png,#2B8C5C,Massimo Venditti,massimo-venditti,Forward,0,0,0,0,0,2021-2022,regular
1037,Regular Season 2021-2022,2021-11-29,Cobras,https://ormrhl.com/wp-content/uploads/2021/11/Cobras_Logo-128x128.png,#2B8C5C,PJ Harrison,pj-harrison,Goaltender,0,0,0,0,0,2021-2022,regular
1037,Regular Season 2021-2022,2021-11-29,Cobras,https://ormrhl.com/wp-content/uploads/2021/11/Cobras_Logo-128x128.png,#2B8C5C,Rob Iudiciani,rob-iudiciani,Defence,1,0,1,0,0,2021-2022,regular
1037,Regular Season 2021-2022,2021-11-29,Cobras,https://ormrhl.com/wp-content/uploads/2021/11/Cobras_Logo-128x128.png,#2B8C5C,Steve Souphanthong,steve-souphanthong,Forward,1,1,2,0,0,2021-2022,regular
1037,Regular Season 2021-2022,2021-11-29,Cobras,https://ormrhl.com/wp-content/uploads/2021/11/Cobras_Logo-128x128.png,#2B8C5C,Tyler Doyle,tyler-doyle,Forward,0,1,1,0,0,2021-2022,regular
1037,Regular Season 2021-2022,2021-11-29,Rhinos,https://ormrhl.com/wp-content/uploads/2021/11/Rhinos_logo-128x128.png,#6B6F76,Dan Montanari,dan-montanari,Forward,0,1,1,1,0,2021-2022,regular
1037,Regular Season 2021-2022,2021-11-29,Rhinos,https://ormrhl.com/wp-content/uploads/2021/11/Rhinos_logo-128x128.png,#6B6F76,Daniel De Angelis,daniel-de-angelis,Defence,0,0,0,1,0,2021-2022,regular
1037,Regular Season 2021-2022,2021-11-29,Rhinos,https://ormrhl.com/wp-content/uploads/2021/11/Rhinos_logo-128x128.png,#6B6F76,Jeff Goodman,jeff-goodman,Goaltender,0,0,0,0,0,2021-2022,regular
1037,Regular Season 2021-2022,2021-11-29,Rhinos,https://ormrhl.com/wp-content/uploads/2021/11/Rhinos_logo-128x128.png,#6B6F76,Josh Machesney,josh-machesney,Forward,1,1,2,0,0,2021-2022,regular
1037,Regular Season 2021-2022,2021-11-29,Rhinos,https://ormrhl.com/wp-content/uploads/2021/11/Rhinos_logo-128x128.png,#6B6F76,Matthew Quintieri,matthew-quintieri,Forward,0,1,1,0,0,2021-2022,regular
1037,Regular Season 2021-2022,2021-11-29,Rhinos,https://ormrhl.com/wp-content/uploads/2021/11/Rhinos_logo-128x128.png,#6B6F76,Mike Clements,mike-clements,Defence,0,1,1,0,0,2021-2022,regular
1037,Regular Season 2021-2022,2021-11-29,Rhinos,https://ormrhl.com/wp-content/uploads/2021/11/Rhinos_logo-128x128.png,#6B6F76,Neil DeCantis,neil-decantis,Forward,1,0,1,0,0,2021-2022,regular
1037,Regular Season 2021-2022,2021-11-29,Rhinos,https://ormrhl.com/wp-content/uploads/2021/11/Rhinos_logo-128x128.png,#6B6F76,Robin Harrison,robin-harrison,Defence,0,0,0,0,0,2021-2022,regular
1037,Regular Season 2021-2022,2021-11-29,Rhinos,https://ormrhl.com/wp-content/uploads/2021/11/Rhinos_logo-128x128.png,#6B6F76,Tom Coukos,tom-coukos,Forward,2,0,2,0,0,2021-2022,regular
1038,Regular Season 2021-2022,2021-11-29,Marlins,https://ormrhl.com/wp-content/uploads/2021/11/marlins_logo-128x128.png,#1E8A8A,Chris Maloney,chris-maloney,Forward,1,3,4,0,0,2021-2022,regular
1038,Regular Season 2021-2022,2021-11-29,Marlins,https://ormrhl.com/wp-content/uploads/2021/11/marlins_logo-128x128.png,#1E8A8A,Duncan Stalker,duncan-stalker,Defence,0,0,0,0,0,2021-2022,regular
1038,Regular Season 2021-2022,2021-11-29,Marlins,https://ormrhl.com/wp-content/uploads/2021/11/marlins_logo-128x128.png,#1E8A8A,Harrison Kane,harrison-kane,Defence,2,1,3,0,0,2021-2022,regular
1038,Regular Season 2021-2022,2021-11-29,Marlins,https://ormrhl.com/wp-content/uploads/2021/11/marlins_logo-128x128.png,#1E8A8A,Jackson Morgis,jackson-morgis,Goaltender,0,0,0,0,0,2021-2022,regular
1038,Regular Season 2021-2022,2021-11-29,Marlins,https://ormrhl.com/wp-content/uploads/2021/11/marlins_logo-128x128.png,#1E8A8A,Jeff Connor,jeff-connor,Forward,1,3,4,0,0,2021-2022,regular
1038,Regular Season 2021-2022,2021-11-29,Marlins,https://ormrhl.com/wp-content/uploads/2021/11/marlins_logo-128x128.png,#1E8A8A,Mack Charron,mack-charron,Forward,1,1,2,0,0,2021-2022,regular
1038,Regular Season 2021-2022,2021-11-29,Marlins,https://ormrhl.com/wp-content/uploads/2021/11/marlins_logo-128x128.png,#1E8A8A,Mark Sceeles,mark-sceeles,Defence,0,1,1,0,0,2021-2022,regular
1038,Regular Season 2021-2022,2021-11-29,Marlins,https://ormrhl.com/wp-content/uploads/2021/11/marlins_logo-128x128.png,#1E8A8A,Michael Montesanti,michael-montesanti,Forward,0,2,2,0,0,2021-2022,regular
1038,Regular Season 2021-2022,2021-11-29,Marlins,https://ormrhl.com/wp-content/uploads/2021/11/marlins_logo-128x128.png,#1E8A8A,Scott Browne,scott-browne,Forward,1,1,2,0,0,2021-2022,regular
1038,Regular Season 2021-2022,2021-11-29,Marlins,https://ormrhl.com/wp-content/uploads/2021/11/marlins_logo-128x128.png,#1E8A8A,Tyler Kozak,tyler-kozak,Defence,1,0,1,0,0,2021-2022,regular
1038,Regular Season 2021-2022,2021-11-29,Wildcats,https://ormrhl.com/wp-content/uploads/2021/11/wildcats_logo-128x128.png,#D97B29,Anthony Ventrella,anthony-ventrella,Forward,1,1,2,0,0,2021-2022,regular
1038,Regular Season 2021-2022,2021-11-29,Wildcats,https://ormrhl.com/wp-content/uploads/2021/11/wildcats_logo-128x128.png,#D97B29,Brian Hatton,brian-hatton,Goaltender,0,0,0,0,0,2021-2022,regular
1038,Regular Season 2021-2022,2021-11-29,Wildcats,https://ormrhl.com/wp-content/uploads/2021/11/wildcats_logo-128x128.png,#D97B29,Dan Richards,dan-richards,Forward,0,0,0,0,0,2021-2022,regular
1038,Regular Season 2021-2022,2021-11-29,Wildcats,https://ormrhl.com/wp-content/uploads/2021/11/wildcats_logo-128x128.png,#D97B29,Gianluca Santocono,gianluca-santocono,Defence,0,0,0,0,0,2021-2022,regular
1038,Regular Season 2021-2022,2021-11-29,Wildcats,https://ormrhl.com/wp-content/uploads/2021/11/wildcats_logo-128x128.png,#D97B29,Greg Sipprell,greg-sipprell2,Forward,0,2,2,0,0,2021-2022,regular
1038,Regular Season 2021-2022,2021-11-29,Wildcats,https://ormrhl.com/wp-content/uploads/2021/11/wildcats_logo-128x128.png,#D97B29,Jaro Verchkovski,jaro-verchkovski,Forward,1,0,1,0,0,2021-2022,regular
1038,Regular Season 2021-2022,2021-11-29,Wildcats,https://ormrhl.com/wp-content/uploads/2021/11/wildcats_logo-128x128.png,#D97B29,Lucas Kleine,lucas-kleine,Forward,0,0,0,0,0,2021-2022,regular
1038,Regular Season 2021-2022,2021-11-29,Wildcats,https://ormrhl.com/wp-content/uploads/2021/11/wildcats_logo-128x128.png,#D97B29,Rob Kleine,rob-kleine,Forward,0,1,1,0,0,2021-2022,regular
1038,Regular Season 2021-2022,2021-11-29,Wildcats,https://ormrhl.com/wp-content/uploads/2021/11/wildcats_logo-128x128.png,#D97B29,Ryan Smith,ryan-smith-og,Forward,1,2,3,0,0,2021-2022,regular
1038,Regular Season 2021-2022,2021-11-29,Wildcats,https://ormrhl.com/wp-content/uploads/2021/11/wildcats_logo-128x128.png,#D97B29,Serge Lossev,serge-lossev,Forward,0,0,0,0,0,2021-2022,regular
1039,Regular Season 2021-2022,2021-12-02,Marlins,https://ormrhl.com/wp-content/uploads/2021/11/marlins_logo-128x128.png,#1E8A8A,Chris Maloney,chris-maloney,Forward,1,0,1,0,0,2021-2022,regular
1039,Regular Season 2021-2022,2021-12-02,Marlins,https://ormrhl.com/wp-content/uploads/2021/11/marlins_logo-128x128.png,#1E8A8A,Duncan Stalker,duncan-stalker,Defence,0,1,1,1,0,2021-2022,regular
1039,Regular Season 2021-2022,2021-12-02,Marlins,https://ormrhl.com/wp-content/uploads/2021/11/marlins_logo-128x128.png,#1E8A8A,Harrison Kane,harrison-kane,Defence,1,0,1,0,0,2021-2022,regular
1039,Regular Season 2021-2022,2021-12-02,Marlins,https://ormrhl.com/wp-content/uploads/2021/11/marlins_logo-128x128.png,#1E8A8A,Jackson Morgis,jackson-morgis,Goaltender,0,0,0,1,0,2021-2022,regular
1039,Regular Season 2021-2022,2021-12-02,Marlins,https://ormrhl.com/wp-content/uploads/2021/11/marlins_logo-128x128.png,#1E8A8A,Jeff Connor,jeff-connor,Forward,1,1,2,0,0,2021-2022,regular
1039,Regular Season 2021-2022,2021-12-02,Marlins,https://ormrhl.com/wp-content/uploads/2021/11/marlins_logo-128x128.png,#1E8A8A,Mack Charron,mack-charron,Forward,4,1,5,0,0,2021-2022,regular
1039,Regular Season 2021-2022,2021-12-02,Marlins,https://ormrhl.com/wp-content/uploads/2021/11/marlins_logo-128x128.png,#1E8A8A,Mark Sceeles,mark-sceeles,Defence,0,3,3,0,0,2021-2022,regular
1039,Regular Season 2021-2022,2021-12-02,Marlins,https://ormrhl.com/wp-content/uploads/2021/11/marlins_logo-128x128.png,#1E8A8A,Michael Montesanti,michael-montesanti,Forward,2,2,4,0,0,2021-2022,regular
1039,Regular Season 2021-2022,2021-12-02,Marlins,https://ormrhl.com/wp-content/uploads/2021/11/marlins_logo-128x128.png,#1E8A8A,Scott Browne,scott-browne,Forward,0,3,3,1,0,2021-2022,regular
1039,Regular Season 2021-2022,2021-12-02,Marlins,https://ormrhl.com/wp-content/uploads/2021/11/marlins_logo-128x128.png,#1E8A8A,Thomas Grant,thomas-grant,Defence,0,2,2,0,0,2021-2022,regular
1039,Regular Season 2021-2022,2021-12-02,Marlins,https://ormrhl.com/wp-content/uploads/2021/11/marlins_logo-128x128.png,#1E8A8A,Tyler Kozak,tyler-kozak,Defence,0,1,1,0,0,2021-2022,regular
1039,Regular Season 2021-2022,2021-12-02,Rhinos,https://ormrhl.com/wp-content/uploads/2021/11/Rhinos_logo-128x128.png,#6B6F76,Adam Klein,adam-klein,Forward,0,1,1,0,0,2021-2022,regular
1039,Regular Season 2021-2022,2021-12-02,Rhinos,https://ormrhl.com/wp-content/uploads/2021/11/Rhinos_logo-128x128.png,#6B6F76,Dan Montanari,dan-montanari,Forward,0,1,1,0,0,2021-2022,regular
1039,Regular Season 2021-2022,2021-12-02,Rhinos,https://ormrhl.com/wp-content/uploads/2021/11/Rhinos_logo-128x128.png,#6B6F76,Daniel De Angelis,daniel-de-angelis,Defence,0,0,0,1,0,2021-2022,regular
1039,Regular Season 2021-2022,2021-12-02,Rhinos,https://ormrhl.com/wp-content/uploads/2021/11/Rhinos_logo-128x128.png,#6B6F76,Jeff Goodman,jeff-goodman,Goaltender,0,0,0,0,0,2021-2022,regular
1039,Regular Season 2021-2022,2021-12-02,Rhinos,https://ormrhl.com/wp-content/uploads/2021/11/Rhinos_logo-128x128.png,#6B6F76,Josh Machesney,josh-machesney,Forward,2,2,4,0,0,2021-2022,regular
1039,Regular Season 2021-2022,2021-12-02,Rhinos,https://ormrhl.com/wp-content/uploads/2021/11/Rhinos_logo-128x128.png,#6B6F76,Lorne Feld,lorne-feld,Forward,0,0,0,0,0,2021-2022,regular
1039,Regular Season 2021-2022,2021-12-02,Rhinos,https://ormrhl.com/wp-content/uploads/2021/11/Rhinos_logo-128x128.png,#6B6F76,Matthew Quintieri,matthew-quintieri,Forward,0,2,2,0,0,2021-2022,regular
1039,Regular Season 2021-2022,2021-12-02,Rhinos,https://ormrhl.com/wp-content/uploads/2021/11/Rhinos_logo-128x128.png,#6B6F76,Mike Clements,mike-clements,Defence,1,2,3,0,0,2021-2022,regular
1039,Regular Season 2021-2022,2021-12-02,Rhinos,https://ormrhl.com/wp-content/uploads/2021/11/Rhinos_logo-128x128.png,#6B6F76,Neil DeCantis,neil-decantis,Forward,0,1,1,0,0,2021-2022,regular
1039,Regular Season 2021-2022,2021-12-02,Rhinos,https://ormrhl.com/wp-content/uploads/2021/11/Rhinos_logo-128x128.png,#6B6F76,Tom Coukos,tom-coukos,Forward,3,0,3,0,0,2021-2022,regular
1040,Regular Season 2021-2022,2021-12-02,Falcons,https://ormrhl.com/wp-content/uploads/2021/11/falcons_icon-128x128.png,#233A6B,Brandon Wellsbury,brandon-wellsbury,Forward,2,1,3,0,0,2021-2022,regular
1040,Regular Season 2021-2022,2021-12-02,Falcons,https://ormrhl.com/wp-content/uploads/2021/11/falcons_icon-128x128.png,#233A6B,Dale Bishop,dale-bishop,Defence,0,2,2,0,0,2021-2022,regular
1040,Regular Season 2021-2022,2021-12-02,Falcons,https://ormrhl.com/wp-content/uploads/2021/11/falcons_icon-128x128.png,#233A6B,Jason Todd,jason-todd,Defence,1,0,1,1,0,2021-2022,regular
1040,Regular Season 2021-2022,2021-12-02,Falcons,https://ormrhl.com/wp-content/uploads/2021/11/falcons_icon-128x128.png,#233A6B,Marco Dileo,marco-dileo,Forward,0,0,0,0,0,2021-2022,regular
1040,Regular Season 2021-2022,2021-12-02,Falcons,https://ormrhl.com/wp-content/uploads/2021/11/falcons_icon-128x128.png,#233A6B,Robbie Spencer,robbie-spencer,Forward,0,1,1,0,0,2021-2022,regular
1040,Regular Season 2021-2022,2021-12-02,Falcons,https://ormrhl.com/wp-content/uploads/2021/11/falcons_icon-128x128.png,#233A6B,Ryan Doggart,ryan-doggart,Forward,1,1,2,0,0,2021-2022,regular
1040,Regular Season 2021-2022,2021-12-02,Wildcats,https://ormrhl.com/wp-content/uploads/2021/11/wildcats_logo-128x128.png,#D97B29,Anthony Ventrella,anthony-ventrella,Forward,2,0,2,0,0,2021-2022,regular
1040,Regular Season 2021-2022,2021-12-02,Wildcats,https://ormrhl.com/wp-content/uploads/2021/11/wildcats_logo-128x128.png,#D97B29,Brian Hatton,brian-hatton,Goaltender,0,0,0,0,0,2021-2022,regular
1040,Regular Season 2021-2022,2021-12-02,Wildcats,https://ormrhl.com/wp-content/uploads/2021/11/wildcats_logo-128x128.png,#D97B29,Colby Clarke,colby-clarke,Forward,1,1,2,0,0,2021-2022,regular
1040,Regular Season 2021-2022,2021-12-02,Wildcats,https://ormrhl.com/wp-content/uploads/2021/11/wildcats_logo-128x128.png,#D97B29,Dan Richards,dan-richards,Forward,2,0,2,0,0,2021-2022,regular
1040,Regular Season 2021-2022,2021-12-02,Wildcats,https://ormrhl.com/wp-content/uploads/2021/11/wildcats_logo-128x128.png,#D97B29,Gianluca Santocono,gianluca-santocono,Defence,0,2,2,0,0,2021-2022,regular
1040,Regular Season 2021-2022,2021-12-02,Wildcats,https://ormrhl.com/wp-content/uploads/2021/11/wildcats_logo-128x128.png,#D97B29,Greg Sipprell,greg-sipprell2,Forward,1,0,1,0,0,2021-2022,regular
1040,Regular Season 2021-2022,2021-12-02,Wildcats,https://ormrhl.com/wp-content/uploads/2021/11/wildcats_logo-128x128.png,#D97B29,Lucas Kleine,lucas-kleine,Forward,0,0,0,0,0,2021-2022,regular
1040,Regular Season 2021-2022,2021-12-02,Wildcats,https://ormrhl.com/wp-content/uploads/2021/11/wildcats_logo-128x128.png,#D97B29,Rob Kleine,rob-kleine,Forward,0,1,1,0,0,2021-2022,regular
1040,Regular Season 2021-2022,2021-12-02,Wildcats,https://ormrhl.com/wp-content/uploads/2021/11/wildcats_logo-128x128.png,#D97B29,Serge Lossev,serge-lossev,Forward,0,0,0,0,0,2021-2022,regular
1041,Regular Season 2021-2022,2021-12-02,Cobras,https://ormrhl.com/wp-content/uploads/2021/11/Cobras_Logo-128x128.png,#2B8C5C,Adrian Iudiciani,adrian-iudiciani,Forward,1,1,2,0,0,2021-2022,regular
1041,Regular Season 2021-2022,2021-12-02,Cobras,https://ormrhl.com/wp-content/uploads/2021/11/Cobras_Logo-128x128.png,#2B8C5C,Brandon De Assuncao,brandon-de-assuncao,Forward,0,0,0,0,0,2021-2022,regular
1041,Regular Season 2021-2022,2021-12-02,Cobras,https://ormrhl.com/wp-content/uploads/2021/11/Cobras_Logo-128x128.png,#2B8C5C,James Mitchell,james-mitchell,Forward,0,0,0,1,0,2021-2022,regular
1041,Regular Season 2021-2022,2021-12-02,Cobras,https://ormrhl.com/wp-content/uploads/2021/11/Cobras_Logo-128x128.png,#2B8C5C,John Ventrella,john-ventrella,Forward,1,0,1,0,0,2021-2022,regular
1041,Regular Season 2021-2022,2021-12-02,Cobras,https://ormrhl.com/wp-content/uploads/2021/11/Cobras_Logo-128x128.png,#2B8C5C,Justin Pappianni,justin-papaianni,Forward,0,1,1,0,0,2021-2022,regular
1041,Regular Season 2021-2022,2021-12-02,Cobras,https://ormrhl.com/wp-content/uploads/2021/11/Cobras_Logo-128x128.png,#2B8C5C,Massimo Venditti,massimo-venditti,Forward,0,0,0,0,0,2021-2022,regular
1041,Regular Season 2021-2022,2021-12-02,Cobras,https://ormrhl.com/wp-content/uploads/2021/11/Cobras_Logo-128x128.png,#2B8C5C,Michael English,michael-english,Defence,0,0,0,0,0,2021-2022,regular
1041,Regular Season 2021-2022,2021-12-02,Cobras,https://ormrhl.com/wp-content/uploads/2021/11/Cobras_Logo-128x128.png,#2B8C5C,PJ Harrison,pj-harrison,Goaltender,0,0,0,0,0,2021-2022,regular
1041,Regular Season 2021-2022,2021-12-02,Cobras,https://ormrhl.com/wp-content/uploads/2021/11/Cobras_Logo-128x128.png,#2B8C5C,Rob Iudiciani,rob-iudiciani,Defence,1,0,1,0,0,2021-2022,regular
1041,Regular Season 2021-2022,2021-12-02,Cobras,https://ormrhl.com/wp-content/uploads/2021/11/Cobras_Logo-128x128.png,#2B8C5C,Steve Souphanthong,steve-souphanthong,Forward,0,0,0,0,0,2021-2022,regular
1041,Regular Season 2021-2022,2021-12-02,Cobras,https://ormrhl.com/wp-content/uploads/2021/11/Cobras_Logo-128x128.png,#2B8C5C,Tyler Doyle,tyler-doyle,Forward,0,2,2,0,0,2021-2022,regular
1041,Regular Season 2021-2022,2021-12-02,Eagles,https://ormrhl.com/wp-content/uploads/2021/11/Eagles_logo-128x128.png,#A31E2E,Alex Disera,alex-disera,Forward,0,0,0,0,0,2021-2022,regular
1041,Regular Season 2021-2022,2021-12-02,Eagles,https://ormrhl.com/wp-content/uploads/2021/11/Eagles_logo-128x128.png,#A31E2E,Anthony Loduca,anthony-loduca,Forward,1,0,1,0,0,2021-2022,regular
1041,Regular Season 2021-2022,2021-12-02,Eagles,https://ormrhl.com/wp-content/uploads/2021/11/Eagles_logo-128x128.png,#A31E2E,Darren Desrosiers,darren-desrosiers,Forward,1,2,3,0,0,2021-2022,regular
1041,Regular Season 2021-2022,2021-12-02,Eagles,https://ormrhl.com/wp-content/uploads/2021/11/Eagles_logo-128x128.png,#A31E2E,Hugh Smylie,hugh-smylie,Defence,0,1,1,1,0,2021-2022,regular
1041,Regular Season 2021-2022,2021-12-02,Eagles,https://ormrhl.com/wp-content/uploads/2021/11/Eagles_logo-128x128.png,#A31E2E,James Counter,james-counter,Forward,0,0,0,1,0,2021-2022,regular
1041,Regular Season 2021-2022,2021-12-02,Eagles,https://ormrhl.com/wp-content/uploads/2021/11/Eagles_logo-128x128.png,#A31E2E,Jeff Mitchell,jeff-mitchell,Defence,1,0,1,0,0,2021-2022,regular
1041,Regular Season 2021-2022,2021-12-02,Eagles,https://ormrhl.com/wp-content/uploads/2021/11/Eagles_logo-128x128.png,#A31E2E,Joey Leger,joey-leger,Forward,1,0,1,0,0,2021-2022,regular
1041,Regular Season 2021-2022,2021-12-02,Eagles,https://ormrhl.com/wp-content/uploads/2021/11/Eagles_logo-128x128.png,#A31E2E,Jordan Bodimeade,jordan-bodimeade,Forward,0,0,0,0,0,2021-2022,regular
1041,Regular Season 2021-2022,2021-12-02,Eagles,https://ormrhl.com/wp-content/uploads/2021/11/Eagles_logo-128x128.png,#A31E2E,Lucas Ackerman,lucas-ackerman,Forward,0,0,0,0,0,2021-2022,regular
1041,Regular Season 2021-2022,2021-12-02,Eagles,https://ormrhl.com/wp-content/uploads/2021/11/Eagles_logo-128x128.png,#A31E2E,Mario Carriero,mario-carriero,Goaltender,0,0,0,0,0,2021-2022,regular
1041,Regular Season 2021-2022,2021-12-02,Eagles,https://ormrhl.com/wp-content/uploads/2021/11/Eagles_logo-128x128.png,#A31E2E,Mario Mazzucco,mario-mazzucco,Forward,0,0,0,0,0,2021-2022,regular
1041,Regular Season 2021-2022,2021-12-02,Eagles,https://ormrhl.com/wp-content/uploads/2021/11/Eagles_logo-128x128.png,#A31E2E,Robert Doswell,robert-doswell,Defence,0,0,0,0,0,2021-2022,regular
1041,Regular Season 2021-2022,2021-12-02,Eagles,https://ormrhl.com/wp-content/uploads/2021/11/Eagles_logo-128x128.png,#A31E2E,Scott Sutton,scott-sutton,Defence,0,2,2,0,0,2021-2022,regular
1043,Regular Season 2021-2022,2021-12-06,Cobras,https://ormrhl.com/wp-content/uploads/2021/11/Cobras_Logo-128x128.png,#2B8C5C,Adrian Iudiciani,adrian-iudiciani,Forward,2,0,2,0,0,2021-2022,regular
1043,Regular Season 2021-2022,2021-12-06,Cobras,https://ormrhl.com/wp-content/uploads/2021/11/Cobras_Logo-128x128.png,#2B8C5C,Angelo Capone,angelo-capone,Forward,2,1,3,0,0,2021-2022,regular
1043,Regular Season 2021-2022,2021-12-06,Cobras,https://ormrhl.com/wp-content/uploads/2021/11/Cobras_Logo-128x128.png,#2B8C5C,James Mitchell,james-mitchell,Forward,0,1,1,0,0,2021-2022,regular
1043,Regular Season 2021-2022,2021-12-06,Cobras,https://ormrhl.com/wp-content/uploads/2021/11/Cobras_Logo-128x128.png,#2B8C5C,John Ventrella,john-ventrella,Forward,3,0,3,0,0,2021-2022,regular
1043,Regular Season 2021-2022,2021-12-06,Cobras,https://ormrhl.com/wp-content/uploads/2021/11/Cobras_Logo-128x128.png,#2B8C5C,Justin Pappianni,justin-papaianni,Forward,0,1,1,0,0,2021-2022,regular
1043,Regular Season 2021-2022,2021-12-06,Cobras,https://ormrhl.com/wp-content/uploads/2021/11/Cobras_Logo-128x128.png,#2B8C5C,Mark Mitchell,mark-mitchell,Defence,0,0,0,0,0,2021-2022,regular
1043,Regular Season 2021-2022,2021-12-06,Cobras,https://ormrhl.com/wp-content/uploads/2021/11/Cobras_Logo-128x128.png,#2B8C5C,Massimo Venditti,massimo-venditti,Forward,0,3,3,0,0,2021-2022,regular
1043,Regular Season 2021-2022,2021-12-06,Cobras,https://ormrhl.com/wp-content/uploads/2021/11/Cobras_Logo-128x128.png,#2B8C5C,PJ Harrison,pj-harrison,Goaltender,0,0,0,0,0,2021-2022,regular
1043,Regular Season 2021-2022,2021-12-06,Cobras,https://ormrhl.com/wp-content/uploads/2021/11/Cobras_Logo-128x128.png,#2B8C5C,Rob Iudiciani,rob-iudiciani,Defence,1,1,2,0,0,2021-2022,regular
1043,Regular Season 2021-2022,2021-12-06,Cobras,https://ormrhl.com/wp-content/uploads/2021/11/Cobras_Logo-128x128.png,#2B8C5C,Tyler Doyle,tyler-doyle,Forward,0,4,4,0,0,2021-2022,regular
1043,Regular Season 2021-2022,2021-12-06,Wildcats,https://ormrhl.com/wp-content/uploads/2021/11/wildcats_logo-128x128.png,#D97B29,Anthony Ventrella,anthony-ventrella,Forward,1,2,3,0,0,2021-2022,regular
1043,Regular Season 2021-2022,2021-12-06,Wildcats,https://ormrhl.com/wp-content/uploads/2021/11/wildcats_logo-128x128.png,#D97B29,Brian Hatton,brian-hatton,Goaltender,0,0,0,0,0,2021-2022,regular
1043,Regular Season 2021-2022,2021-12-06,Wildcats,https://ormrhl.com/wp-content/uploads/2021/11/wildcats_logo-128x128.png,#D97B29,Colby Clarke,colby-clarke,Forward,3,2,5,0,0,2021-2022,regular
1043,Regular Season 2021-2022,2021-12-06,Wildcats,https://ormrhl.com/wp-content/uploads/2021/11/wildcats_logo-128x128.png,#D97B29,Dan Richards,dan-richards,Forward,2,2,4,0,0,2021-2022,regular
1043,Regular Season 2021-2022,2021-12-06,Wildcats,https://ormrhl.com/wp-content/uploads/2021/11/wildcats_logo-128x128.png,#D97B29,Greg Sipprell,greg-sipprell2,Forward,0,0,0,0,0,2021-2022,regular
1043,Regular Season 2021-2022,2021-12-06,Wildcats,https://ormrhl.com/wp-content/uploads/2021/11/wildcats_logo-128x128.png,#D97B29,Jaro Verchkovski,jaro-verchkovski,Forward,0,2,2,0,0,2021-2022,regular
1043,Regular Season 2021-2022,2021-12-06,Wildcats,https://ormrhl.com/wp-content/uploads/2021/11/wildcats_logo-128x128.png,#D97B29,Lucas Kleine,lucas-kleine,Forward,1,2,3,0,0,2021-2022,regular
1043,Regular Season 2021-2022,2021-12-06,Wildcats,https://ormrhl.com/wp-content/uploads/2021/11/wildcats_logo-128x128.png,#D97B29,Pat Parent,pat-parent,Defence,0,1,1,0,0,2021-2022,regular
1043,Regular Season 2021-2022,2021-12-06,Wildcats,https://ormrhl.com/wp-content/uploads/2021/11/wildcats_logo-128x128.png,#D97B29,Paul Wolanski,paul-wolanski,Defence,0,0,0,0,0,2021-2022,regular
1043,Regular Season 2021-2022,2021-12-06,Wildcats,https://ormrhl.com/wp-content/uploads/2021/11/wildcats_logo-128x128.png,#D97B29,Rob Kleine,rob-kleine,Forward,0,2,2,0,0,2021-2022,regular
1043,Regular Season 2021-2022,2021-12-06,Wildcats,https://ormrhl.com/wp-content/uploads/2021/11/wildcats_logo-128x128.png,#D97B29,Ryan Smith,ryan-smith-og,Forward,3,0,3,0,0,2021-2022,regular
1043,Regular Season 2021-2022,2021-12-06,Wildcats,https://ormrhl.com/wp-content/uploads/2021/11/wildcats_logo-128x128.png,#D97B29,Serge Lossev,serge-lossev,Forward,0,1,1,0,0,2021-2022,regular
1044,Regular Season 2021-2022,2021-12-06,Eagles,https://ormrhl.com/wp-content/uploads/2021/11/Eagles_logo-128x128.png,#A31E2E,Alex Disera,alex-disera,Forward,0,0,0,0,0,2021-2022,regular
1044,Regular Season 2021-2022,2021-12-06,Eagles,https://ormrhl.com/wp-content/uploads/2021/11/Eagles_logo-128x128.png,#A31E2E,Anthony Loduca,anthony-loduca,Forward,2,1,3,0,0,2021-2022,regular
1044,Regular Season 2021-2022,2021-12-06,Eagles,https://ormrhl.com/wp-content/uploads/2021/11/Eagles_logo-128x128.png,#A31E2E,Darren Desrosiers,darren-desrosiers,Forward,4,1,5,0,0,2021-2022,regular
1044,Regular Season 2021-2022,2021-12-06,Eagles,https://ormrhl.com/wp-content/uploads/2021/11/Eagles_logo-128x128.png,#A31E2E,Drew Grasse,drew-grasse,Forward,1,1,2,0,0,2021-2022,regular
1044,Regular Season 2021-2022,2021-12-06,Eagles,https://ormrhl.com/wp-content/uploads/2021/11/Eagles_logo-128x128.png,#A31E2E,James Counter,james-counter,Forward,0,2,2,0,0,2021-2022,regular
1044,Regular Season 2021-2022,2021-12-06,Eagles,https://ormrhl.com/wp-content/uploads/2021/11/Eagles_logo-128x128.png,#A31E2E,Jeff Mitchell,jeff-mitchell,Defence,0,0,0,0,0,2021-2022,regular
1044,Regular Season 2021-2022,2021-12-06,Eagles,https://ormrhl.com/wp-content/uploads/2021/11/Eagles_logo-128x128.png,#A31E2E,Joey Leger,joey-leger,Forward,0,1,1,0,0,2021-2022,regular
1044,Regular Season 2021-2022,2021-12-06,Eagles,https://ormrhl.com/wp-content/uploads/2021/11/Eagles_logo-128x128.png,#A31E2E,Jordan Bodimeade,jordan-bodimeade,Forward,0,1,1,0,0,2021-2022,regular
1044,Regular Season 2021-2022,2021-12-06,Eagles,https://ormrhl.com/wp-content/uploads/2021/11/Eagles_logo-128x128.png,#A31E2E,Lucas Ackerman,lucas-ackerman,Forward,0,1,1,0,0,2021-2022,regular
1044,Regular Season 2021-2022,2021-12-06,Eagles,https://ormrhl.com/wp-content/uploads/2021/11/Eagles_logo-128x128.png,#A31E2E,Mario Carriero,mario-carriero,Goaltender,0,0,0,0,0,2021-2022,regular
1044,Regular Season 2021-2022,2021-12-06,Eagles,https://ormrhl.com/wp-content/uploads/2021/11/Eagles_logo-128x128.png,#A31E2E,Mario Mazzucco,mario-mazzucco,Forward,2,4,6,0,0,2021-2022,regular
1044,Regular Season 2021-2022,2021-12-06,Eagles,https://ormrhl.com/wp-content/uploads/2021/11/Eagles_logo-128x128.png,#A31E2E,Robert Doswell,robert-doswell,Defence,0,1,1,0,0,2021-2022,regular
1044,Regular Season 2021-2022,2021-12-06,Eagles,https://ormrhl.com/wp-content/uploads/2021/11/Eagles_logo-128x128.png,#A31E2E,Scott Sutton,scott-sutton,Defence,0,0,0,0,0,2021-2022,regular
1044,Regular Season 2021-2022,2021-12-06,Rhinos,https://ormrhl.com/wp-content/uploads/2021/11/Rhinos_logo-128x128.png,#6B6F76,Dan Montanari,dan-montanari,Forward,0,1,1,0,0,2021-2022,regular
1044,Regular Season 2021-2022,2021-12-06,Rhinos,https://ormrhl.com/wp-content/uploads/2021/11/Rhinos_logo-128x128.png,#6B6F76,Jeff Goodman,jeff-goodman,Goaltender,0,0,0,0,0,2021-2022,regular
1044,Regular Season 2021-2022,2021-12-06,Rhinos,https://ormrhl.com/wp-content/uploads/2021/11/Rhinos_logo-128x128.png,#6B6F76,Josh Machesney,josh-machesney,Forward,3,0,3,0,0,2021-2022,regular
1044,Regular Season 2021-2022,2021-12-06,Rhinos,https://ormrhl.com/wp-content/uploads/2021/11/Rhinos_logo-128x128.png,#6B6F76,Lorne Feld,lorne-feld,Forward,0,1,1,0,0,2021-2022,regular
1044,Regular Season 2021-2022,2021-12-06,Rhinos,https://ormrhl.com/wp-content/uploads/2021/11/Rhinos_logo-128x128.png,#6B6F76,Matthew Quintieri,matthew-quintieri,Forward,0,4,4,0,0,2021-2022,regular
1044,Regular Season 2021-2022,2021-12-06,Rhinos,https://ormrhl.com/wp-content/uploads/2021/11/Rhinos_logo-128x128.png,#6B6F76,Mike Clements,mike-clements,Defence,0,0,0,0,0,2021-2022,regular
1044,Regular Season 2021-2022,2021-12-06,Rhinos,https://ormrhl.com/wp-content/uploads/2021/11/Rhinos_logo-128x128.png,#6B6F76,Neil DeCantis,neil-decantis,Forward,2,1,3,0,0,2021-2022,regular
1045,Regular Season 2021-2022,2021-12-09,Eagles,https://ormrhl.com/wp-content/uploads/2021/11/Eagles_logo-128x128.png,#A31E2E,Alex Disera,alex-disera,Forward,0,0,0,0,0,2021-2022,regular
1045,Regular Season 2021-2022,2021-12-09,Eagles,https://ormrhl.com/wp-content/uploads/2021/11/Eagles_logo-128x128.png,#A31E2E,Anthony Loduca,anthony-loduca,Forward,0,1,1,0,0,2021-2022,regular
1045,Regular Season 2021-2022,2021-12-09,Eagles,https://ormrhl.com/wp-content/uploads/2021/11/Eagles_logo-128x128.png,#A31E2E,Darren Desrosiers,darren-desrosiers,Forward,3,0,3,0,0,2021-2022,regular
1045,Regular Season 2021-2022,2021-12-09,Eagles,https://ormrhl.com/wp-content/uploads/2021/11/Eagles_logo-128x128.png,#A31E2E,Drew Grasse,drew-grasse,Forward,0,1,1,0,0,2021-2022,regular
1045,Regular Season 2021-2022,2021-12-09,Eagles,https://ormrhl.com/wp-content/uploads/2021/11/Eagles_logo-128x128.png,#A31E2E,Hugh Smylie,hugh-smylie,Defence,0,1,1,1,0,2021-2022,regular
1045,Regular Season 2021-2022,2021-12-09,Eagles,https://ormrhl.com/wp-content/uploads/2021/11/Eagles_logo-128x128.png,#A31E2E,James Counter,james-counter,Forward,1,0,1,0,0,2021-2022,regular
1045,Regular Season 2021-2022,2021-12-09,Eagles,https://ormrhl.com/wp-content/uploads/2021/11/Eagles_logo-128x128.png,#A31E2E,Jeff Mitchell,jeff-mitchell,Defence,0,1,1,0,0,2021-2022,regular
1045,Regular Season 2021-2022,2021-12-09,Eagles,https://ormrhl.com/wp-content/uploads/2021/11/Eagles_logo-128x128.png,#A31E2E,Joey Leger,joey-leger,Forward,0,1,1,0,0,2021-2022,regular
1045,Regular Season 2021-2022,2021-12-09,Eagles,https://ormrhl.com/wp-content/uploads/2021/11/Eagles_logo-128x128.png,#A31E2E,Jordan Bodimeade,jordan-bodimeade,Forward,2,0,2,0,0,2021-2022,regular
1045,Regular Season 2021-2022,2021-12-09,Eagles,https://ormrhl.com/wp-content/uploads/2021/11/Eagles_logo-128x128.png,#A31E2E,Lucas Ackerman,lucas-ackerman,Forward,1,0,1,0,0,2021-2022,regular
1045,Regular Season 2021-2022,2021-12-09,Eagles,https://ormrhl.com/wp-content/uploads/2021/11/Eagles_logo-128x128.png,#A31E2E,Mario Carriero,mario-carriero,Goaltender,0,1,1,0,0,2021-2022,regular
1045,Regular Season 2021-2022,2021-12-09,Eagles,https://ormrhl.com/wp-content/uploads/2021/11/Eagles_logo-128x128.png,#A31E2E,Mario Mazzucco,mario-mazzucco,Forward,1,0,1,0,0,2021-2022,regular
1045,Regular Season 2021-2022,2021-12-09,Eagles,https://ormrhl.com/wp-content/uploads/2021/11/Eagles_logo-128x128.png,#A31E2E,Robert Doswell,robert-doswell,Defence,0,2,2,0,0,2021-2022,regular
1045,Regular Season 2021-2022,2021-12-09,Eagles,https://ormrhl.com/wp-content/uploads/2021/11/Eagles_logo-128x128.png,#A31E2E,Scott Sutton,scott-sutton,Defence,0,3,3,0,0,2021-2022,regular
1045,Regular Season 2021-2022,2021-12-09,Marlins,https://ormrhl.com/wp-content/uploads/2021/11/marlins_logo-128x128.png,#1E8A8A,Chris Maloney,chris-maloney,Forward,0,0,0,0,0,2021-2022,regular
1045,Regular Season 2021-2022,2021-12-09,Marlins,https://ormrhl.com/wp-content/uploads/2021/11/marlins_logo-128x128.png,#1E8A8A,Duncan Stalker,duncan-stalker,Defence,0,0,0,0,0,2021-2022,regular
1045,Regular Season 2021-2022,2021-12-09,Marlins,https://ormrhl.com/wp-content/uploads/2021/11/marlins_logo-128x128.png,#1E8A8A,Harrison Kane,harrison-kane,Defence,1,0,1,0,0,2021-2022,regular
1045,Regular Season 2021-2022,2021-12-09,Marlins,https://ormrhl.com/wp-content/uploads/2021/11/marlins_logo-128x128.png,#1E8A8A,Jackson Morgis,jackson-morgis,Goaltender,0,0,0,0,0,2021-2022,regular
1045,Regular Season 2021-2022,2021-12-09,Marlins,https://ormrhl.com/wp-content/uploads/2021/11/marlins_logo-128x128.png,#1E8A8A,Jeff Connor,jeff-connor,Forward,1,1,2,0,0,2021-2022,regular
1045,Regular Season 2021-2022,2021-12-09,Marlins,https://ormrhl.com/wp-content/uploads/2021/11/marlins_logo-128x128.png,#1E8A8A,Mack Charron,mack-charron,Forward,0,1,1,0,0,2021-2022,regular
1045,Regular Season 2021-2022,2021-12-09,Marlins,https://ormrhl.com/wp-content/uploads/2021/11/marlins_logo-128x128.png,#1E8A8A,Mark Sceeles,mark-sceeles,Defence,0,1,1,1,0,2021-2022,regular
1045,Regular Season 2021-2022,2021-12-09,Marlins,https://ormrhl.com/wp-content/uploads/2021/11/marlins_logo-128x128.png,#1E8A8A,Michael Montesanti,michael-montesanti,Forward,1,1,2,0,0,2021-2022,regular
1045,Regular Season 2021-2022,2021-12-09,Marlins,https://ormrhl.com/wp-content/uploads/2021/11/marlins_logo-128x128.png,#1E8A8A,Scott Browne,scott-browne,Forward,0,1,1,0,0,2021-2022,regular
1045,Regular Season 2021-2022,2021-12-09,Marlins,https://ormrhl.com/wp-content/uploads/2021/11/marlins_logo-128x128.png,#1E8A8A,Todd Wheeler,todd-wheeler,Forward,0,0,0,0,0,2021-2022,regular
1045,Regular Season 2021-2022,2021-12-09,Marlins,https://ormrhl.com/wp-content/uploads/2021/11/marlins_logo-128x128.png,#1E8A8A,Tyler Kozak,tyler-kozak,Defence,0,1,1,0,0,2021-2022,regular
1046,Regular Season 2021-2022,2021-12-09,Cobras,https://ormrhl.com/wp-content/uploads/2021/11/Cobras_Logo-128x128.png,#2B8C5C,Adrian Iudiciani,adrian-iudiciani,Forward,0,0,0,0,0,2021-2022,regular
1046,Regular Season 2021-2022,2021-12-09,Cobras,https://ormrhl.com/wp-content/uploads/2021/11/Cobras_Logo-128x128.png,#2B8C5C,Angelo Capone,angelo-capone,Forward,2,1,3,1,0,2021-2022,regular
1046,Regular Season 2021-2022,2021-12-09,Cobras,https://ormrhl.com/wp-content/uploads/2021/11/Cobras_Logo-128x128.png,#2B8C5C,James Mitchell,james-mitchell,Forward,1,0,1,0,0,2021-2022,regular
1046,Regular Season 2021-2022,2021-12-09,Cobras,https://ormrhl.com/wp-content/uploads/2021/11/Cobras_Logo-128x128.png,#2B8C5C,John Ventrella,john-ventrella,Forward,0,1,1,0,0,2021-2022,regular
1046,Regular Season 2021-2022,2021-12-09,Cobras,https://ormrhl.com/wp-content/uploads/2021/11/Cobras_Logo-128x128.png,#2B8C5C,Justin Pappianni,justin-papaianni,Forward,0,0,0,0,0,2021-2022,regular
1046,Regular Season 2021-2022,2021-12-09,Cobras,https://ormrhl.com/wp-content/uploads/2021/11/Cobras_Logo-128x128.png,#2B8C5C,Mark Mitchell,mark-mitchell,Defence,0,1,1,1,0,2021-2022,regular
1046,Regular Season 2021-2022,2021-12-09,Cobras,https://ormrhl.com/wp-content/uploads/2021/11/Cobras_Logo-128x128.png,#2B8C5C,Massimo Venditti,massimo-venditti,Forward,0,1,1,0,0,2021-2022,regular
1046,Regular Season 2021-2022,2021-12-09,Cobras,https://ormrhl.com/wp-content/uploads/2021/11/Cobras_Logo-128x128.png,#2B8C5C,Michael English,michael-english,Defence,0,1,1,0,0,2021-2022,regular
1046,Regular Season 2021-2022,2021-12-09,Cobras,https://ormrhl.com/wp-content/uploads/2021/11/Cobras_Logo-128x128.png,#2B8C5C,PJ Harrison,pj-harrison,Goaltender,0,0,0,0,0,2021-2022,regular
1046,Regular Season 2021-2022,2021-12-09,Cobras,https://ormrhl.com/wp-content/uploads/2021/11/Cobras_Logo-128x128.png,#2B8C5C,Rob Iudiciani,rob-iudiciani,Defence,0,1,1,1,0,2021-2022,regular
1046,Regular Season 2021-2022,2021-12-09,Cobras,https://ormrhl.com/wp-content/uploads/2021/11/Cobras_Logo-128x128.png,#2B8C5C,Steve Souphanthong,steve-souphanthong,Forward,0,0,0,0,0,2021-2022,regular
1046,Regular Season 2021-2022,2021-12-09,Cobras,https://ormrhl.com/wp-content/uploads/2021/11/Cobras_Logo-128x128.png,#2B8C5C,Tyler Doyle,tyler-doyle,Forward,0,0,0,0,0,2021-2022,regular
1046,Regular Season 2021-2022,2021-12-09,Falcons,https://ormrhl.com/wp-content/uploads/2021/11/falcons_icon-128x128.png,#233A6B,Brandon Wellsbury,brandon-wellsbury,Forward,1,0,1,0,0,2021-2022,regular
1046,Regular Season 2021-2022,2021-12-09,Falcons,https://ormrhl.com/wp-content/uploads/2021/11/falcons_icon-128x128.png,#233A6B,Dale Bishop,dale-bishop,Defence,0,0,0,0,0,2021-2022,regular
1046,Regular Season 2021-2022,2021-12-09,Falcons,https://ormrhl.com/wp-content/uploads/2021/11/falcons_icon-128x128.png,#233A6B,Derek Marsham,derek-marsham,Forward,1,2,3,0,0,2021-2022,regular
1046,Regular Season 2021-2022,2021-12-09,Falcons,https://ormrhl.com/wp-content/uploads/2021/11/falcons_icon-128x128.png,#233A6B,Jason Todd,jason-todd,Defence,0,0,0,0,0,2021-2022,regular
1046,Regular Season 2021-2022,2021-12-09,Falcons,https://ormrhl.com/wp-content/uploads/2021/11/falcons_icon-128x128.png,#233A6B,Kari Paivio,kari-paivio,Forward,1,0,1,1,0,2021-2022,regular
1046,Regular Season 2021-2022,2021-12-09,Falcons,https://ormrhl.com/wp-content/uploads/2021/11/falcons_icon-128x128.png,#233A6B,Leo Napolitano,leo-napolitano,Defence,0,0,0,0,0,2021-2022,regular
1046,Regular Season 2021-2022,2021-12-09,Falcons,https://ormrhl.com/wp-content/uploads/2021/11/falcons_icon-128x128.png,#233A6B,Marco Dileo,marco-dileo,Forward,1,1,2,0,0,2021-2022,regular
1046,Regular Season 2021-2022,2021-12-09,Falcons,https://ormrhl.com/wp-content/uploads/2021/11/falcons_icon-128x128.png,#233A6B,Robbie Spencer,robbie-spencer,Forward,0,2,2,0,0,2021-2022,regular
1046,Regular Season 2021-2022,2021-12-09,Falcons,https://ormrhl.com/wp-content/uploads/2021/11/falcons_icon-128x128.png,#233A6B,Ryan Doggart,ryan-doggart,Forward,1,1,2,0,0,2021-2022,regular
1046,Regular Season 2021-2022,2021-12-09,Falcons,https://ormrhl.com/wp-content/uploads/2021/11/falcons_icon-128x128.png,#233A6B,Trystan Lebrun,trystan-lebrun,Goaltender,0,0,0,0,0,2021-2022,regular
1047,Regular Season 2021-2022,2021-12-09,Rhinos,https://ormrhl.com/wp-content/uploads/2021/11/Rhinos_logo-128x128.png,#6B6F76,Dan Montanari,dan-montanari,Forward,0,0,0,0,0,2021-2022,regular
1047,Regular Season 2021-2022,2021-12-09,Rhinos,https://ormrhl.com/wp-content/uploads/2021/11/Rhinos_logo-128x128.png,#6B6F76,Daniel De Angelis,daniel-de-angelis,Defence,0,1,1,1,0,2021-2022,regular
1047,Regular Season 2021-2022,2021-12-09,Rhinos,https://ormrhl.com/wp-content/uploads/2021/11/Rhinos_logo-128x128.png,#6B6F76,Josh Machesney,josh-machesney,Forward,1,2,3,0,0,2021-2022,regular
1047,Regular Season 2021-2022,2021-12-09,Rhinos,https://ormrhl.com/wp-content/uploads/2021/11/Rhinos_logo-128x128.png,#6B6F76,Lorne Feld,lorne-feld,Forward,0,1,1,0,0,2021-2022,regular
1047,Regular Season 2021-2022,2021-12-09,Rhinos,https://ormrhl.com/wp-content/uploads/2021/11/Rhinos_logo-128x128.png,#6B6F76,Matthew Quintieri,matthew-quintieri,Forward,3,1,4,0,0,2021-2022,regular
1047,Regular Season 2021-2022,2021-12-09,Rhinos,https://ormrhl.com/wp-content/uploads/2021/11/Rhinos_logo-128x128.png,#6B6F76,Mike Clements,mike-clements,Defence,0,1,1,1,0,2021-2022,regular
1047,Regular Season 2021-2022,2021-12-09,Rhinos,https://ormrhl.com/wp-content/uploads/2021/11/Rhinos_logo-128x128.png,#6B6F76,Neil DeCantis,neil-decantis,Forward,1,1,2,0,0,2021-2022,regular
1047,Regular Season 2021-2022,2021-12-09,Rhinos,https://ormrhl.com/wp-content/uploads/2021/11/Rhinos_logo-128x128.png,#6B6F76,Tom Coukos,tom-coukos,Forward,1,1,2,0,0,2021-2022,regular
1047,Regular Season 2021-2022,2021-12-09,Wildcats,https://ormrhl.com/wp-content/uploads/2021/11/wildcats_logo-128x128.png,#D97B29,Anthony Ventrella,anthony-ventrella,Forward,3,1,4,0,0,2021-2022,regular
1047,Regular Season 2021-2022,2021-12-09,Wildcats,https://ormrhl.com/wp-content/uploads/2021/11/wildcats_logo-128x128.png,#D97B29,Brian Hatton,brian-hatton,Goaltender,0,1,1,0,0,2021-2022,regular
1047,Regular Season 2021-2022,2021-12-09,Wildcats,https://ormrhl.com/wp-content/uploads/2021/11/wildcats_logo-128x128.png,#D97B29,Colby Clarke,colby-clarke,Forward,4,1,5,0,0,2021-2022,regular
1047,Regular Season 2021-2022,2021-12-09,Wildcats,https://ormrhl.com/wp-content/uploads/2021/11/wildcats_logo-128x128.png,#D97B29,Dan Richards,dan-richards,Forward,2,1,3,0,0,2021-2022,regular
1047,Regular Season 2021-2022,2021-12-09,Wildcats,https://ormrhl.com/wp-content/uploads/2021/11/wildcats_logo-128x128.png,#D97B29,Gianluca Santocono,gianluca-santocono,Defence,0,0,0,0,0,2021-2022,regular
1047,Regular Season 2021-2022,2021-12-09,Wildcats,https://ormrhl.com/wp-content/uploads/2021/11/wildcats_logo-128x128.png,#D97B29,Greg Sipprell,greg-sipprell2,Forward,0,2,2,0,0,2021-2022,regular
1047,Regular Season 2021-2022,2021-12-09,Wildcats,https://ormrhl.com/wp-content/uploads/2021/11/wildcats_logo-128x128.png,#D97B29,Lucas Kleine,lucas-kleine,Forward,0,1,1,0,0,2021-2022,regular
1047,Regular Season 2021-2022,2021-12-09,Wildcats,https://ormrhl.com/wp-content/uploads/2021/11/wildcats_logo-128x128.png,#D97B29,Pat Parent,pat-parent,Defence,0,0,0,0,0,2021-2022,regular
1047,Regular Season 2021-2022,2021-12-09,Wildcats,https://ormrhl.com/wp-content/uploads/2021/11/wildcats_logo-128x128.png,#D97B29,Paul Wolanski,paul-wolanski,Defence,0,4,4,0,0,2021-2022,regular
1047,Regular Season 2021-2022,2021-12-09,Wildcats,https://ormrhl.com/wp-content/uploads/2021/11/wildcats_logo-128x128.png,#D97B29,Rob Kleine,rob-kleine,Forward,1,4,5,1,0,2021-2022,regular
1047,Regular Season 2021-2022,2021-12-09,Wildcats,https://ormrhl.com/wp-content/uploads/2021/11/wildcats_logo-128x128.png,#D97B29,Ryan Smith,ryan-smith-og,Forward,1,1,2,0,0,2021-2022,regular
1048,Regular Season 2021-2022,2021-12-13,Falcons,https://ormrhl.com/wp-content/uploads/2021/11/falcons_icon-128x128.png,#233A6B,Brandon Wellsbury,brandon-wellsbury,Forward,2,0,2,0,0,2021-2022,regular
1048,Regular Season 2021-2022,2021-12-13,Falcons,https://ormrhl.com/wp-content/uploads/2021/11/falcons_icon-128x128.png,#233A6B,Dale Bishop,dale-bishop,Defence,0,0,0,0,0,2021-2022,regular
1048,Regular Season 2021-2022,2021-12-13,Falcons,https://ormrhl.com/wp-content/uploads/2021/11/falcons_icon-128x128.png,#233A6B,Derek Marsham,derek-marsham,Forward,0,1,1,0,0,2021-2022,regular
1048,Regular Season 2021-2022,2021-12-13,Falcons,https://ormrhl.com/wp-content/uploads/2021/11/falcons_icon-128x128.png,#233A6B,Jason Todd,jason-todd,Defence,1,1,2,0,0,2021-2022,regular
1048,Regular Season 2021-2022,2021-12-13,Falcons,https://ormrhl.com/wp-content/uploads/2021/11/falcons_icon-128x128.png,#233A6B,John Corallo,john-corallo,Forward,0,1,1,0,0,2021-2022,regular
1048,Regular Season 2021-2022,2021-12-13,Falcons,https://ormrhl.com/wp-content/uploads/2021/11/falcons_icon-128x128.png,#233A6B,Kari Paivio,kari-paivio,Forward,1,1,2,0,0,2021-2022,regular
1048,Regular Season 2021-2022,2021-12-13,Falcons,https://ormrhl.com/wp-content/uploads/2021/11/falcons_icon-128x128.png,#233A6B,Leo Napolitano,leo-napolitano,Defence,0,0,0,0,0,2021-2022,regular
1048,Regular Season 2021-2022,2021-12-13,Falcons,https://ormrhl.com/wp-content/uploads/2021/11/falcons_icon-128x128.png,#233A6B,Marco Dileo,marco-dileo,Forward,0,2,2,0,0,2021-2022,regular
1048,Regular Season 2021-2022,2021-12-13,Falcons,https://ormrhl.com/wp-content/uploads/2021/11/falcons_icon-128x128.png,#233A6B,Nathan Loach,nathan-loach,Defence,0,1,1,0,0,2021-2022,regular
1048,Regular Season 2021-2022,2021-12-13,Falcons,https://ormrhl.com/wp-content/uploads/2021/11/falcons_icon-128x128.png,#233A6B,Robbie Spencer,robbie-spencer,Forward,0,1,1,0,0,2021-2022,regular
1048,Regular Season 2021-2022,2021-12-13,Falcons,https://ormrhl.com/wp-content/uploads/2021/11/falcons_icon-128x128.png,#233A6B,Rocco Malfara,rocco-malfara,Defence,1,2,3,0,0,2021-2022,regular
1048,Regular Season 2021-2022,2021-12-13,Falcons,https://ormrhl.com/wp-content/uploads/2021/11/falcons_icon-128x128.png,#233A6B,Trystan Lebrun,trystan-lebrun,Goaltender,0,0,0,0,0,2021-2022,regular
1048,Regular Season 2021-2022,2021-12-13,Rhinos,https://ormrhl.com/wp-content/uploads/2021/11/Rhinos_logo-128x128.png,#6B6F76,Adam Klein,adam-klein,Forward,0,0,0,0,0,2021-2022,regular
1048,Regular Season 2021-2022,2021-12-13,Rhinos,https://ormrhl.com/wp-content/uploads/2021/11/Rhinos_logo-128x128.png,#6B6F76,Dan Montanari,dan-montanari,Forward,0,2,2,0,0,2021-2022,regular
1048,Regular Season 2021-2022,2021-12-13,Rhinos,https://ormrhl.com/wp-content/uploads/2021/11/Rhinos_logo-128x128.png,#6B6F76,Daniel De Angelis,daniel-de-angelis,Defence,1,0,1,0,0,2021-2022,regular
1048,Regular Season 2021-2022,2021-12-13,Rhinos,https://ormrhl.com/wp-content/uploads/2021/11/Rhinos_logo-128x128.png,#6B6F76,Jeff Goodman,jeff-goodman,Goaltender,0,0,0,0,0,2021-2022,regular
1048,Regular Season 2021-2022,2021-12-13,Rhinos,https://ormrhl.com/wp-content/uploads/2021/11/Rhinos_logo-128x128.png,#6B6F76,Josh Machesney,josh-machesney,Forward,2,2,4,0,0,2021-2022,regular
1048,Regular Season 2021-2022,2021-12-13,Rhinos,https://ormrhl.com/wp-content/uploads/2021/11/Rhinos_logo-128x128.png,#6B6F76,Lorne Feld,lorne-feld,Forward,0,0,0,0,0,2021-2022,regular
1048,Regular Season 2021-2022,2021-12-13,Rhinos,https://ormrhl.com/wp-content/uploads/2021/11/Rhinos_logo-128x128.png,#6B6F76,Matthew Quintieri,matthew-quintieri,Forward,0,0,0,0,0,2021-2022,regular
1048,Regular Season 2021-2022,2021-12-13,Rhinos,https://ormrhl.com/wp-content/uploads/2021/11/Rhinos_logo-128x128.png,#6B6F76,Mike Clements,mike-clements,Defence,0,0,0,0,0,2021-2022,regular
1048,Regular Season 2021-2022,2021-12-13,Rhinos,https://ormrhl.com/wp-content/uploads/2021/11/Rhinos_logo-128x128.png,#6B6F76,Robin Harrison,robin-harrison,Defence,0,1,1,1,0,2021-2022,regular
1048,Regular Season 2021-2022,2021-12-13,Rhinos,https://ormrhl.com/wp-content/uploads/2021/11/Rhinos_logo-128x128.png,#6B6F76,Tom Coukos,tom-coukos,Forward,2,1,3,0,0,2021-2022,regular
1049,Regular Season 2021-2022,2021-12-13,Cobras,https://ormrhl.com/wp-content/uploads/2021/11/Cobras_Logo-128x128.png,#2B8C5C,Adrian Iudiciani,adrian-iudiciani,Forward,0,2,2,0,0,2021-2022,regular
1049,Regular Season 2021-2022,2021-12-13,Cobras,https://ormrhl.com/wp-content/uploads/2021/11/Cobras_Logo-128x128.png,#2B8C5C,Angelo Capone,angelo-capone,Forward,1,0,1,0,0,2021-2022,regular
1049,Regular Season 2021-2022,2021-12-13,Cobras,https://ormrhl.com/wp-content/uploads/2021/11/Cobras_Logo-128x128.png,#2B8C5C,Brandon De Assuncao,brandon-de-assuncao,Forward,0,0,0,0,0,2021-2022,regular
1049,Regular Season 2021-2022,2021-12-13,Cobras,https://ormrhl.com/wp-content/uploads/2021/11/Cobras_Logo-128x128.png,#2B8C5C,James Mitchell,james-mitchell,Forward,0,3,3,1,0,2021-2022,regular
1049,Regular Season 2021-2022,2021-12-13,Cobras,https://ormrhl.com/wp-content/uploads/2021/11/Cobras_Logo-128x128.png,#2B8C5C,John Ventrella,john-ventrella,Forward,2,0,2,0,0,2021-2022,regular
1049,Regular Season 2021-2022,2021-12-13,Cobras,https://ormrhl.com/wp-content/uploads/2021/11/Cobras_Logo-128x128.png,#2B8C5C,Justin Pappianni,justin-papaianni,Forward,0,0,0,0,0,2021-2022,regular
1049,Regular Season 2021-2022,2021-12-13,Cobras,https://ormrhl.com/wp-content/uploads/2021/11/Cobras_Logo-128x128.png,#2B8C5C,Mark Mitchell,mark-mitchell,Defence,0,2,2,1,0,2021-2022,regular
1049,Regular Season 2021-2022,2021-12-13,Cobras,https://ormrhl.com/wp-content/uploads/2021/11/Cobras_Logo-128x128.png,#2B8C5C,Massimo Venditti,massimo-venditti,Forward,0,0,0,0,0,2021-2022,regular
1049,Regular Season 2021-2022,2021-12-13,Cobras,https://ormrhl.com/wp-content/uploads/2021/11/Cobras_Logo-128x128.png,#2B8C5C,Michael English,michael-english,Defence,2,1,3,0,0,2021-2022,regular
1049,Regular Season 2021-2022,2021-12-13,Cobras,https://ormrhl.com/wp-content/uploads/2021/11/Cobras_Logo-128x128.png,#2B8C5C,Rob Iudiciani,rob-iudiciani,Defence,0,0,0,0,0,2021-2022,regular
1049,Regular Season 2021-2022,2021-12-13,Cobras,https://ormrhl.com/wp-content/uploads/2021/11/Cobras_Logo-128x128.png,#2B8C5C,Steve Souphanthong,steve-souphanthong,Forward,0,1,1,1,0,2021-2022,regular
1049,Regular Season 2021-2022,2021-12-13,Cobras,https://ormrhl.com/wp-content/uploads/2021/11/Cobras_Logo-128x128.png,#2B8C5C,Tyler Doyle,tyler-doyle,Forward,2,1,3,0,0,2021-2022,regular
1049,Regular Season 2021-2022,2021-12-13,Marlins,https://ormrhl.com/wp-content/uploads/2021/11/marlins_logo-128x128.png,#1E8A8A,Chris Maloney,chris-maloney,Forward,0,0,0,0,0,2021-2022,regular
1049,Regular Season 2021-2022,2021-12-13,Marlins,https://ormrhl.com/wp-content/uploads/2021/11/marlins_logo-128x128.png,#1E8A8A,Duncan Stalker,duncan-stalker,Defence,0,1,1,1,0,2021-2022,regular
1049,Regular Season 2021-2022,2021-12-13,Marlins,https://ormrhl.com/wp-content/uploads/2021/11/marlins_logo-128x128.png,#1E8A8A,Harrison Kane,harrison-kane,Defence,0,1,1,0,0,2021-2022,regular
1049,Regular Season 2021-2022,2021-12-13,Marlins,https://ormrhl.com/wp-content/uploads/2021/11/marlins_logo-128x128.png,#1E8A8A,Jackson Morgis,jackson-morgis,Goaltender,0,0,0,0,0,2021-2022,regular
1049,Regular Season 2021-2022,2021-12-13,Marlins,https://ormrhl.com/wp-content/uploads/2021/11/marlins_logo-128x128.png,#1E8A8A,Jeff Connor,jeff-connor,Forward,2,0,2,0,0,2021-2022,regular
1049,Regular Season 2021-2022,2021-12-13,Marlins,https://ormrhl.com/wp-content/uploads/2021/11/marlins_logo-128x128.png,#1E8A8A,Mack Charron,mack-charron,Forward,2,2,4,0,0,2021-2022,regular
1049,Regular Season 2021-2022,2021-12-13,Marlins,https://ormrhl.com/wp-content/uploads/2021/11/marlins_logo-128x128.png,#1E8A8A,Michael Montesanti,michael-montesanti,Forward,0,2,2,0,0,2021-2022,regular
1049,Regular Season 2021-2022,2021-12-13,Marlins,https://ormrhl.com/wp-content/uploads/2021/11/marlins_logo-128x128.png,#1E8A8A,Scott Browne,scott-browne,Forward,1,2,3,0,0,2021-2022,regular
1049,Regular Season 2021-2022,2021-12-13,Marlins,https://ormrhl.com/wp-content/uploads/2021/11/marlins_logo-128x128.png,#1E8A8A,Todd Wheeler,todd-wheeler,Forward,0,0,0,0,0,2021-2022,regular
1049,Regular Season 2021-2022,2021-12-13,Marlins,https://ormrhl.com/wp-content/uploads/2021/11/marlins_logo-128x128.png,#1E8A8A,Tyler Kozak,tyler-kozak,Defence,1,2,3,1,0,2021-2022,regular
1050,Regular Season 2021-2022,2021-12-13,Eagles,https://ormrhl.com/wp-content/uploads/2021/11/Eagles_logo-128x128.png,#A31E2E,Alex Disera,alex-disera,Forward,0,2,2,0,0,2021-2022,regular
1050,Regular Season 2021-2022,2021-12-13,Eagles,https://ormrhl.com/wp-content/uploads/2021/11/Eagles_logo-128x128.png,#A31E2E,Anthony Loduca,anthony-loduca,Forward,2,0,2,0,0,2021-2022,regular
1050,Regular Season 2021-2022,2021-12-13,Eagles,https://ormrhl.com/wp-content/uploads/2021/11/Eagles_logo-128x128.png,#A31E2E,Darren Desrosiers,darren-desrosiers,Forward,4,0,4,0,0,2021-2022,regular
1050,Regular Season 2021-2022,2021-12-13,Eagles,https://ormrhl.com/wp-content/uploads/2021/11/Eagles_logo-128x128.png,#A31E2E,Drew Grasse,drew-grasse,Forward,0,1,1,0,0,2021-2022,regular
1050,Regular Season 2021-2022,2021-12-13,Eagles,https://ormrhl.com/wp-content/uploads/2021/11/Eagles_logo-128x128.png,#A31E2E,Hugh Smylie,hugh-smylie,Defence,0,2,2,0,0,2021-2022,regular
1050,Regular Season 2021-2022,2021-12-13,Eagles,https://ormrhl.com/wp-content/uploads/2021/11/Eagles_logo-128x128.png,#A31E2E,James Counter,james-counter,Forward,0,1,1,0,0,2021-2022,regular
1050,Regular Season 2021-2022,2021-12-13,Eagles,https://ormrhl.com/wp-content/uploads/2021/11/Eagles_logo-128x128.png,#A31E2E,Joey Leger,joey-leger,Forward,0,0,0,0,0,2021-2022,regular
1050,Regular Season 2021-2022,2021-12-13,Eagles,https://ormrhl.com/wp-content/uploads/2021/11/Eagles_logo-128x128.png,#A31E2E,Jordan Bodimeade,jordan-bodimeade,Forward,0,1,1,1,0,2021-2022,regular
1050,Regular Season 2021-2022,2021-12-13,Eagles,https://ormrhl.com/wp-content/uploads/2021/11/Eagles_logo-128x128.png,#A31E2E,Mario Carriero,mario-carriero,Goaltender,0,0,0,0,0,2021-2022,regular
1050,Regular Season 2021-2022,2021-12-13,Eagles,https://ormrhl.com/wp-content/uploads/2021/11/Eagles_logo-128x128.png,#A31E2E,Mario Mazzucco,mario-mazzucco,Forward,1,2,3,0,0,2021-2022,regular
1050,Regular Season 2021-2022,2021-12-13,Eagles,https://ormrhl.com/wp-content/uploads/2021/11/Eagles_logo-128x128.png,#A31E2E,Robert Doswell,robert-doswell,Defence,0,2,2,0,0,2021-2022,regular
1050,Regular Season 2021-2022,2021-12-13,Eagles,https://ormrhl.com/wp-content/uploads/2021/11/Eagles_logo-128x128.png,#A31E2E,Scott Sutton,scott-sutton,Defence,1,0,1,0,0,2021-2022,regular
1050,Regular Season 2021-2022,2021-12-13,Wildcats,https://ormrhl.com/wp-content/uploads/2021/11/wildcats_logo-128x128.png,#D97B29,Anthony Ventrella,anthony-ventrella,Forward,1,0,1,0,0,2021-2022,regular
1050,Regular Season 2021-2022,2021-12-13,Wildcats,https://ormrhl.com/wp-content/uploads/2021/11/wildcats_logo-128x128.png,#D97B29,Brian Hatton,brian-hatton,Goaltender,0,0,0,0,0,2021-2022,regular
1050,Regular Season 2021-2022,2021-12-13,Wildcats,https://ormrhl.com/wp-content/uploads/2021/11/wildcats_logo-128x128.png,#D97B29,Colby Clarke,colby-clarke,Forward,0,0,0,0,0,2021-2022,regular
1050,Regular Season 2021-2022,2021-12-13,Wildcats,https://ormrhl.com/wp-content/uploads/2021/11/wildcats_logo-128x128.png,#D97B29,Dan Richards,dan-richards,Forward,0,0,0,0,0,2021-2022,regular
1050,Regular Season 2021-2022,2021-12-13,Wildcats,https://ormrhl.com/wp-content/uploads/2021/11/wildcats_logo-128x128.png,#D97B29,Gianluca Santocono,gianluca-santocono,Defence,0,0,0,0,0,2021-2022,regular
1050,Regular Season 2021-2022,2021-12-13,Wildcats,https://ormrhl.com/wp-content/uploads/2021/11/wildcats_logo-128x128.png,#D97B29,Greg Sipprell,greg-sipprell2,Forward,0,0,0,0,0,2021-2022,regular
1050,Regular Season 2021-2022,2021-12-13,Wildcats,https://ormrhl.com/wp-content/uploads/2021/11/wildcats_logo-128x128.png,#D97B29,Jaro Verchkovski,jaro-verchkovski,Forward,0,0,0,0,0,2021-2022,regular
1050,Regular Season 2021-2022,2021-12-13,Wildcats,https://ormrhl.com/wp-content/uploads/2021/11/wildcats_logo-128x128.png,#D97B29,Lucas Kleine,lucas-kleine,Forward,0,0,0,0,0,2021-2022,regular
1050,Regular Season 2021-2022,2021-12-13,Wildcats,https://ormrhl.com/wp-content/uploads/2021/11/wildcats_logo-128x128.png,#D97B29,Pat Parent,pat-parent,Defence,0,1,1,0,0,2021-2022,regular
1050,Regular Season 2021-2022,2021-12-13,Wildcats,https://ormrhl.com/wp-content/uploads/2021/11/wildcats_logo-128x128.png,#D97B29,Paul Wolanski,paul-wolanski,Defence,1,0,1,0,0,2021-2022,regular
1050,Regular Season 2021-2022,2021-12-13,Wildcats,https://ormrhl.com/wp-content/uploads/2021/11/wildcats_logo-128x128.png,#D97B29,Rob Kleine,rob-kleine,Forward,0,0,0,0,0,2021-2022,regular
1050,Regular Season 2021-2022,2021-12-13,Wildcats,https://ormrhl.com/wp-content/uploads/2021/11/wildcats_logo-128x128.png,#D97B29,Ryan Smith,ryan-smith-og,Forward,0,1,1,0,0,2021-2022,regular
1050,Regular Season 2021-2022,2021-12-13,Wildcats,https://ormrhl.com/wp-content/uploads/2021/11/wildcats_logo-128x128.png,#D97B29,Victor Verchkovski,victor-verchkovski,Forward,0,0,0,0,0,2021-2022,regular
1084,Regular Season 2021-2022,2022-01-31,Falcons,https://ormrhl.com/wp-content/uploads/2021/11/falcons_icon-128x128.png,#233A6B,Brandon Wellsbury,brandon-wellsbury,Forward,1,1,2,0,0,2021-2022,regular
1084,Regular Season 2021-2022,2022-01-31,Falcons,https://ormrhl.com/wp-content/uploads/2021/11/falcons_icon-128x128.png,#233A6B,Dale Bishop,dale-bishop,Defence,0,1,1,0,0,2021-2022,regular
1084,Regular Season 2021-2022,2022-01-31,Falcons,https://ormrhl.com/wp-content/uploads/2021/11/falcons_icon-128x128.png,#233A6B,Jason Todd,jason-todd,Defence,0,0,0,0,0,2021-2022,regular
1084,Regular Season 2021-2022,2022-01-31,Falcons,https://ormrhl.com/wp-content/uploads/2021/11/falcons_icon-128x128.png,#233A6B,John Corallo,john-corallo,Forward,0,2,2,0,0,2021-2022,regular
1084,Regular Season 2021-2022,2022-01-31,Falcons,https://ormrhl.com/wp-content/uploads/2021/11/falcons_icon-128x128.png,#233A6B,Kari Paivio,kari-paivio,Forward,0,0,0,0,0,2021-2022,regular
1084,Regular Season 2021-2022,2022-01-31,Falcons,https://ormrhl.com/wp-content/uploads/2021/11/falcons_icon-128x128.png,#233A6B,Leo Napolitano,leo-napolitano,Defence,1,0,1,0,0,2021-2022,regular
1084,Regular Season 2021-2022,2022-01-31,Falcons,https://ormrhl.com/wp-content/uploads/2021/11/falcons_icon-128x128.png,#233A6B,Marco Dileo,marco-dileo,Forward,0,1,1,0,0,2021-2022,regular
1084,Regular Season 2021-2022,2022-01-31,Falcons,https://ormrhl.com/wp-content/uploads/2021/11/falcons_icon-128x128.png,#233A6B,Nathan Loach,nathan-loach,Defence,1,0,1,1,0,2021-2022,regular
1084,Regular Season 2021-2022,2022-01-31,Falcons,https://ormrhl.com/wp-content/uploads/2021/11/falcons_icon-128x128.png,#233A6B,Robbie Spencer,robbie-spencer,Forward,3,0,3,0,0,2021-2022,regular
1084,Regular Season 2021-2022,2022-01-31,Falcons,https://ormrhl.com/wp-content/uploads/2021/11/falcons_icon-128x128.png,#233A6B,Rocco Malfara,rocco-malfara,Defence,0,0,0,0,0,2021-2022,regular
1084,Regular Season 2021-2022,2022-01-31,Falcons,https://ormrhl.com/wp-content/uploads/2021/11/falcons_icon-128x128.png,#233A6B,Ryan Doggart,ryan-doggart,Forward,0,3,3,0,0,2021-2022,regular
1084,Regular Season 2021-2022,2022-01-31,Wildcats,https://ormrhl.com/wp-content/uploads/2021/11/wildcats_logo-128x128.png,#D97B29,Anthony Ventrella,anthony-ventrella,Forward,2,0,2,0,0,2021-2022,regular
1084,Regular Season 2021-2022,2022-01-31,Wildcats,https://ormrhl.com/wp-content/uploads/2021/11/wildcats_logo-128x128.png,#D97B29,Brian Hatton,brian-hatton,Goaltender,0,0,0,0,0,2021-2022,regular
1084,Regular Season 2021-2022,2022-01-31,Wildcats,https://ormrhl.com/wp-content/uploads/2021/11/wildcats_logo-128x128.png,#D97B29,Colby Clarke,colby-clarke,Forward,3,3,6,0,0,2021-2022,regular
1084,Regular Season 2021-2022,2022-01-31,Wildcats,https://ormrhl.com/wp-content/uploads/2021/11/wildcats_logo-128x128.png,#D97B29,Dan Richards,dan-richards,Forward,2,2,4,0,0,2021-2022,regular
1084,Regular Season 2021-2022,2022-01-31,Wildcats,https://ormrhl.com/wp-content/uploads/2021/11/wildcats_logo-128x128.png,#D97B29,Gianluca Santocono,gianluca-santocono,Defence,0,0,0,0,0,2021-2022,regular
1084,Regular Season 2021-2022,2022-01-31,Wildcats,https://ormrhl.com/wp-content/uploads/2021/11/wildcats_logo-128x128.png,#D97B29,Greg Sipprell,greg-sipprell2,Forward,0,1,1,0,0,2021-2022,regular
1084,Regular Season 2021-2022,2022-01-31,Wildcats,https://ormrhl.com/wp-content/uploads/2021/11/wildcats_logo-128x128.png,#D97B29,Lucas Kleine,lucas-kleine,Forward,0,1,1,0,0,2021-2022,regular
1084,Regular Season 2021-2022,2022-01-31,Wildcats,https://ormrhl.com/wp-content/uploads/2021/11/wildcats_logo-128x128.png,#D97B29,Pat Parent,pat-parent,Defence,0,0,0,0,0,2021-2022,regular
1084,Regular Season 2021-2022,2022-01-31,Wildcats,https://ormrhl.com/wp-content/uploads/2021/11/wildcats_logo-128x128.png,#D97B29,Paul Wolanski,paul-wolanski,Defence,1,3,4,0,0,2021-2022,regular
1084,Regular Season 2021-2022,2022-01-31,Wildcats,https://ormrhl.com/wp-content/uploads/2021/11/wildcats_logo-128x128.png,#D97B29,Rob Kleine,rob-kleine,Forward,0,2,2,0,0,2021-2022,regular
1084,Regular Season 2021-2022,2022-01-31,Wildcats,https://ormrhl.com/wp-content/uploads/2021/11/wildcats_logo-128x128.png,#D97B29,Ryan Smith,ryan-smith-og,Forward,0,0,0,0,0,2021-2022,regular
1084,Regular Season 2021-2022,2022-01-31,Wildcats,https://ormrhl.com/wp-content/uploads/2021/11/wildcats_logo-128x128.png,#D97B29,Serge Lossev,serge-lossev,Forward,0,1,1,0,0,2021-2022,regular
1084,Regular Season 2021-2022,2022-01-31,Wildcats,https://ormrhl.com/wp-content/uploads/2021/11/wildcats_logo-128x128.png,#D97B29,Victor Verchkovski,victor-verchkovski,Forward,0,1,1,0,0,2021-2022,regular
1085,Regular Season 2021-2022,2022-01-31,Marlins,https://ormrhl.com/wp-content/uploads/2021/11/marlins_logo-128x128.png,#1E8A8A,Chris Maloney,chris-maloney,Forward,1,0,1,0,0,2021-2022,regular
1085,Regular Season 2021-2022,2022-01-31,Marlins,https://ormrhl.com/wp-content/uploads/2021/11/marlins_logo-128x128.png,#1E8A8A,Doug Grant,doug-grant,Forward,0,1,1,0,0,2021-2022,regular
1085,Regular Season 2021-2022,2022-01-31,Marlins,https://ormrhl.com/wp-content/uploads/2021/11/marlins_logo-128x128.png,#1E8A8A,Duncan Stalker,duncan-stalker,Defence,0,0,0,0,0,2021-2022,regular
1085,Regular Season 2021-2022,2022-01-31,Marlins,https://ormrhl.com/wp-content/uploads/2021/11/marlins_logo-128x128.png,#1E8A8A,Harrison Kane,harrison-kane,Defence,1,0,1,0,0,2021-2022,regular
1085,Regular Season 2021-2022,2022-01-31,Marlins,https://ormrhl.com/wp-content/uploads/2021/11/marlins_logo-128x128.png,#1E8A8A,Jackson Morgis,jackson-morgis,Goaltender,0,0,0,0,0,2021-2022,regular
1085,Regular Season 2021-2022,2022-01-31,Marlins,https://ormrhl.com/wp-content/uploads/2021/11/marlins_logo-128x128.png,#1E8A8A,Jeff Connor,jeff-connor,Forward,1,2,3,0,0,2021-2022,regular
1085,Regular Season 2021-2022,2022-01-31,Marlins,https://ormrhl.com/wp-content/uploads/2021/11/marlins_logo-128x128.png,#1E8A8A,Mack Charron,mack-charron,Forward,1,4,5,0,0,2021-2022,regular
1085,Regular Season 2021-2022,2022-01-31,Marlins,https://ormrhl.com/wp-content/uploads/2021/11/marlins_logo-128x128.png,#1E8A8A,Michael Montesanti,michael-montesanti,Forward,0,2,2,0,0,2021-2022,regular
1085,Regular Season 2021-2022,2022-01-31,Marlins,https://ormrhl.com/wp-content/uploads/2021/11/marlins_logo-128x128.png,#1E8A8A,Scott Browne,scott-browne,Forward,2,2,4,1,0,2021-2022,regular
1085,Regular Season 2021-2022,2022-01-31,Marlins,https://ormrhl.com/wp-content/uploads/2021/11/marlins_logo-128x128.png,#1E8A8A,Thomas Grant,thomas-grant,Defence,2,0,2,0,0,2021-2022,regular
1085,Regular Season 2021-2022,2022-01-31,Marlins,https://ormrhl.com/wp-content/uploads/2021/11/marlins_logo-128x128.png,#1E8A8A,Todd Wheeler,todd-wheeler,Forward,0,0,0,0,0,2021-2022,regular
1085,Regular Season 2021-2022,2022-01-31,Marlins,https://ormrhl.com/wp-content/uploads/2021/11/marlins_logo-128x128.png,#1E8A8A,Tyler Kozak,tyler-kozak,Defence,1,1,2,1,0,2021-2022,regular
1085,Regular Season 2021-2022,2022-01-31,Rhinos,https://ormrhl.com/wp-content/uploads/2021/11/Rhinos_logo-128x128.png,#6B6F76,Adam Klein,adam-klein,Forward,1,0,1,0,0,2021-2022,regular
1085,Regular Season 2021-2022,2022-01-31,Rhinos,https://ormrhl.com/wp-content/uploads/2021/11/Rhinos_logo-128x128.png,#6B6F76,Dan Montanari,dan-montanari,Forward,0,2,2,0,0,2021-2022,regular
1085,Regular Season 2021-2022,2022-01-31,Rhinos,https://ormrhl.com/wp-content/uploads/2021/11/Rhinos_logo-128x128.png,#6B6F76,Daniel De Angelis,daniel-de-angelis,Defence,0,1,1,2,0,2021-2022,regular
1085,Regular Season 2021-2022,2022-01-31,Rhinos,https://ormrhl.com/wp-content/uploads/2021/11/Rhinos_logo-128x128.png,#6B6F76,Jeff Goodman,jeff-goodman,Goaltender,0,0,0,0,0,2021-2022,regular
1085,Regular Season 2021-2022,2022-01-31,Rhinos,https://ormrhl.com/wp-content/uploads/2021/11/Rhinos_logo-128x128.png,#6B6F76,Josh Machesney,josh-machesney,Forward,2,0,2,0,0,2021-2022,regular
1085,Regular Season 2021-2022,2022-01-31,Rhinos,https://ormrhl.com/wp-content/uploads/2021/11/Rhinos_logo-128x128.png,#6B6F76,Lorne Feld,lorne-feld,Forward,0,0,0,0,0,2021-2022,regular
1085,Regular Season 2021-2022,2022-01-31,Rhinos,https://ormrhl.com/wp-content/uploads/2021/11/Rhinos_logo-128x128.png,#6B6F76,Matthew Quintieri,matthew-quintieri,Forward,0,2,2,0,0,2021-2022,regular
1085,Regular Season 2021-2022,2022-01-31,Rhinos,https://ormrhl.com/wp-content/uploads/2021/11/Rhinos_logo-128x128.png,#6B6F76,Mike Clements,mike-clements,Defence,0,1,1,0,0,2021-2022,regular
1085,Regular Season 2021-2022,2022-01-31,Rhinos,https://ormrhl.com/wp-content/uploads/2021/11/Rhinos_logo-128x128.png,#6B6F76,Neil DeCantis,neil-decantis,Forward,1,0,1,0,0,2021-2022,regular
1085,Regular Season 2021-2022,2022-01-31,Rhinos,https://ormrhl.com/wp-content/uploads/2021/11/Rhinos_logo-128x128.png,#6B6F76,Tom Coukos,tom-coukos,Forward,2,2,4,0,0,2021-2022,regular
1086,Regular Season 2021-2022,2022-01-31,Cobras,https://ormrhl.com/wp-content/uploads/2021/11/Cobras_Logo-128x128.png,#2B8C5C,Adrian Iudiciani,adrian-iudiciani,Forward,2,0,2,1,0,2021-2022,regular
1086,Regular Season 2021-2022,2022-01-31,Cobras,https://ormrhl.com/wp-content/uploads/2021/11/Cobras_Logo-128x128.png,#2B8C5C,Brandon De Assuncao,brandon-de-assuncao,Forward,0,1,1,0,0,2021-2022,regular
1086,Regular Season 2021-2022,2022-01-31,Cobras,https://ormrhl.com/wp-content/uploads/2021/11/Cobras_Logo-128x128.png,#2B8C5C,James Mitchell,james-mitchell,Forward,0,1,1,0,0,2021-2022,regular
1086,Regular Season 2021-2022,2022-01-31,Cobras,https://ormrhl.com/wp-content/uploads/2021/11/Cobras_Logo-128x128.png,#2B8C5C,Justin Pappianni,justin-papaianni,Forward,1,0,1,0,0,2021-2022,regular
1086,Regular Season 2021-2022,2022-01-31,Cobras,https://ormrhl.com/wp-content/uploads/2021/11/Cobras_Logo-128x128.png,#2B8C5C,Kevin Hinton,kevin-hinton,Forward,0,1,1,0,0,2021-2022,regular
1086,Regular Season 2021-2022,2022-01-31,Cobras,https://ormrhl.com/wp-content/uploads/2021/11/Cobras_Logo-128x128.png,#2B8C5C,Mark Mitchell,mark-mitchell,Defence,1,1,2,0,0,2021-2022,regular
1086,Regular Season 2021-2022,2022-01-31,Cobras,https://ormrhl.com/wp-content/uploads/2021/11/Cobras_Logo-128x128.png,#2B8C5C,Massimo Venditti,massimo-venditti,Forward,0,0,0,0,0,2021-2022,regular
1086,Regular Season 2021-2022,2022-01-31,Cobras,https://ormrhl.com/wp-content/uploads/2021/11/Cobras_Logo-128x128.png,#2B8C5C,Michael English,michael-english,Defence,0,1,1,0,0,2021-2022,regular
1086,Regular Season 2021-2022,2022-01-31,Cobras,https://ormrhl.com/wp-content/uploads/2021/11/Cobras_Logo-128x128.png,#2B8C5C,PJ Harrison,pj-harrison,Goaltender,0,0,0,0,0,2021-2022,regular
1086,Regular Season 2021-2022,2022-01-31,Cobras,https://ormrhl.com/wp-content/uploads/2021/11/Cobras_Logo-128x128.png,#2B8C5C,Rob Iudiciani,rob-iudiciani,Defence,0,3,3,1,0,2021-2022,regular
1086,Regular Season 2021-2022,2022-01-31,Cobras,https://ormrhl.com/wp-content/uploads/2021/11/Cobras_Logo-128x128.png,#2B8C5C,Steve Souphanthong,steve-souphanthong,Forward,1,1,2,0,0,2021-2022,regular
1086,Regular Season 2021-2022,2022-01-31,Cobras,https://ormrhl.com/wp-content/uploads/2021/11/Cobras_Logo-128x128.png,#2B8C5C,Tyler Doyle,tyler-doyle,Forward,1,0,1,0,0,2021-2022,regular
1086,Regular Season 2021-2022,2022-01-31,Eagles,https://ormrhl.com/wp-content/uploads/2021/11/Eagles_logo-128x128.png,#A31E2E,Alex Disera,alex-disera,Forward,0,0,0,0,0,2021-2022,regular
1086,Regular Season 2021-2022,2022-01-31,Eagles,https://ormrhl.com/wp-content/uploads/2021/11/Eagles_logo-128x128.png,#A31E2E,Anthony Loduca,anthony-loduca,Forward,2,0,2,0,0,2021-2022,regular
1086,Regular Season 2021-2022,2022-01-31,Eagles,https://ormrhl.com/wp-content/uploads/2021/11/Eagles_logo-128x128.png,#A31E2E,Darren Desrosiers,darren-desrosiers,Forward,2,1,3,0,0,2021-2022,regular
1086,Regular Season 2021-2022,2022-01-31,Eagles,https://ormrhl.com/wp-content/uploads/2021/11/Eagles_logo-128x128.png,#A31E2E,Hugh Smylie,hugh-smylie,Defence,0,0,0,0,0,2021-2022,regular
1086,Regular Season 2021-2022,2022-01-31,Eagles,https://ormrhl.com/wp-content/uploads/2021/11/Eagles_logo-128x128.png,#A31E2E,James Counter,james-counter,Forward,0,0,0,0,0,2021-2022,regular
1086,Regular Season 2021-2022,2022-01-31,Eagles,https://ormrhl.com/wp-content/uploads/2021/11/Eagles_logo-128x128.png,#A31E2E,Jeff Mitchell,jeff-mitchell,Defence,0,0,0,0,0,2021-2022,regular
1086,Regular Season 2021-2022,2022-01-31,Eagles,https://ormrhl.com/wp-content/uploads/2021/11/Eagles_logo-128x128.png,#A31E2E,Joey Leger,joey-leger,Forward,0,1,1,0,0,2021-2022,regular
1086,Regular Season 2021-2022,2022-01-31,Eagles,https://ormrhl.com/wp-content/uploads/2021/11/Eagles_logo-128x128.png,#A31E2E,Jordan Bodimeade,jordan-bodimeade,Forward,0,3,3,0,0,2021-2022,regular
1086,Regular Season 2021-2022,2022-01-31,Eagles,https://ormrhl.com/wp-content/uploads/2021/11/Eagles_logo-128x128.png,#A31E2E,Lucas Ackerman,lucas-ackerman,Forward,1,0,1,0,0,2021-2022,regular
1086,Regular Season 2021-2022,2022-01-31,Eagles,https://ormrhl.com/wp-content/uploads/2021/11/Eagles_logo-128x128.png,#A31E2E,Mario Carriero,mario-carriero,Goaltender,0,0,0,0,0,2021-2022,regular
1086,Regular Season 2021-2022,2022-01-31,Eagles,https://ormrhl.com/wp-content/uploads/2021/11/Eagles_logo-128x128.png,#A31E2E,Mario Mazzucco,mario-mazzucco,Forward,1,1,2,1,0,2021-2022,regular
1086,Regular Season 2021-2022,2022-01-31,Eagles,https://ormrhl.com/wp-content/uploads/2021/11/Eagles_logo-128x128.png,#A31E2E,Robert Doswell,robert-doswell,Defence,0,1,1,0,0,2021-2022,regular
1086,Regular Season 2021-2022,2022-01-31,Eagles,https://ormrhl.com/wp-content/uploads/2021/11/Eagles_logo-128x128.png,#A31E2E,Scott Sutton,scott-sutton,Defence,0,1,1,0,0,2021-2022,regular
1087,Regular Season 2021-2022,2022-02-03,Cobras,https://ormrhl.com/wp-content/uploads/2021/11/Cobras_Logo-128x128.png,#2B8C5C,Adrian Iudiciani,adrian-iudiciani,Forward,0,0,0,1,0,2021-2022,regular
1087,Regular Season 2021-2022,2022-02-03,Cobras,https://ormrhl.com/wp-content/uploads/2021/11/Cobras_Logo-128x128.png,#2B8C5C,Angelo Capone,angelo-capone,Forward,1,0,1,0,0,2021-2022,regular
1087,Regular Season 2021-2022,2022-02-03,Cobras,https://ormrhl.com/wp-content/uploads/2021/11/Cobras_Logo-128x128.png,#2B8C5C,Brandon De Assuncao,brandon-de-assuncao,Forward,0,0,0,0,0,2021-2022,regular
1087,Regular Season 2021-2022,2022-02-03,Cobras,https://ormrhl.com/wp-content/uploads/2021/11/Cobras_Logo-128x128.png,#2B8C5C,James Mitchell,james-mitchell,Forward,1,0,1,0,0,2021-2022,regular
1087,Regular Season 2021-2022,2022-02-03,Cobras,https://ormrhl.com/wp-content/uploads/2021/11/Cobras_Logo-128x128.png,#2B8C5C,John Ventrella,john-ventrella,Forward,0,0,0,0,0,2021-2022,regular
1087,Regular Season 2021-2022,2022-02-03,Cobras,https://ormrhl.com/wp-content/uploads/2021/11/Cobras_Logo-128x128.png,#2B8C5C,Justin Pappianni,justin-papaianni,Forward,1,1,2,0,0,2021-2022,regular
1087,Regular Season 2021-2022,2022-02-03,Cobras,https://ormrhl.com/wp-content/uploads/2021/11/Cobras_Logo-128x128.png,#2B8C5C,Kevin Hinton,kevin-hinton,Forward,0,0,0,0,0,2021-2022,regular
1087,Regular Season 2021-2022,2022-02-03,Cobras,https://ormrhl.com/wp-content/uploads/2021/11/Cobras_Logo-128x128.png,#2B8C5C,Mark Mitchell,mark-mitchell,Defence,0,2,2,0,0,2021-2022,regular
1087,Regular Season 2021-2022,2022-02-03,Cobras,https://ormrhl.com/wp-content/uploads/2021/11/Cobras_Logo-128x128.png,#2B8C5C,Massimo Venditti,massimo-venditti,Forward,0,1,1,0,0,2021-2022,regular
1087,Regular Season 2021-2022,2022-02-03,Cobras,https://ormrhl.com/wp-content/uploads/2021/11/Cobras_Logo-128x128.png,#2B8C5C,Michael English,michael-english,Defence,0,1,1,0,0,2021-2022,regular
1087,Regular Season 2021-2022,2022-02-03,Cobras,https://ormrhl.com/wp-content/uploads/2021/11/Cobras_Logo-128x128.png,#2B8C5C,Rob Iudiciani,rob-iudiciani,Defence,0,0,0,0,0,2021-2022,regular
1087,Regular Season 2021-2022,2022-02-03,Cobras,https://ormrhl.com/wp-content/uploads/2021/11/Cobras_Logo-128x128.png,#2B8C5C,Steve Souphanthong,steve-souphanthong,Forward,0,0,0,0,0,2021-2022,regular
1087,Regular Season 2021-2022,2022-02-03,Wildcats,https://ormrhl.com/wp-content/uploads/2021/11/wildcats_logo-128x128.png,#D97B29,Anthony Ventrella,anthony-ventrella,Forward,1,1,2,0,0,2021-2022,regular
1087,Regular Season 2021-2022,2022-02-03,Wildcats,https://ormrhl.com/wp-content/uploads/2021/11/wildcats_logo-128x128.png,#D97B29,Brian Hatton,brian-hatton,Goaltender,0,0,0,0,0,2021-2022,regular
1087,Regular Season 2021-2022,2022-02-03,Wildcats,https://ormrhl.com/wp-content/uploads/2021/11/wildcats_logo-128x128.png,#D97B29,Colby Clarke,colby-clarke,Forward,1,0,1,0,0,2021-2022,regular
1087,Regular Season 2021-2022,2022-02-03,Wildcats,https://ormrhl.com/wp-content/uploads/2021/11/wildcats_logo-128x128.png,#D97B29,Dan Richards,dan-richards,Forward,0,3,3,0,0,2021-2022,regular
1087,Regular Season 2021-2022,2022-02-03,Wildcats,https://ormrhl.com/wp-content/uploads/2021/11/wildcats_logo-128x128.png,#D97B29,Gianluca Santocono,gianluca-santocono,Defence,0,1,1,0,0,2021-2022,regular
1087,Regular Season 2021-2022,2022-02-03,Wildcats,https://ormrhl.com/wp-content/uploads/2021/11/wildcats_logo-128x128.png,#D97B29,Greg Sipprell,greg-sipprell2,Forward,0,0,0,0,0,2021-2022,regular
1087,Regular Season 2021-2022,2022-02-03,Wildcats,https://ormrhl.com/wp-content/uploads/2021/11/wildcats_logo-128x128.png,#D97B29,Lucas Kleine,lucas-kleine,Forward,0,2,2,0,0,2021-2022,regular
1087,Regular Season 2021-2022,2022-02-03,Wildcats,https://ormrhl.com/wp-content/uploads/2021/11/wildcats_logo-128x128.png,#D97B29,Paul Wolanski,paul-wolanski,Defence,0,0,0,0,0,2021-2022,regular
1087,Regular Season 2021-2022,2022-02-03,Wildcats,https://ormrhl.com/wp-content/uploads/2021/11/wildcats_logo-128x128.png,#D97B29,Rob Kleine,rob-kleine,Forward,1,1,2,0,0,2021-2022,regular
1087,Regular Season 2021-2022,2022-02-03,Wildcats,https://ormrhl.com/wp-content/uploads/2021/11/wildcats_logo-128x128.png,#D97B29,Ryan Smith,ryan-smith-og,Forward,3,1,4,0,0,2021-2022,regular
1087,Regular Season 2021-2022,2022-02-03,Wildcats,https://ormrhl.com/wp-content/uploads/2021/11/wildcats_logo-128x128.png,#D97B29,Victor Verchkovski,victor-verchkovski,Forward,1,4,5,0,0,2021-2022,regular
1088,Regular Season 2021-2022,2022-02-03,Eagles,https://ormrhl.com/wp-content/uploads/2021/11/Eagles_logo-128x128.png,#A31E2E,Anthony Loduca,anthony-loduca,Forward,2,4,6,0,0,2021-2022,regular
1088,Regular Season 2021-2022,2022-02-03,Eagles,https://ormrhl.com/wp-content/uploads/2021/11/Eagles_logo-128x128.png,#A31E2E,Darren Desrosiers,darren-desrosiers,Forward,2,3,5,0,0,2021-2022,regular
1088,Regular Season 2021-2022,2022-02-03,Eagles,https://ormrhl.com/wp-content/uploads/2021/11/Eagles_logo-128x128.png,#A31E2E,Hugh Smylie,hugh-smylie,Defence,0,1,1,0,0,2021-2022,regular
1088,Regular Season 2021-2022,2022-02-03,Eagles,https://ormrhl.com/wp-content/uploads/2021/11/Eagles_logo-128x128.png,#A31E2E,James Counter,james-counter,Forward,0,2,2,0,0,2021-2022,regular
1088,Regular Season 2021-2022,2022-02-03,Eagles,https://ormrhl.com/wp-content/uploads/2021/11/Eagles_logo-128x128.png,#A31E2E,Joey Leger,joey-leger,Forward,0,1,1,0,0,2021-2022,regular
1088,Regular Season 2021-2022,2022-02-03,Eagles,https://ormrhl.com/wp-content/uploads/2021/11/Eagles_logo-128x128.png,#A31E2E,Jordan Bodimeade,jordan-bodimeade,Forward,4,2,6,1,0,2021-2022,regular
1088,Regular Season 2021-2022,2022-02-03,Eagles,https://ormrhl.com/wp-content/uploads/2021/11/Eagles_logo-128x128.png,#A31E2E,Lucas Ackerman,lucas-ackerman,Forward,1,0,1,0,0,2021-2022,regular
1088,Regular Season 2021-2022,2022-02-03,Eagles,https://ormrhl.com/wp-content/uploads/2021/11/Eagles_logo-128x128.png,#A31E2E,Mario Carriero,mario-carriero,Goaltender,0,0,0,0,0,2021-2022,regular
1088,Regular Season 2021-2022,2022-02-03,Eagles,https://ormrhl.com/wp-content/uploads/2021/11/Eagles_logo-128x128.png,#A31E2E,Mario Mazzucco,mario-mazzucco,Forward,3,1,4,0,0,2021-2022,regular
1088,Regular Season 2021-2022,2022-02-03,Eagles,https://ormrhl.com/wp-content/uploads/2021/11/Eagles_logo-128x128.png,#A31E2E,Robert Doswell,robert-doswell,Defence,0,0,0,0,0,2021-2022,regular
1088,Regular Season 2021-2022,2022-02-03,Eagles,https://ormrhl.com/wp-content/uploads/2021/11/Eagles_logo-128x128.png,#A31E2E,Scott Sutton,scott-sutton,Defence,0,2,2,0,0,2021-2022,regular
1088,Regular Season 2021-2022,2022-02-03,Rhinos,https://ormrhl.com/wp-content/uploads/2021/11/Rhinos_logo-128x128.png,#6B6F76,Adam Klein,adam-klein,Forward,0,0,0,0,0,2021-2022,regular
1088,Regular Season 2021-2022,2022-02-03,Rhinos,https://ormrhl.com/wp-content/uploads/2021/11/Rhinos_logo-128x128.png,#6B6F76,Dan Montanari,dan-montanari,Forward,0,0,0,0,0,2021-2022,regular
1088,Regular Season 2021-2022,2022-02-03,Rhinos,https://ormrhl.com/wp-content/uploads/2021/11/Rhinos_logo-128x128.png,#6B6F76,Daniel De Angelis,daniel-de-angelis,Defence,0,0,0,0,0,2021-2022,regular
1088,Regular Season 2021-2022,2022-02-03,Rhinos,https://ormrhl.com/wp-content/uploads/2021/11/Rhinos_logo-128x128.png,#6B6F76,Jeff Goodman,jeff-goodman,Goaltender,0,0,0,0,0,2021-2022,regular
1088,Regular Season 2021-2022,2022-02-03,Rhinos,https://ormrhl.com/wp-content/uploads/2021/11/Rhinos_logo-128x128.png,#6B6F76,Josh Machesney,josh-machesney,Forward,0,0,0,0,0,2021-2022,regular
1088,Regular Season 2021-2022,2022-02-03,Rhinos,https://ormrhl.com/wp-content/uploads/2021/11/Rhinos_logo-128x128.png,#6B6F76,Lorne Feld,lorne-feld,Forward,0,1,1,0,0,2021-2022,regular
1088,Regular Season 2021-2022,2022-02-03,Rhinos,https://ormrhl.com/wp-content/uploads/2021/11/Rhinos_logo-128x128.png,#6B6F76,Matthew Quintieri,matthew-quintieri,Forward,0,0,0,0,0,2021-2022,regular
1088,Regular Season 2021-2022,2022-02-03,Rhinos,https://ormrhl.com/wp-content/uploads/2021/11/Rhinos_logo-128x128.png,#6B6F76,Mike Clements,mike-clements,Defence,0,0,0,0,0,2021-2022,regular
1088,Regular Season 2021-2022,2022-02-03,Rhinos,https://ormrhl.com/wp-content/uploads/2021/11/Rhinos_logo-128x128.png,#6B6F76,Neil DeCantis,neil-decantis,Forward,1,0,1,0,0,2021-2022,regular
1088,Regular Season 2021-2022,2022-02-03,Rhinos,https://ormrhl.com/wp-content/uploads/2021/11/Rhinos_logo-128x128.png,#6B6F76,Robin Harrison,robin-harrison,Defence,0,0,0,0,0,2021-2022,regular
1089,Regular Season 2021-2022,2022-02-03,Falcons,https://ormrhl.com/wp-content/uploads/2021/11/falcons_icon-128x128.png,#233A6B,Dale Bishop,dale-bishop,Defence,0,0,0,0,0,2021-2022,regular
1089,Regular Season 2021-2022,2022-02-03,Falcons,https://ormrhl.com/wp-content/uploads/2021/11/falcons_icon-128x128.png,#233A6B,Derek Marsham,derek-marsham,Forward,0,0,0,0,0,2021-2022,regular
1089,Regular Season 2021-2022,2022-02-03,Falcons,https://ormrhl.com/wp-content/uploads/2021/11/falcons_icon-128x128.png,#233A6B,Jason Todd,jason-todd,Defence,0,2,2,0,0,2021-2022,regular
1089,Regular Season 2021-2022,2022-02-03,Falcons,https://ormrhl.com/wp-content/uploads/2021/11/falcons_icon-128x128.png,#233A6B,Kari Paivio,kari-paivio,Forward,1,1,2,1,0,2021-2022,regular
1089,Regular Season 2021-2022,2022-02-03,Falcons,https://ormrhl.com/wp-content/uploads/2021/11/falcons_icon-128x128.png,#233A6B,Leo Napolitano,leo-napolitano,Defence,0,0,0,0,0,2021-2022,regular
1089,Regular Season 2021-2022,2022-02-03,Falcons,https://ormrhl.com/wp-content/uploads/2021/11/falcons_icon-128x128.png,#233A6B,Nathan Loach,nathan-loach,Defence,2,2,4,0,0,2021-2022,regular
1089,Regular Season 2021-2022,2022-02-03,Falcons,https://ormrhl.com/wp-content/uploads/2021/11/falcons_icon-128x128.png,#233A6B,Robbie Spencer,robbie-spencer,Forward,3,0,3,0,0,2021-2022,regular
1089,Regular Season 2021-2022,2022-02-03,Falcons,https://ormrhl.com/wp-content/uploads/2021/11/falcons_icon-128x128.png,#233A6B,Ryan Doggart,ryan-doggart,Forward,1,1,2,0,0,2021-2022,regular
1089,Regular Season 2021-2022,2022-02-03,Falcons,https://ormrhl.com/wp-content/uploads/2021/11/falcons_icon-128x128.png,#233A6B,Trystan Lebrun,trystan-lebrun,Goaltender,0,0,0,0,0,2021-2022,regular
1089,Regular Season 2021-2022,2022-02-03,Marlins,https://ormrhl.com/wp-content/uploads/2021/11/marlins_logo-128x128.png,#1E8A8A,Doug Grant,doug-grant,Forward,0,1,1,0,0,2021-2022,regular
1089,Regular Season 2021-2022,2022-02-03,Marlins,https://ormrhl.com/wp-content/uploads/2021/11/marlins_logo-128x128.png,#1E8A8A,Duncan Stalker,duncan-stalker,Defence,0,0,0,0,0,2021-2022,regular
1089,Regular Season 2021-2022,2022-02-03,Marlins,https://ormrhl.com/wp-content/uploads/2021/11/marlins_logo-128x128.png,#1E8A8A,Harrison Kane,harrison-kane,Defence,0,1,1,0,0,2021-2022,regular
1089,Regular Season 2021-2022,2022-02-03,Marlins,https://ormrhl.com/wp-content/uploads/2021/11/marlins_logo-128x128.png,#1E8A8A,Jackson Morgis,jackson-morgis,Goaltender,0,0,0,0,0,2021-2022,regular
1089,Regular Season 2021-2022,2022-02-03,Marlins,https://ormrhl.com/wp-content/uploads/2021/11/marlins_logo-128x128.png,#1E8A8A,Jeff Connor,jeff-connor,Forward,1,0,1,0,0,2021-2022,regular
1089,Regular Season 2021-2022,2022-02-03,Marlins,https://ormrhl.com/wp-content/uploads/2021/11/marlins_logo-128x128.png,#1E8A8A,Mack Charron,mack-charron,Forward,1,1,2,0,0,2021-2022,regular
1089,Regular Season 2021-2022,2022-02-03,Marlins,https://ormrhl.com/wp-content/uploads/2021/11/marlins_logo-128x128.png,#1E8A8A,Michael Montesanti,michael-montesanti,Forward,1,0,1,0,0,2021-2022,regular
1089,Regular Season 2021-2022,2022-02-03,Marlins,https://ormrhl.com/wp-content/uploads/2021/11/marlins_logo-128x128.png,#1E8A8A,Scott Browne,scott-browne,Forward,0,0,0,0,0,2021-2022,regular
1089,Regular Season 2021-2022,2022-02-03,Marlins,https://ormrhl.com/wp-content/uploads/2021/11/marlins_logo-128x128.png,#1E8A8A,Thomas Grant,thomas-grant,Defence,0,1,1,0,0,2021-2022,regular
1089,Regular Season 2021-2022,2022-02-03,Marlins,https://ormrhl.com/wp-content/uploads/2021/11/marlins_logo-128x128.png,#1E8A8A,Todd Wheeler,todd-wheeler,Forward,0,0,0,0,0,2021-2022,regular
1089,Regular Season 2021-2022,2022-02-03,Marlins,https://ormrhl.com/wp-content/uploads/2021/11/marlins_logo-128x128.png,#1E8A8A,Tyler Kozak,tyler-kozak,Defence,0,1,1,0,0,2021-2022,regular
1090,Regular Season 2021-2022,2022-02-07,Eagles,https://ormrhl.com/wp-content/uploads/2021/11/Eagles_logo-128x128.png,#A31E2E,Anthony Loduca,anthony-loduca,Forward,2,1,3,0,0,2021-2022,regular
1090,Regular Season 2021-2022,2022-02-07,Eagles,https://ormrhl.com/wp-content/uploads/2021/11/Eagles_logo-128x128.png,#A31E2E,Darren Desrosiers,darren-desrosiers,Forward,5,1,6,0,0,2021-2022,regular
1090,Regular Season 2021-2022,2022-02-07,Eagles,https://ormrhl.com/wp-content/uploads/2021/11/Eagles_logo-128x128.png,#A31E2E,Hugh Smylie,hugh-smylie,Defence,0,1,1,0,0,2021-2022,regular
1090,Regular Season 2021-2022,2022-02-07,Eagles,https://ormrhl.com/wp-content/uploads/2021/11/Eagles_logo-128x128.png,#A31E2E,James Counter,james-counter,Forward,2,4,6,0,0,2021-2022,regular
1090,Regular Season 2021-2022,2022-02-07,Eagles,https://ormrhl.com/wp-content/uploads/2021/11/Eagles_logo-128x128.png,#A31E2E,Jeff Mitchell,jeff-mitchell,Defence,0,1,1,0,0,2021-2022,regular
1090,Regular Season 2021-2022,2022-02-07,Eagles,https://ormrhl.com/wp-content/uploads/2021/11/Eagles_logo-128x128.png,#A31E2E,Joey Leger,joey-leger,Forward,0,3,3,0,0,2021-2022,regular
1090,Regular Season 2021-2022,2022-02-07,Eagles,https://ormrhl.com/wp-content/uploads/2021/11/Eagles_logo-128x128.png,#A31E2E,Jordan Bodimeade,jordan-bodimeade,Forward,1,5,6,0,0,2021-2022,regular
1090,Regular Season 2021-2022,2022-02-07,Eagles,https://ormrhl.com/wp-content/uploads/2021/11/Eagles_logo-128x128.png,#A31E2E,Lucas Ackerman,lucas-ackerman,Forward,0,1,1,0,0,2021-2022,regular
1090,Regular Season 2021-2022,2022-02-07,Eagles,https://ormrhl.com/wp-content/uploads/2021/11/Eagles_logo-128x128.png,#A31E2E,Mario Carriero,mario-carriero,Goaltender,0,1,1,0,0,2021-2022,regular
1090,Regular Season 2021-2022,2022-02-07,Eagles,https://ormrhl.com/wp-content/uploads/2021/11/Eagles_logo-128x128.png,#A31E2E,Mario Mazzucco,mario-mazzucco,Forward,0,2,2,0,0,2021-2022,regular
1090,Regular Season 2021-2022,2022-02-07,Eagles,https://ormrhl.com/wp-content/uploads/2021/11/Eagles_logo-128x128.png,#A31E2E,Scott Sutton,scott-sutton,Defence,1,1,2,0,0,2021-2022,regular
1090,Regular Season 2021-2022,2022-02-07,Marlins,https://ormrhl.com/wp-content/uploads/2021/11/marlins_logo-128x128.png,#1E8A8A,Chris Maloney,chris-maloney,Forward,0,1,1,0,0,2021-2022,regular
1090,Regular Season 2021-2022,2022-02-07,Marlins,https://ormrhl.com/wp-content/uploads/2021/11/marlins_logo-128x128.png,#1E8A8A,Duncan Stalker,duncan-stalker,Defence,0,0,0,0,0,2021-2022,regular
1090,Regular Season 2021-2022,2022-02-07,Marlins,https://ormrhl.com/wp-content/uploads/2021/11/marlins_logo-128x128.png,#1E8A8A,Harrison Kane,harrison-kane,Defence,1,2,3,0,0,2021-2022,regular
1090,Regular Season 2021-2022,2022-02-07,Marlins,https://ormrhl.com/wp-content/uploads/2021/11/marlins_logo-128x128.png,#1E8A8A,Jackson Morgis,jackson-morgis,Goaltender,0,0,0,0,0,2021-2022,regular
1090,Regular Season 2021-2022,2022-02-07,Marlins,https://ormrhl.com/wp-content/uploads/2021/11/marlins_logo-128x128.png,#1E8A8A,Jeff Connor,jeff-connor,Forward,2,2,4,0,0,2021-2022,regular
1090,Regular Season 2021-2022,2022-02-07,Marlins,https://ormrhl.com/wp-content/uploads/2021/11/marlins_logo-128x128.png,#1E8A8A,Mack Charron,mack-charron,Forward,1,2,3,0,1,2021-2022,regular
1090,Regular Season 2021-2022,2022-02-07,Marlins,https://ormrhl.com/wp-content/uploads/2021/11/marlins_logo-128x128.png,#1E8A8A,Michael Montesanti,michael-montesanti,Forward,0,0,0,0,0,2021-2022,regular
1090,Regular Season 2021-2022,2022-02-07,Marlins,https://ormrhl.com/wp-content/uploads/2021/11/marlins_logo-128x128.png,#1E8A8A,Scott Browne,scott-browne,Forward,0,0,0,0,0,2021-2022,regular
1090,Regular Season 2021-2022,2022-02-07,Marlins,https://ormrhl.com/wp-content/uploads/2021/11/marlins_logo-128x128.png,#1E8A8A,Todd Wheeler,todd-wheeler,Forward,0,0,0,0,0,2021-2022,regular
1090,Regular Season 2021-2022,2022-02-07,Marlins,https://ormrhl.com/wp-content/uploads/2021/11/marlins_logo-128x128.png,#1E8A8A,Tyler Kozak,tyler-kozak,Defence,1,1,2,0,0,2021-2022,regular
1091,Regular Season 2021-2022,2022-02-07,Rhinos,https://ormrhl.com/wp-content/uploads/2021/11/Rhinos_logo-128x128.png,#6B6F76,Adam Klein,adam-klein,Forward,0,0,0,0,0,2021-2022,regular
1091,Regular Season 2021-2022,2022-02-07,Rhinos,https://ormrhl.com/wp-content/uploads/2021/11/Rhinos_logo-128x128.png,#6B6F76,Anthony Ventrella,anthony-ventrella,Forward,0,0,0,0,0,2021-2022,regular
1091,Regular Season 2021-2022,2022-02-07,Rhinos,https://ormrhl.com/wp-content/uploads/2021/11/Rhinos_logo-128x128.png,#6B6F76,Dan Montanari,dan-montanari,Forward,0,0,0,0,0,2021-2022,regular
1091,Regular Season 2021-2022,2022-02-07,Rhinos,https://ormrhl.com/wp-content/uploads/2021/11/Rhinos_logo-128x128.png,#6B6F76,Daniel De Angelis,daniel-de-angelis,Defence,0,0,0,2,0,2021-2022,regular
1091,Regular Season 2021-2022,2022-02-07,Rhinos,https://ormrhl.com/wp-content/uploads/2021/11/Rhinos_logo-128x128.png,#6B6F76,Gianluca Santocono,gianluca-santocono,Defence,0,0,0,0,0,2021-2022,regular
1091,Regular Season 2021-2022,2022-02-07,Rhinos,https://ormrhl.com/wp-content/uploads/2021/11/Rhinos_logo-128x128.png,#6B6F76,Jeff Goodman,jeff-goodman,Goaltender,0,0,0,1,0,2021-2022,regular
1091,Regular Season 2021-2022,2022-02-07,Rhinos,https://ormrhl.com/wp-content/uploads/2021/11/Rhinos_logo-128x128.png,#6B6F76,Josh Machesney,josh-machesney,Forward,2,1,3,0,0,2021-2022,regular
1091,Regular Season 2021-2022,2022-02-07,Rhinos,https://ormrhl.com/wp-content/uploads/2021/11/Rhinos_logo-128x128.png,#6B6F76,Lorne Feld,lorne-feld,Forward,0,0,0,0,0,2021-2022,regular
1091,Regular Season 2021-2022,2022-02-07,Rhinos,https://ormrhl.com/wp-content/uploads/2021/11/Rhinos_logo-128x128.png,#6B6F76,Matthew Quintieri,matthew-quintieri,Forward,0,0,0,0,0,2021-2022,regular
1091,Regular Season 2021-2022,2022-02-07,Rhinos,https://ormrhl.com/wp-content/uploads/2021/11/Rhinos_logo-128x128.png,#6B6F76,Mike Clements,mike-clements,Defence,0,1,1,0,0,2021-2022,regular
1091,Regular Season 2021-2022,2022-02-07,Rhinos,https://ormrhl.com/wp-content/uploads/2021/11/Rhinos_logo-128x128.png,#6B6F76,Neil DeCantis,neil-decantis,Forward,1,3,4,0,0,2021-2022,regular
1091,Regular Season 2021-2022,2022-02-07,Rhinos,https://ormrhl.com/wp-content/uploads/2021/11/Rhinos_logo-128x128.png,#6B6F76,Tom Coukos,tom-coukos,Forward,3,0,3,0,0,2021-2022,regular
1091,Regular Season 2021-2022,2022-02-07,Wildcats,https://ormrhl.com/wp-content/uploads/2021/11/wildcats_logo-128x128.png,#D97B29,Brian Hatton,brian-hatton,Goaltender,0,0,0,0,0,2021-2022,regular
1091,Regular Season 2021-2022,2022-02-07,Wildcats,https://ormrhl.com/wp-content/uploads/2021/11/wildcats_logo-128x128.png,#D97B29,Colby Clarke,colby-clarke,Forward,2,2,4,0,0,2021-2022,regular
1091,Regular Season 2021-2022,2022-02-07,Wildcats,https://ormrhl.com/wp-content/uploads/2021/11/wildcats_logo-128x128.png,#D97B29,Dan Richards,dan-richards,Forward,0,0,0,0,0,2021-2022,regular
1091,Regular Season 2021-2022,2022-02-07,Wildcats,https://ormrhl.com/wp-content/uploads/2021/11/wildcats_logo-128x128.png,#D97B29,Greg Sipprell,greg-sipprell2,Forward,0,0,0,0,0,2021-2022,regular
1091,Regular Season 2021-2022,2022-02-07,Wildcats,https://ormrhl.com/wp-content/uploads/2021/11/wildcats_logo-128x128.png,#D97B29,Jaro Verchkovski,jaro-verchkovski,Forward,1,1,2,0,0,2021-2022,regular
1091,Regular Season 2021-2022,2022-02-07,Wildcats,https://ormrhl.com/wp-content/uploads/2021/11/wildcats_logo-128x128.png,#D97B29,Lucas Kleine,lucas-kleine,Forward,0,0,0,0,0,2021-2022,regular
1091,Regular Season 2021-2022,2022-02-07,Wildcats,https://ormrhl.com/wp-content/uploads/2021/11/wildcats_logo-128x128.png,#D97B29,Pat Parent,pat-parent,Defence,0,0,0,0,0,2021-2022,regular
1091,Regular Season 2021-2022,2022-02-07,Wildcats,https://ormrhl.com/wp-content/uploads/2021/11/wildcats_logo-128x128.png,#D97B29,Paul Wolanski,paul-wolanski,Defence,1,2,3,0,0,2021-2022,regular
1091,Regular Season 2021-2022,2022-02-07,Wildcats,https://ormrhl.com/wp-content/uploads/2021/11/wildcats_logo-128x128.png,#D97B29,Rob Kleine,rob-kleine,Forward,0,0,0,0,0,2021-2022,regular
1091,Regular Season 2021-2022,2022-02-07,Wildcats,https://ormrhl.com/wp-content/uploads/2021/11/wildcats_logo-128x128.png,#D97B29,Ryan Smith,ryan-smith-og,Forward,1,0,1,0,0,2021-2022,regular
1091,Regular Season 2021-2022,2022-02-07,Wildcats,https://ormrhl.com/wp-content/uploads/2021/11/wildcats_logo-128x128.png,#D97B29,Serge Lossev,serge-lossev,Forward,0,0,0,0,0,2021-2022,regular
1091,Regular Season 2021-2022,2022-02-07,Wildcats,https://ormrhl.com/wp-content/uploads/2021/11/wildcats_logo-128x128.png,#D97B29,Victor Verchkovski,victor-verchkovski,Forward,0,1,1,1,0,2021-2022,regular
1092,Regular Season 2021-2022,2022-02-07,Cobras,https://ormrhl.com/wp-content/uploads/2021/11/Cobras_Logo-128x128.png,#2B8C5C,Adrian Iudiciani,adrian-iudiciani,Forward,0,1,1,0,0,2021-2022,regular
1092,Regular Season 2021-2022,2022-02-07,Cobras,https://ormrhl.com/wp-content/uploads/2021/11/Cobras_Logo-128x128.png,#2B8C5C,Angelo Capone,angelo-capone,Forward,0,0,0,0,0,2021-2022,regular
1092,Regular Season 2021-2022,2022-02-07,Cobras,https://ormrhl.com/wp-content/uploads/2021/11/Cobras_Logo-128x128.png,#2B8C5C,Brandon De Assuncao,brandon-de-assuncao,Forward,0,0,0,0,0,2021-2022,regular
1092,Regular Season 2021-2022,2022-02-07,Cobras,https://ormrhl.com/wp-content/uploads/2021/11/Cobras_Logo-128x128.png,#2B8C5C,James Mitchell,james-mitchell,Forward,0,0,0,0,0,2021-2022,regular
1092,Regular Season 2021-2022,2022-02-07,Cobras,https://ormrhl.com/wp-content/uploads/2021/11/Cobras_Logo-128x128.png,#2B8C5C,John Ventrella,john-ventrella,Forward,0,0,0,0,0,2021-2022,regular
1092,Regular Season 2021-2022,2022-02-07,Cobras,https://ormrhl.com/wp-content/uploads/2021/11/Cobras_Logo-128x128.png,#2B8C5C,Justin Pappianni,justin-papaianni,Forward,0,0,0,0,0,2021-2022,regular
1092,Regular Season 2021-2022,2022-02-07,Cobras,https://ormrhl.com/wp-content/uploads/2021/11/Cobras_Logo-128x128.png,#2B8C5C,Kevin Hinton,kevin-hinton,Forward,0,0,0,0,0,2021-2022,regular
1092,Regular Season 2021-2022,2022-02-07,Cobras,https://ormrhl.com/wp-content/uploads/2021/11/Cobras_Logo-128x128.png,#2B8C5C,Mark Mitchell,mark-mitchell,Defence,1,0,1,0,0,2021-2022,regular
1092,Regular Season 2021-2022,2022-02-07,Cobras,https://ormrhl.com/wp-content/uploads/2021/11/Cobras_Logo-128x128.png,#2B8C5C,Massimo Venditti,massimo-venditti,Forward,0,0,0,0,0,2021-2022,regular
1092,Regular Season 2021-2022,2022-02-07,Cobras,https://ormrhl.com/wp-content/uploads/2021/11/Cobras_Logo-128x128.png,#2B8C5C,Michael English,michael-english,Defence,0,0,0,0,0,2021-2022,regular
1092,Regular Season 2021-2022,2022-02-07,Cobras,https://ormrhl.com/wp-content/uploads/2021/11/Cobras_Logo-128x128.png,#2B8C5C,PJ Harrison,pj-harrison,Goaltender,0,0,0,0,0,2021-2022,regular
1092,Regular Season 2021-2022,2022-02-07,Cobras,https://ormrhl.com/wp-content/uploads/2021/11/Cobras_Logo-128x128.png,#2B8C5C,Rob Iudiciani,rob-iudiciani,Defence,0,1,1,0,0,2021-2022,regular
1092,Regular Season 2021-2022,2022-02-07,Cobras,https://ormrhl.com/wp-content/uploads/2021/11/Cobras_Logo-128x128.png,#2B8C5C,Steve Souphanthong,steve-souphanthong,Forward,0,0,0,0,0,2021-2022,regular
1092,Regular Season 2021-2022,2022-02-07,Cobras,https://ormrhl.com/wp-content/uploads/2021/11/Cobras_Logo-128x128.png,#2B8C5C,Tyler Doyle,tyler-doyle,Forward,1,0,1,1,0,2021-2022,regular
1092,Regular Season 2021-2022,2022-02-07,Falcons,https://ormrhl.com/wp-content/uploads/2021/11/falcons_icon-128x128.png,#233A6B,Brandon Wellsbury,brandon-wellsbury,Forward,0,0,0,1,0,2021-2022,regular
1092,Regular Season 2021-2022,2022-02-07,Falcons,https://ormrhl.com/wp-content/uploads/2021/11/falcons_icon-128x128.png,#233A6B,Derek Marsham,derek-marsham,Forward,0,0,0,0,0,2021-2022,regular
1092,Regular Season 2021-2022,2022-02-07,Falcons,https://ormrhl.com/wp-content/uploads/2021/11/falcons_icon-128x128.png,#233A6B,Kari Paivio,kari-paivio,Forward,0,0,0,0,0,2021-2022,regular
1092,Regular Season 2021-2022,2022-02-07,Falcons,https://ormrhl.com/wp-content/uploads/2021/11/falcons_icon-128x128.png,#233A6B,Leo Napolitano,leo-napolitano,Defence,0,0,0,0,0,2021-2022,regular
1092,Regular Season 2021-2022,2022-02-07,Falcons,https://ormrhl.com/wp-content/uploads/2021/11/falcons_icon-128x128.png,#233A6B,Marco Dileo,marco-dileo,Forward,0,0,0,1,0,2021-2022,regular
1092,Regular Season 2021-2022,2022-02-07,Falcons,https://ormrhl.com/wp-content/uploads/2021/11/falcons_icon-128x128.png,#233A6B,Nathan Loach,nathan-loach,Defence,0,0,0,0,0,2021-2022,regular
1092,Regular Season 2021-2022,2022-02-07,Falcons,https://ormrhl.com/wp-content/uploads/2021/11/falcons_icon-128x128.png,#233A6B,Robbie Spencer,robbie-spencer,Forward,0,1,1,0,0,2021-2022,regular
1092,Regular Season 2021-2022,2022-02-07,Falcons,https://ormrhl.com/wp-content/uploads/2021/11/falcons_icon-128x128.png,#233A6B,Rocco Malfara,rocco-malfara,Defence,0,0,0,0,0,2021-2022,regular
1092,Regular Season 2021-2022,2022-02-07,Falcons,https://ormrhl.com/wp-content/uploads/2021/11/falcons_icon-128x128.png,#233A6B,Ryan Doggart,ryan-doggart,Forward,1,0,1,0,0,2021-2022,regular
1092,Regular Season 2021-2022,2022-02-07,Falcons,https://ormrhl.com/wp-content/uploads/2021/11/falcons_icon-128x128.png,#233A6B,Trystan Lebrun,trystan-lebrun,Goaltender,0,0,0,0,0,2021-2022,regular
1093,Regular Season 2021-2022,2022-02-10,Eagles,https://ormrhl.com/wp-content/uploads/2021/11/Eagles_logo-128x128.png,#A31E2E,Alex Disera,alex-disera,Forward,1,0,1,0,0,2021-2022,regular
1093,Regular Season 2021-2022,2022-02-10,Eagles,https://ormrhl.com/wp-content/uploads/2021/11/Eagles_logo-128x128.png,#A31E2E,Anthony Loduca,anthony-loduca,Forward,1,0,1,0,0,2021-2022,regular
1093,Regular Season 2021-2022,2022-02-10,Eagles,https://ormrhl.com/wp-content/uploads/2021/11/Eagles_logo-128x128.png,#A31E2E,Darren Desrosiers,darren-desrosiers,Forward,1,1,2,0,0,2021-2022,regular
1093,Regular Season 2021-2022,2022-02-10,Eagles,https://ormrhl.com/wp-content/uploads/2021/11/Eagles_logo-128x128.png,#A31E2E,Hugh Smylie,hugh-smylie,Defence,0,1,1,0,0,2021-2022,regular
1093,Regular Season 2021-2022,2022-02-10,Eagles,https://ormrhl.com/wp-content/uploads/2021/11/Eagles_logo-128x128.png,#A31E2E,James Counter,james-counter,Forward,0,2,2,0,0,2021-2022,regular
1093,Regular Season 2021-2022,2022-02-10,Eagles,https://ormrhl.com/wp-content/uploads/2021/11/Eagles_logo-128x128.png,#A31E2E,Joey Leger,joey-leger,Forward,0,0,0,0,0,2021-2022,regular
1093,Regular Season 2021-2022,2022-02-10,Eagles,https://ormrhl.com/wp-content/uploads/2021/11/Eagles_logo-128x128.png,#A31E2E,Jordan Bodimeade,jordan-bodimeade,Forward,1,1,2,0,0,2021-2022,regular
1093,Regular Season 2021-2022,2022-02-10,Eagles,https://ormrhl.com/wp-content/uploads/2021/11/Eagles_logo-128x128.png,#A31E2E,Lucas Ackerman,lucas-ackerman,Forward,1,0,1,0,0,2021-2022,regular
1093,Regular Season 2021-2022,2022-02-10,Eagles,https://ormrhl.com/wp-content/uploads/2021/11/Eagles_logo-128x128.png,#A31E2E,Mario Carriero,mario-carriero,Goaltender,0,0,0,0,0,2021-2022,regular
1093,Regular Season 2021-2022,2022-02-10,Eagles,https://ormrhl.com/wp-content/uploads/2021/11/Eagles_logo-128x128.png,#A31E2E,Mario Mazzucco,mario-mazzucco,Forward,0,1,1,1,0,2021-2022,regular
1093,Regular Season 2021-2022,2022-02-10,Eagles,https://ormrhl.com/wp-content/uploads/2021/11/Eagles_logo-128x128.png,#A31E2E,Robert Doswell,robert-doswell,Defence,0,1,1,0,0,2021-2022,regular
1093,Regular Season 2021-2022,2022-02-10,Eagles,https://ormrhl.com/wp-content/uploads/2021/11/Eagles_logo-128x128.png,#A31E2E,Scott Sutton,scott-sutton,Defence,0,1,1,1,0,2021-2022,regular
1093,Regular Season 2021-2022,2022-02-10,Wildcats,https://ormrhl.com/wp-content/uploads/2021/11/wildcats_logo-128x128.png,#D97B29,Brian Hatton,brian-hatton,Goaltender,0,0,0,0,0,2021-2022,regular
1093,Regular Season 2021-2022,2022-02-10,Wildcats,https://ormrhl.com/wp-content/uploads/2021/11/wildcats_logo-128x128.png,#D97B29,Colby Clarke,colby-clarke,Forward,3,1,4,0,0,2021-2022,regular
1093,Regular Season 2021-2022,2022-02-10,Wildcats,https://ormrhl.com/wp-content/uploads/2021/11/wildcats_logo-128x128.png,#D97B29,Dan Richards,dan-richards,Forward,0,1,1,0,0,2021-2022,regular
1093,Regular Season 2021-2022,2022-02-10,Wildcats,https://ormrhl.com/wp-content/uploads/2021/11/wildcats_logo-128x128.png,#D97B29,Gianluca Santocono,gianluca-santocono,Defence,0,1,1,0,0,2021-2022,regular
1093,Regular Season 2021-2022,2022-02-10,Wildcats,https://ormrhl.com/wp-content/uploads/2021/11/wildcats_logo-128x128.png,#D97B29,Greg Sipprell,greg-sipprell2,Forward,0,2,2,0,0,2021-2022,regular
1093,Regular Season 2021-2022,2022-02-10,Wildcats,https://ormrhl.com/wp-content/uploads/2021/11/wildcats_logo-128x128.png,#D97B29,Jaro Verchkovski,jaro-verchkovski,Forward,2,0,2,0,0,2021-2022,regular
1093,Regular Season 2021-2022,2022-02-10,Wildcats,https://ormrhl.com/wp-content/uploads/2021/11/wildcats_logo-128x128.png,#D97B29,Lucas Kleine,lucas-kleine,Forward,0,0,0,0,0,2021-2022,regular
1093,Regular Season 2021-2022,2022-02-10,Wildcats,https://ormrhl.com/wp-content/uploads/2021/11/wildcats_logo-128x128.png,#D97B29,Pat Parent,pat-parent,Defence,0,0,0,0,0,2021-2022,regular
1093,Regular Season 2021-2022,2022-02-10,Wildcats,https://ormrhl.com/wp-content/uploads/2021/11/wildcats_logo-128x128.png,#D97B29,Paul Wolanski,paul-wolanski,Defence,1,2,3,0,0,2021-2022,regular
1093,Regular Season 2021-2022,2022-02-10,Wildcats,https://ormrhl.com/wp-content/uploads/2021/11/wildcats_logo-128x128.png,#D97B29,Rob Kleine,rob-kleine,Forward,0,1,1,0,0,2021-2022,regular
1093,Regular Season 2021-2022,2022-02-10,Wildcats,https://ormrhl.com/wp-content/uploads/2021/11/wildcats_logo-128x128.png,#D97B29,Ryan Smith,ryan-smith-og,Forward,1,1,2,0,0,2021-2022,regular
1093,Regular Season 2021-2022,2022-02-10,Wildcats,https://ormrhl.com/wp-content/uploads/2021/11/wildcats_logo-128x128.png,#D97B29,Victor Verchkovski,victor-verchkovski,Forward,1,1,2,0,0,2021-2022,regular
1094,Regular Season 2021-2022,2022-02-10,Cobras,https://ormrhl.com/wp-content/uploads/2021/11/Cobras_Logo-128x128.png,#2B8C5C,Brandon De Assuncao,brandon-de-assuncao,Forward,0,0,0,0,0,2021-2022,regular
1094,Regular Season 2021-2022,2022-02-10,Cobras,https://ormrhl.com/wp-content/uploads/2021/11/Cobras_Logo-128x128.png,#2B8C5C,James Mitchell,james-mitchell,Forward,0,0,0,0,0,2021-2022,regular
1094,Regular Season 2021-2022,2022-02-10,Cobras,https://ormrhl.com/wp-content/uploads/2021/11/Cobras_Logo-128x128.png,#2B8C5C,John Ventrella,john-ventrella,Forward,0,1,1,0,0,2021-2022,regular
1094,Regular Season 2021-2022,2022-02-10,Cobras,https://ormrhl.com/wp-content/uploads/2021/11/Cobras_Logo-128x128.png,#2B8C5C,Justin Pappianni,justin-papaianni,Forward,1,0,1,0,0,2021-2022,regular
1094,Regular Season 2021-2022,2022-02-10,Cobras,https://ormrhl.com/wp-content/uploads/2021/11/Cobras_Logo-128x128.png,#2B8C5C,Kevin Hinton,kevin-hinton,Forward,1,0,1,0,0,2021-2022,regular
1094,Regular Season 2021-2022,2022-02-10,Cobras,https://ormrhl.com/wp-content/uploads/2021/11/Cobras_Logo-128x128.png,#2B8C5C,Mark Mitchell,mark-mitchell,Defence,0,1,1,0,0,2021-2022,regular
1094,Regular Season 2021-2022,2022-02-10,Cobras,https://ormrhl.com/wp-content/uploads/2021/11/Cobras_Logo-128x128.png,#2B8C5C,Michael English,michael-english,Defence,0,0,0,0,0,2021-2022,regular
1094,Regular Season 2021-2022,2022-02-10,Cobras,https://ormrhl.com/wp-content/uploads/2021/11/Cobras_Logo-128x128.png,#2B8C5C,Rob Iudiciani,rob-iudiciani,Defence,0,0,0,0,0,2021-2022,regular
1094,Regular Season 2021-2022,2022-02-10,Cobras,https://ormrhl.com/wp-content/uploads/2021/11/Cobras_Logo-128x128.png,#2B8C5C,Steve Souphanthong,steve-souphanthong,Forward,0,1,1,0,0,2021-2022,regular
1094,Regular Season 2021-2022,2022-02-10,Cobras,https://ormrhl.com/wp-content/uploads/2021/11/Cobras_Logo-128x128.png,#2B8C5C,Tyler Doyle,tyler-doyle,Forward,0,0,0,0,0,2021-2022,regular
1094,Regular Season 2021-2022,2022-02-10,Marlins,https://ormrhl.com/wp-content/uploads/2021/11/marlins_logo-128x128.png,#1E8A8A,Chris Maloney,chris-maloney,Forward,0,0,0,0,0,2021-2022,regular
1094,Regular Season 2021-2022,2022-02-10,Marlins,https://ormrhl.com/wp-content/uploads/2021/11/marlins_logo-128x128.png,#1E8A8A,Doug Grant,doug-grant,Forward,2,0,2,0,0,2021-2022,regular
1094,Regular Season 2021-2022,2022-02-10,Marlins,https://ormrhl.com/wp-content/uploads/2021/11/marlins_logo-128x128.png,#1E8A8A,Duncan Stalker,duncan-stalker,Defence,0,0,0,0,0,2021-2022,regular
1094,Regular Season 2021-2022,2022-02-10,Marlins,https://ormrhl.com/wp-content/uploads/2021/11/marlins_logo-128x128.png,#1E8A8A,Harrison Kane,harrison-kane,Defence,1,0,1,0,0,2021-2022,regular
1094,Regular Season 2021-2022,2022-02-10,Marlins,https://ormrhl.com/wp-content/uploads/2021/11/marlins_logo-128x128.png,#1E8A8A,Jackson Morgis,jackson-morgis,Goaltender,0,0,0,0,0,2021-2022,regular
1094,Regular Season 2021-2022,2022-02-10,Marlins,https://ormrhl.com/wp-content/uploads/2021/11/marlins_logo-128x128.png,#1E8A8A,Jeff Connor,jeff-connor,Forward,0,0,0,0,0,2021-2022,regular
1094,Regular Season 2021-2022,2022-02-10,Marlins,https://ormrhl.com/wp-content/uploads/2021/11/marlins_logo-128x128.png,#1E8A8A,Michael Montesanti,michael-montesanti,Forward,1,1,2,1,0,2021-2022,regular
1094,Regular Season 2021-2022,2022-02-10,Marlins,https://ormrhl.com/wp-content/uploads/2021/11/marlins_logo-128x128.png,#1E8A8A,Scott Browne,scott-browne,Forward,0,3,3,0,0,2021-2022,regular
1094,Regular Season 2021-2022,2022-02-10,Marlins,https://ormrhl.com/wp-content/uploads/2021/11/marlins_logo-128x128.png,#1E8A8A,Thomas Grant,thomas-grant,Defence,0,3,3,0,0,2021-2022,regular
1094,Regular Season 2021-2022,2022-02-10,Marlins,https://ormrhl.com/wp-content/uploads/2021/11/marlins_logo-128x128.png,#1E8A8A,Todd Wheeler,todd-wheeler,Forward,0,1,1,0,0,2021-2022,regular
1094,Regular Season 2021-2022,2022-02-10,Marlins,https://ormrhl.com/wp-content/uploads/2021/11/marlins_logo-128x128.png,#1E8A8A,Tyler Kozak,tyler-kozak,Defence,2,1,3,0,0,2021-2022,regular
1095,Regular Season 2021-2022,2022-02-10,Falcons,https://ormrhl.com/wp-content/uploads/2021/11/falcons_icon-128x128.png,#233A6B,Brandon Wellsbury,brandon-wellsbury,Forward,1,1,2,0,0,2021-2022,regular
1095,Regular Season 2021-2022,2022-02-10,Falcons,https://ormrhl.com/wp-content/uploads/2021/11/falcons_icon-128x128.png,#233A6B,Derek Marsham,derek-marsham,Forward,0,1,1,0,0,2021-2022,regular
1095,Regular Season 2021-2022,2022-02-10,Falcons,https://ormrhl.com/wp-content/uploads/2021/11/falcons_icon-128x128.png,#233A6B,Jason Todd,jason-todd,Defence,0,0,0,0,0,2021-2022,regular
1095,Regular Season 2021-2022,2022-02-10,Falcons,https://ormrhl.com/wp-content/uploads/2021/11/falcons_icon-128x128.png,#233A6B,Kari Paivio,kari-paivio,Forward,0,1,1,0,0,2021-2022,regular
1095,Regular Season 2021-2022,2022-02-10,Falcons,https://ormrhl.com/wp-content/uploads/2021/11/falcons_icon-128x128.png,#233A6B,Leo Napolitano,leo-napolitano,Defence,2,0,2,0,0,2021-2022,regular
1095,Regular Season 2021-2022,2022-02-10,Falcons,https://ormrhl.com/wp-content/uploads/2021/11/falcons_icon-128x128.png,#233A6B,Marco Dileo,marco-dileo,Forward,0,0,0,0,0,2021-2022,regular
1095,Regular Season 2021-2022,2022-02-10,Falcons,https://ormrhl.com/wp-content/uploads/2021/11/falcons_icon-128x128.png,#233A6B,Nathan Loach,nathan-loach,Defence,0,1,1,0,0,2021-2022,regular
1095,Regular Season 2021-2022,2022-02-10,Falcons,https://ormrhl.com/wp-content/uploads/2021/11/falcons_icon-128x128.png,#233A6B,Robbie Spencer,robbie-spencer,Forward,0,4,4,0,0,2021-2022,regular
1095,Regular Season 2021-2022,2022-02-10,Falcons,https://ormrhl.com/wp-content/uploads/2021/11/falcons_icon-128x128.png,#233A6B,Ryan Doggart,ryan-doggart,Forward,1,0,1,0,0,2021-2022,regular
1095,Regular Season 2021-2022,2022-02-10,Falcons,https://ormrhl.com/wp-content/uploads/2021/11/falcons_icon-128x128.png,#233A6B,Trystan Lebrun,trystan-lebrun,Goaltender,0,0,0,0,0,2021-2022,regular
1095,Regular Season 2021-2022,2022-02-10,Rhinos,https://ormrhl.com/wp-content/uploads/2021/11/Rhinos_logo-128x128.png,#6B6F76,Adam Klein,adam-klein,Forward,0,0,0,0,0,2021-2022,regular
1095,Regular Season 2021-2022,2022-02-10,Rhinos,https://ormrhl.com/wp-content/uploads/2021/11/Rhinos_logo-128x128.png,#6B6F76,Dan Montanari,dan-montanari,Forward,0,0,0,0,0,2021-2022,regular
1095,Regular Season 2021-2022,2022-02-10,Rhinos,https://ormrhl.com/wp-content/uploads/2021/11/Rhinos_logo-128x128.png,#6B6F76,Daniel De Angelis,daniel-de-angelis,Defence,1,0,1,0,0,2021-2022,regular
1095,Regular Season 2021-2022,2022-02-10,Rhinos,https://ormrhl.com/wp-content/uploads/2021/11/Rhinos_logo-128x128.png,#6B6F76,Jeff Goodman,jeff-goodman,Goaltender,0,0,0,0,0,2021-2022,regular
1095,Regular Season 2021-2022,2022-02-10,Rhinos,https://ormrhl.com/wp-content/uploads/2021/11/Rhinos_logo-128x128.png,#6B6F76,Lorne Feld,lorne-feld,Forward,0,1,1,0,0,2021-2022,regular
1095,Regular Season 2021-2022,2022-02-10,Rhinos,https://ormrhl.com/wp-content/uploads/2021/11/Rhinos_logo-128x128.png,#6B6F76,Matthew Quintieri,matthew-quintieri,Forward,1,1,2,0,0,2021-2022,regular
1095,Regular Season 2021-2022,2022-02-10,Rhinos,https://ormrhl.com/wp-content/uploads/2021/11/Rhinos_logo-128x128.png,#6B6F76,Neil DeCantis,neil-decantis,Forward,0,1,1,0,0,2021-2022,regular
1095,Regular Season 2021-2022,2022-02-10,Rhinos,https://ormrhl.com/wp-content/uploads/2021/11/Rhinos_logo-128x128.png,#6B6F76,Robin Harrison,robin-harrison,Defence,0,0,0,0,0,2021-2022,regular
1095,Regular Season 2021-2022,2022-02-10,Rhinos,https://ormrhl.com/wp-content/uploads/2021/11/Rhinos_logo-128x128.png,#6B6F76,Tom Coukos,tom-coukos,Forward,2,0,2,0,0,2021-2022,regular
1096,Regular Season 2021-2022,2022-02-14,Cobras,https://ormrhl.com/wp-content/uploads/2021/11/Cobras_Logo-128x128.png,#2B8C5C,Adrian Iudiciani,adrian-iudiciani,Forward,2,3,5,0,0,2021-2022,regular
1096,Regular Season 2021-2022,2022-02-14,Cobras,https://ormrhl.com/wp-content/uploads/2021/11/Cobras_Logo-128x128.png,#2B8C5C,Angelo Capone,angelo-capone,Forward,0,0,0,0,0,2021-2022,regular
1096,Regular Season 2021-2022,2022-02-14,Cobras,https://ormrhl.com/wp-content/uploads/2021/11/Cobras_Logo-128x128.png,#2B8C5C,Brandon De Assuncao,brandon-de-assuncao,Forward,0,0,0,0,0,2021-2022,regular
1096,Regular Season 2021-2022,2022-02-14,Cobras,https://ormrhl.com/wp-content/uploads/2021/11/Cobras_Logo-128x128.png,#2B8C5C,James Mitchell,james-mitchell,Forward,0,2,2,0,0,2021-2022,regular
1096,Regular Season 2021-2022,2022-02-14,Cobras,https://ormrhl.com/wp-content/uploads/2021/11/Cobras_Logo-128x128.png,#2B8C5C,John Ventrella,john-ventrella,Forward,3,0,3,0,0,2021-2022,regular
1096,Regular Season 2021-2022,2022-02-14,Cobras,https://ormrhl.com/wp-content/uploads/2021/11/Cobras_Logo-128x128.png,#2B8C5C,Kevin Hinton,kevin-hinton,Forward,3,3,6,0,0,2021-2022,regular
1096,Regular Season 2021-2022,2022-02-14,Cobras,https://ormrhl.com/wp-content/uploads/2021/11/Cobras_Logo-128x128.png,#2B8C5C,Mark Mitchell,mark-mitchell,Defence,0,0,0,0,0,2021-2022,regular
1096,Regular Season 2021-2022,2022-02-14,Cobras,https://ormrhl.com/wp-content/uploads/2021/11/Cobras_Logo-128x128.png,#2B8C5C,Michael English,michael-english,Defence,0,0,0,0,0,2021-2022,regular
1096,Regular Season 2021-2022,2022-02-14,Cobras,https://ormrhl.com/wp-content/uploads/2021/11/Cobras_Logo-128x128.png,#2B8C5C,Rob Iudiciani,rob-iudiciani,Defence,0,2,2,0,0,2021-2022,regular
1096,Regular Season 2021-2022,2022-02-14,Cobras,https://ormrhl.com/wp-content/uploads/2021/11/Cobras_Logo-128x128.png,#2B8C5C,Steve Souphanthong,steve-souphanthong,Forward,1,3,4,0,0,2021-2022,regular
1096,Regular Season 2021-2022,2022-02-14,Cobras,https://ormrhl.com/wp-content/uploads/2021/11/Cobras_Logo-128x128.png,#2B8C5C,Tyler Doyle,tyler-doyle,Forward,0,1,1,0,0,2021-2022,regular
1096,Regular Season 2021-2022,2022-02-14,Rhinos,https://ormrhl.com/wp-content/uploads/2021/11/Rhinos_logo-128x128.png,#6B6F76,Adam Klein,adam-klein,Forward,0,0,0,0,0,2021-2022,regular
1096,Regular Season 2021-2022,2022-02-14,Rhinos,https://ormrhl.com/wp-content/uploads/2021/11/Rhinos_logo-128x128.png,#6B6F76,Dan Montanari,dan-montanari,Forward,0,0,0,0,0,2021-2022,regular
1096,Regular Season 2021-2022,2022-02-14,Rhinos,https://ormrhl.com/wp-content/uploads/2021/11/Rhinos_logo-128x128.png,#6B6F76,Daniel De Angelis,daniel-de-angelis,Defence,0,0,0,1,0,2021-2022,regular
1096,Regular Season 2021-2022,2022-02-14,Rhinos,https://ormrhl.com/wp-content/uploads/2021/11/Rhinos_logo-128x128.png,#6B6F76,Jeff Goodman,jeff-goodman,Goaltender,0,0,0,0,0,2021-2022,regular
1096,Regular Season 2021-2022,2022-02-14,Rhinos,https://ormrhl.com/wp-content/uploads/2021/11/Rhinos_logo-128x128.png,#6B6F76,Lorne Feld,lorne-feld,Forward,0,0,0,0,0,2021-2022,regular
1096,Regular Season 2021-2022,2022-02-14,Rhinos,https://ormrhl.com/wp-content/uploads/2021/11/Rhinos_logo-128x128.png,#6B6F76,Matthew Quintieri,matthew-quintieri,Forward,0,0,0,0,0,2021-2022,regular
1096,Regular Season 2021-2022,2022-02-14,Rhinos,https://ormrhl.com/wp-content/uploads/2021/11/Rhinos_logo-128x128.png,#6B6F76,Mike Clements,mike-clements,Defence,0,0,0,0,0,2021-2022,regular
1096,Regular Season 2021-2022,2022-02-14,Rhinos,https://ormrhl.com/wp-content/uploads/2021/11/Rhinos_logo-128x128.png,#6B6F76,Neil DeCantis,neil-decantis,Forward,0,0,0,0,0,2021-2022,regular
1096,Regular Season 2021-2022,2022-02-14,Rhinos,https://ormrhl.com/wp-content/uploads/2021/11/Rhinos_logo-128x128.png,#6B6F76,Robin Harrison,robin-harrison,Defence,0,0,0,0,0,2021-2022,regular
1097,Regular Season 2021-2022,2022-02-14,Eagles,https://ormrhl.com/wp-content/uploads/2021/11/Eagles_logo-128x128.png,#A31E2E,Alex Disera,alex-disera,Forward,0,2,2,0,0,2021-2022,regular
1097,Regular Season 2021-2022,2022-02-14,Eagles,https://ormrhl.com/wp-content/uploads/2021/11/Eagles_logo-128x128.png,#A31E2E,Anthony Loduca,anthony-loduca,Forward,0,3,3,0,0,2021-2022,regular
1097,Regular Season 2021-2022,2022-02-14,Eagles,https://ormrhl.com/wp-content/uploads/2021/11/Eagles_logo-128x128.png,#A31E2E,Darren Desrosiers,darren-desrosiers,Forward,3,2,5,0,0,2021-2022,regular
1097,Regular Season 2021-2022,2022-02-14,Eagles,https://ormrhl.com/wp-content/uploads/2021/11/Eagles_logo-128x128.png,#A31E2E,James Counter,james-counter,Forward,0,0,0,0,0,2021-2022,regular
1097,Regular Season 2021-2022,2022-02-14,Eagles,https://ormrhl.com/wp-content/uploads/2021/11/Eagles_logo-128x128.png,#A31E2E,Jeff Mitchell,jeff-mitchell,Defence,0,0,0,0,0,2021-2022,regular
1097,Regular Season 2021-2022,2022-02-14,Eagles,https://ormrhl.com/wp-content/uploads/2021/11/Eagles_logo-128x128.png,#A31E2E,Joey Leger,joey-leger,Forward,0,0,0,0,0,2021-2022,regular
1097,Regular Season 2021-2022,2022-02-14,Eagles,https://ormrhl.com/wp-content/uploads/2021/11/Eagles_logo-128x128.png,#A31E2E,Jordan Bodimeade,jordan-bodimeade,Forward,1,1,2,0,0,2021-2022,regular
1097,Regular Season 2021-2022,2022-02-14,Eagles,https://ormrhl.com/wp-content/uploads/2021/11/Eagles_logo-128x128.png,#A31E2E,Lucas Ackerman,lucas-ackerman,Forward,0,2,2,0,0,2021-2022,regular
1097,Regular Season 2021-2022,2022-02-14,Eagles,https://ormrhl.com/wp-content/uploads/2021/11/Eagles_logo-128x128.png,#A31E2E,Mario Carriero,mario-carriero,Goaltender,0,0,0,0,0,2021-2022,regular
1097,Regular Season 2021-2022,2022-02-14,Eagles,https://ormrhl.com/wp-content/uploads/2021/11/Eagles_logo-128x128.png,#A31E2E,Mario Mazzucco,mario-mazzucco,Forward,3,0,3,0,0,2021-2022,regular
1097,Regular Season 2021-2022,2022-02-14,Eagles,https://ormrhl.com/wp-content/uploads/2021/11/Eagles_logo-128x128.png,#A31E2E,Robert Doswell,robert-doswell,Defence,0,0,0,0,0,2021-2022,regular
1097,Regular Season 2021-2022,2022-02-14,Eagles,https://ormrhl.com/wp-content/uploads/2021/11/Eagles_logo-128x128.png,#A31E2E,Scott Sutton,scott-sutton,Defence,0,1,1,0,0,2021-2022,regular
1097,Regular Season 2021-2022,2022-02-14,Falcons,https://ormrhl.com/wp-content/uploads/2021/11/falcons_icon-128x128.png,#233A6B,Brandon Wellsbury,brandon-wellsbury,Forward,0,1,1,0,0,2021-2022,regular
1097,Regular Season 2021-2022,2022-02-14,Falcons,https://ormrhl.com/wp-content/uploads/2021/11/falcons_icon-128x128.png,#233A6B,Jason Todd,jason-todd,Defence,1,1,2,0,0,2021-2022,regular
1097,Regular Season 2021-2022,2022-02-14,Falcons,https://ormrhl.com/wp-content/uploads/2021/11/falcons_icon-128x128.png,#233A6B,Leo Napolitano,leo-napolitano,Defence,0,0,0,0,0,2021-2022,regular
1097,Regular Season 2021-2022,2022-02-14,Falcons,https://ormrhl.com/wp-content/uploads/2021/11/falcons_icon-128x128.png,#233A6B,Robbie Spencer,robbie-spencer,Forward,0,1,1,0,0,2021-2022,regular
1097,Regular Season 2021-2022,2022-02-14,Falcons,https://ormrhl.com/wp-content/uploads/2021/11/falcons_icon-128x128.png,#233A6B,Rocco Malfara,rocco-malfara,Defence,0,0,0,0,0,2021-2022,regular
1097,Regular Season 2021-2022,2022-02-14,Falcons,https://ormrhl.com/wp-content/uploads/2021/11/falcons_icon-128x128.png,#233A6B,Ryan Doggart,ryan-doggart,Forward,1,0,1,0,0,2021-2022,regular
1097,Regular Season 2021-2022,2022-02-14,Falcons,https://ormrhl.com/wp-content/uploads/2021/11/falcons_icon-128x128.png,#233A6B,Trystan Lebrun,trystan-lebrun,Goaltender,0,0,0,0,0,2021-2022,regular
1098,Regular Season 2021-2022,2022-02-14,Marlins,https://ormrhl.com/wp-content/uploads/2021/11/marlins_logo-128x128.png,#1E8A8A,Chris Maloney,chris-maloney,Forward,1,0,1,0,0,2021-2022,regular
1098,Regular Season 2021-2022,2022-02-14,Marlins,https://ormrhl.com/wp-content/uploads/2021/11/marlins_logo-128x128.png,#1E8A8A,Doug Grant,doug-grant,Forward,0,0,0,0,0,2021-2022,regular
1098,Regular Season 2021-2022,2022-02-14,Marlins,https://ormrhl.com/wp-content/uploads/2021/11/marlins_logo-128x128.png,#1E8A8A,Duncan Stalker,duncan-stalker,Defence,0,0,0,0,0,2021-2022,regular
1098,Regular Season 2021-2022,2022-02-14,Marlins,https://ormrhl.com/wp-content/uploads/2021/11/marlins_logo-128x128.png,#1E8A8A,Harrison Kane,harrison-kane,Defence,0,1,1,0,0,2021-2022,regular
1098,Regular Season 2021-2022,2022-02-14,Marlins,https://ormrhl.com/wp-content/uploads/2021/11/marlins_logo-128x128.png,#1E8A8A,Jackson Morgis,jackson-morgis,Goaltender,0,0,0,0,0,2021-2022,regular
1098,Regular Season 2021-2022,2022-02-14,Marlins,https://ormrhl.com/wp-content/uploads/2021/11/marlins_logo-128x128.png,#1E8A8A,Jeff Connor,jeff-connor,Forward,3,2,5,0,0,2021-2022,regular
1098,Regular Season 2021-2022,2022-02-14,Marlins,https://ormrhl.com/wp-content/uploads/2021/11/marlins_logo-128x128.png,#1E8A8A,Jeremy Grey,jeremy-grey,Defence,0,0,0,0,0,2021-2022,regular
1098,Regular Season 2021-2022,2022-02-14,Marlins,https://ormrhl.com/wp-content/uploads/2021/11/marlins_logo-128x128.png,#1E8A8A,Larry Laughlin,larry-laughlin,Forward,0,0,0,0,0,2021-2022,regular
1098,Regular Season 2021-2022,2022-02-14,Marlins,https://ormrhl.com/wp-content/uploads/2021/11/marlins_logo-128x128.png,#1E8A8A,Mack Charron,mack-charron,Forward,1,3,4,0,0,2021-2022,regular
1098,Regular Season 2021-2022,2022-02-14,Marlins,https://ormrhl.com/wp-content/uploads/2021/11/marlins_logo-128x128.png,#1E8A8A,Mark Sceeles,mark-sceeles,Defence,0,0,0,0,0,2021-2022,regular
1098,Regular Season 2021-2022,2022-02-14,Marlins,https://ormrhl.com/wp-content/uploads/2021/11/marlins_logo-128x128.png,#1E8A8A,Michael Montesanti,michael-montesanti,Forward,0,0,0,0,0,2021-2022,regular
1098,Regular Season 2021-2022,2022-02-14,Marlins,https://ormrhl.com/wp-content/uploads/2021/11/marlins_logo-128x128.png,#1E8A8A,Scott Browne,scott-browne,Forward,0,0,0,0,0,2021-2022,regular
1098,Regular Season 2021-2022,2022-02-14,Marlins,https://ormrhl.com/wp-content/uploads/2021/11/marlins_logo-128x128.png,#1E8A8A,Thomas Grant,thomas-grant,Defence,0,2,2,0,0,2021-2022,regular
1098,Regular Season 2021-2022,2022-02-14,Marlins,https://ormrhl.com/wp-content/uploads/2021/11/marlins_logo-128x128.png,#1E8A8A,Todd Wheeler,todd-wheeler,Forward,2,1,3,0,0,2021-2022,regular
1098,Regular Season 2021-2022,2022-02-14,Marlins,https://ormrhl.com/wp-content/uploads/2021/11/marlins_logo-128x128.png,#1E8A8A,Tyler Kozak,tyler-kozak,Defence,0,4,4,1,0,2021-2022,regular
1098,Regular Season 2021-2022,2022-02-14,Wildcats,https://ormrhl.com/wp-content/uploads/2021/11/wildcats_logo-128x128.png,#D97B29,Anthony Ventrella,anthony-ventrella,Forward,1,0,1,0,0,2021-2022,regular
1098,Regular Season 2021-2022,2022-02-14,Wildcats,https://ormrhl.com/wp-content/uploads/2021/11/wildcats_logo-128x128.png,#D97B29,Brian Hatton,brian-hatton,Goaltender,0,1,1,0,0,2021-2022,regular
1098,Regular Season 2021-2022,2022-02-14,Wildcats,https://ormrhl.com/wp-content/uploads/2021/11/wildcats_logo-128x128.png,#D97B29,Colby Clarke,colby-clarke,Forward,5,1,6,0,0,2021-2022,regular
1098,Regular Season 2021-2022,2022-02-14,Wildcats,https://ormrhl.com/wp-content/uploads/2021/11/wildcats_logo-128x128.png,#D97B29,Dan Richards,dan-richards,Forward,0,1,1,0,0,2021-2022,regular
1098,Regular Season 2021-2022,2022-02-14,Wildcats,https://ormrhl.com/wp-content/uploads/2021/11/wildcats_logo-128x128.png,#D97B29,Greg Sipprell,greg-sipprell2,Forward,0,2,2,0,0,2021-2022,regular
1098,Regular Season 2021-2022,2022-02-14,Wildcats,https://ormrhl.com/wp-content/uploads/2021/11/wildcats_logo-128x128.png,#D97B29,Jaro Verchkovski,jaro-verchkovski,Forward,0,1,1,0,0,2021-2022,regular
1098,Regular Season 2021-2022,2022-02-14,Wildcats,https://ormrhl.com/wp-content/uploads/2021/11/wildcats_logo-128x128.png,#D97B29,Lucas Kleine,lucas-kleine,Forward,0,0,0,0,0,2021-2022,regular
1098,Regular Season 2021-2022,2022-02-14,Wildcats,https://ormrhl.com/wp-content/uploads/2021/11/wildcats_logo-128x128.png,#D97B29,Pat Parent,pat-parent,Defence,0,2,2,0,0,2021-2022,regular
1098,Regular Season 2021-2022,2022-02-14,Wildcats,https://ormrhl.com/wp-content/uploads/2021/11/wildcats_logo-128x128.png,#D97B29,Serge Lossev,serge-lossev,Forward,0,2,2,0,0,2021-2022,regular
1099,Regular Season 2021-2022,2022-02-17,Marlins,https://ormrhl.com/wp-content/uploads/2021/11/marlins_logo-128x128.png,#1E8A8A,Chris Maloney,chris-maloney,Forward,0,1,1,0,0,2021-2022,regular
1099,Regular Season 2021-2022,2022-02-17,Marlins,https://ormrhl.com/wp-content/uploads/2021/11/marlins_logo-128x128.png,#1E8A8A,Doug Grant,doug-grant,Forward,0,2,2,0,0,2021-2022,regular
1099,Regular Season 2021-2022,2022-02-17,Marlins,https://ormrhl.com/wp-content/uploads/2021/11/marlins_logo-128x128.png,#1E8A8A,Duncan Stalker,duncan-stalker,Defence,0,0,0,0,0,2021-2022,regular
1099,Regular Season 2021-2022,2022-02-17,Marlins,https://ormrhl.com/wp-content/uploads/2021/11/marlins_logo-128x128.png,#1E8A8A,Harrison Kane,harrison-kane,Defence,0,2,2,0,0,2021-2022,regular
1099,Regular Season 2021-2022,2022-02-17,Marlins,https://ormrhl.com/wp-content/uploads/2021/11/marlins_logo-128x128.png,#1E8A8A,Jackson Morgis,jackson-morgis,Goaltender,0,0,0,0,0,2021-2022,regular
1099,Regular Season 2021-2022,2022-02-17,Marlins,https://ormrhl.com/wp-content/uploads/2021/11/marlins_logo-128x128.png,#1E8A8A,Jeff Connor,jeff-connor,Forward,3,1,4,0,0,2021-2022,regular
1099,Regular Season 2021-2022,2022-02-17,Marlins,https://ormrhl.com/wp-content/uploads/2021/11/marlins_logo-128x128.png,#1E8A8A,Jeremy Grey,jeremy-grey,Defence,0,0,0,0,0,2021-2022,regular
1099,Regular Season 2021-2022,2022-02-17,Marlins,https://ormrhl.com/wp-content/uploads/2021/11/marlins_logo-128x128.png,#1E8A8A,Mack Charron,mack-charron,Forward,3,0,3,0,0,2021-2022,regular
1099,Regular Season 2021-2022,2022-02-17,Marlins,https://ormrhl.com/wp-content/uploads/2021/11/marlins_logo-128x128.png,#1E8A8A,Mark Sceeles,mark-sceeles,Defence,0,0,0,0,0,2021-2022,regular
1099,Regular Season 2021-2022,2022-02-17,Marlins,https://ormrhl.com/wp-content/uploads/2021/11/marlins_logo-128x128.png,#1E8A8A,Michael Montesanti,michael-montesanti,Forward,1,0,1,0,0,2021-2022,regular
1099,Regular Season 2021-2022,2022-02-17,Marlins,https://ormrhl.com/wp-content/uploads/2021/11/marlins_logo-128x128.png,#1E8A8A,Scott Browne,scott-browne,Forward,0,1,1,0,0,2021-2022,regular
1099,Regular Season 2021-2022,2022-02-17,Marlins,https://ormrhl.com/wp-content/uploads/2021/11/marlins_logo-128x128.png,#1E8A8A,Thomas Grant,thomas-grant,Defence,1,0,1,1,0,2021-2022,regular
1099,Regular Season 2021-2022,2022-02-17,Marlins,https://ormrhl.com/wp-content/uploads/2021/11/marlins_logo-128x128.png,#1E8A8A,Todd Wheeler,todd-wheeler,Forward,0,2,2,0,0,2021-2022,regular
1099,Regular Season 2021-2022,2022-02-17,Marlins,https://ormrhl.com/wp-content/uploads/2021/11/marlins_logo-128x128.png,#1E8A8A,Tyler Kozak,tyler-kozak,Defence,0,2,2,0,0,2021-2022,regular
1099,Regular Season 2021-2022,2022-02-17,Rhinos,https://ormrhl.com/wp-content/uploads/2021/11/Rhinos_logo-128x128.png,#6B6F76,Adam Klein,adam-klein,Forward,0,0,0,0,0,2021-2022,regular
1099,Regular Season 2021-2022,2022-02-17,Rhinos,https://ormrhl.com/wp-content/uploads/2021/11/Rhinos_logo-128x128.png,#6B6F76,Anthony Ventrella,anthony-ventrella,Forward,1,0,1,0,0,2021-2022,regular
1099,Regular Season 2021-2022,2022-02-17,Rhinos,https://ormrhl.com/wp-content/uploads/2021/11/Rhinos_logo-128x128.png,#6B6F76,Daniel De Angelis,daniel-de-angelis,Defence,0,2,2,0,0,2021-2022,regular
1099,Regular Season 2021-2022,2022-02-17,Rhinos,https://ormrhl.com/wp-content/uploads/2021/11/Rhinos_logo-128x128.png,#6B6F76,Gianluca Santocono,gianluca-santocono,Defence,0,0,0,0,0,2021-2022,regular
1099,Regular Season 2021-2022,2022-02-17,Rhinos,https://ormrhl.com/wp-content/uploads/2021/11/Rhinos_logo-128x128.png,#6B6F76,Jeff Goodman,jeff-goodman,Goaltender,0,0,0,0,0,2021-2022,regular
1099,Regular Season 2021-2022,2022-02-17,Rhinos,https://ormrhl.com/wp-content/uploads/2021/11/Rhinos_logo-128x128.png,#6B6F76,Josh Machesney,josh-machesney,Forward,1,3,4,0,0,2021-2022,regular
1099,Regular Season 2021-2022,2022-02-17,Rhinos,https://ormrhl.com/wp-content/uploads/2021/11/Rhinos_logo-128x128.png,#6B6F76,Lorne Feld,lorne-feld,Forward,0,1,1,0,0,2021-2022,regular
1099,Regular Season 2021-2022,2022-02-17,Rhinos,https://ormrhl.com/wp-content/uploads/2021/11/Rhinos_logo-128x128.png,#6B6F76,Matthew Quintieri,matthew-quintieri,Forward,0,1,1,0,0,2021-2022,regular
1099,Regular Season 2021-2022,2022-02-17,Rhinos,https://ormrhl.com/wp-content/uploads/2021/11/Rhinos_logo-128x128.png,#6B6F76,Mike Clements,mike-clements,Defence,0,1,1,0,0,2021-2022,regular
1099,Regular Season 2021-2022,2022-02-17,Rhinos,https://ormrhl.com/wp-content/uploads/2021/11/Rhinos_logo-128x128.png,#6B6F76,Neil DeCantis,neil-decantis,Forward,2,1,3,0,0,2021-2022,regular
1099,Regular Season 2021-2022,2022-02-17,Rhinos,https://ormrhl.com/wp-content/uploads/2021/11/Rhinos_logo-128x128.png,#6B6F76,Robert Doswell,robert-doswell,Defence,0,0,0,0,0,2021-2022,regular
1099,Regular Season 2021-2022,2022-02-17,Rhinos,https://ormrhl.com/wp-content/uploads/2021/11/Rhinos_logo-128x128.png,#6B6F76,Robin Harrison,robin-harrison,Defence,0,0,0,0,0,2021-2022,regular
1100,Regular Season 2021-2022,2022-02-17,Falcons,https://ormrhl.com/wp-content/uploads/2021/11/falcons_icon-128x128.png,#233A6B,Brandon Wellsbury,brandon-wellsbury,Forward,2,2,4,0,0,2021-2022,regular
1100,Regular Season 2021-2022,2022-02-17,Falcons,https://ormrhl.com/wp-content/uploads/2021/11/falcons_icon-128x128.png,#233A6B,Dale Bishop,dale-bishop,Defence,0,0,0,0,0,2021-2022,regular
1100,Regular Season 2021-2022,2022-02-17,Falcons,https://ormrhl.com/wp-content/uploads/2021/11/falcons_icon-128x128.png,#233A6B,Daniel Bishev,daniel-bishev,Forward,2,2,4,0,0,2021-2022,regular
1100,Regular Season 2021-2022,2022-02-17,Falcons,https://ormrhl.com/wp-content/uploads/2021/11/falcons_icon-128x128.png,#233A6B,Jason Todd,jason-todd,Defence,0,2,2,0,0,2021-2022,regular
1100,Regular Season 2021-2022,2022-02-17,Falcons,https://ormrhl.com/wp-content/uploads/2021/11/falcons_icon-128x128.png,#233A6B,Jonathan West,jonathan-west,Forward,0,0,0,0,0,2021-2022,regular
1100,Regular Season 2021-2022,2022-02-17,Falcons,https://ormrhl.com/wp-content/uploads/2021/11/falcons_icon-128x128.png,#233A6B,Leo Napolitano,leo-napolitano,Defence,0,0,0,0,0,2021-2022,regular
1100,Regular Season 2021-2022,2022-02-17,Falcons,https://ormrhl.com/wp-content/uploads/2021/11/falcons_icon-128x128.png,#233A6B,Marco Dileo,marco-dileo,Forward,0,2,2,0,0,2021-2022,regular
1100,Regular Season 2021-2022,2022-02-17,Falcons,https://ormrhl.com/wp-content/uploads/2021/11/falcons_icon-128x128.png,#233A6B,Nathan Loach,nathan-loach,Defence,1,0,1,0,0,2021-2022,regular
1100,Regular Season 2021-2022,2022-02-17,Falcons,https://ormrhl.com/wp-content/uploads/2021/11/falcons_icon-128x128.png,#233A6B,Robbie Spencer,robbie-spencer,Forward,1,0,1,0,0,2021-2022,regular
1100,Regular Season 2021-2022,2022-02-17,Falcons,https://ormrhl.com/wp-content/uploads/2021/11/falcons_icon-128x128.png,#233A6B,Trystan Lebrun,trystan-lebrun,Goaltender,0,0,0,0,0,2021-2022,regular
1100,Regular Season 2021-2022,2022-02-17,Wildcats,https://ormrhl.com/wp-content/uploads/2021/11/wildcats_logo-128x128.png,#D97B29,Colby Clarke,colby-clarke,Forward,3,0,3,0,0,2021-2022,regular
1100,Regular Season 2021-2022,2022-02-17,Wildcats,https://ormrhl.com/wp-content/uploads/2021/11/wildcats_logo-128x128.png,#D97B29,Dan Richards,dan-richards,Forward,0,2,2,0,0,2021-2022,regular
1100,Regular Season 2021-2022,2022-02-17,Wildcats,https://ormrhl.com/wp-content/uploads/2021/11/wildcats_logo-128x128.png,#D97B29,Greg Sipprell,greg-sipprell2,Forward,0,2,2,1,0,2021-2022,regular
1100,Regular Season 2021-2022,2022-02-17,Wildcats,https://ormrhl.com/wp-content/uploads/2021/11/wildcats_logo-128x128.png,#D97B29,Lucas Kleine,lucas-kleine,Forward,0,1,1,0,0,2021-2022,regular
1100,Regular Season 2021-2022,2022-02-17,Wildcats,https://ormrhl.com/wp-content/uploads/2021/11/wildcats_logo-128x128.png,#D97B29,Pat Parent,pat-parent,Defence,1,0,1,0,0,2021-2022,regular
1100,Regular Season 2021-2022,2022-02-17,Wildcats,https://ormrhl.com/wp-content/uploads/2021/11/wildcats_logo-128x128.png,#D97B29,Rob Kleine,rob-kleine,Forward,0,0,0,0,0,2021-2022,regular
1100,Regular Season 2021-2022,2022-02-17,Wildcats,https://ormrhl.com/wp-content/uploads/2021/11/wildcats_logo-128x128.png,#D97B29,Ryan Smith,ryan-smith-og,Forward,2,0,2,0,0,2021-2022,regular
1100,Regular Season 2021-2022,2022-02-17,Wildcats,https://ormrhl.com/wp-content/uploads/2021/11/wildcats_logo-128x128.png,#D97B29,Victor Verchkovski,victor-verchkovski,Forward,0,1,1,0,0,2021-2022,regular
1101,Regular Season 2021-2022,2022-02-17,Cobras,https://ormrhl.com/wp-content/uploads/2021/11/Cobras_Logo-128x128.png,#2B8C5C,Adrian Iudiciani,adrian-iudiciani,Forward,0,0,0,0,0,2021-2022,regular
1101,Regular Season 2021-2022,2022-02-17,Cobras,https://ormrhl.com/wp-content/uploads/2021/11/Cobras_Logo-128x128.png,#2B8C5C,Angelo Capone,angelo-capone,Forward,1,1,2,0,0,2021-2022,regular
1101,Regular Season 2021-2022,2022-02-17,Cobras,https://ormrhl.com/wp-content/uploads/2021/11/Cobras_Logo-128x128.png,#2B8C5C,Brandon De Assuncao,brandon-de-assuncao,Forward,2,0,2,0,0,2021-2022,regular
1101,Regular Season 2021-2022,2022-02-17,Cobras,https://ormrhl.com/wp-content/uploads/2021/11/Cobras_Logo-128x128.png,#2B8C5C,Drew Grasse,drew-grasse,Forward,0,1,1,0,0,2021-2022,regular
1101,Regular Season 2021-2022,2022-02-17,Cobras,https://ormrhl.com/wp-content/uploads/2021/11/Cobras_Logo-128x128.png,#2B8C5C,Justin Pappianni,justin-papaianni,Forward,0,0,0,0,0,2021-2022,regular
1101,Regular Season 2021-2022,2022-02-17,Cobras,https://ormrhl.com/wp-content/uploads/2021/11/Cobras_Logo-128x128.png,#2B8C5C,Rob Iudiciani,rob-iudiciani,Defence,0,2,2,0,0,2021-2022,regular
1101,Regular Season 2021-2022,2022-02-17,Cobras,https://ormrhl.com/wp-content/uploads/2021/11/Cobras_Logo-128x128.png,#2B8C5C,Steve Souphanthong,steve-souphanthong,Forward,0,0,0,0,0,2021-2022,regular
1101,Regular Season 2021-2022,2022-02-17,Cobras,https://ormrhl.com/wp-content/uploads/2021/11/Cobras_Logo-128x128.png,#2B8C5C,Tyler Doyle,tyler-doyle,Forward,1,0,1,0,0,2021-2022,regular
1101,Regular Season 2021-2022,2022-02-17,Eagles,https://ormrhl.com/wp-content/uploads/2021/11/Eagles_logo-128x128.png,#A31E2E,Alex Disera,alex-disera,Forward,0,1,1,0,0,2021-2022,regular
1101,Regular Season 2021-2022,2022-02-17,Eagles,https://ormrhl.com/wp-content/uploads/2021/11/Eagles_logo-128x128.png,#A31E2E,Anthony Loduca,anthony-loduca,Forward,2,2,4,0,0,2021-2022,regular
1101,Regular Season 2021-2022,2022-02-17,Eagles,https://ormrhl.com/wp-content/uploads/2021/11/Eagles_logo-128x128.png,#A31E2E,Darren Desrosiers,darren-desrosiers,Forward,2,0,2,0,0,2021-2022,regular
1101,Regular Season 2021-2022,2022-02-17,Eagles,https://ormrhl.com/wp-content/uploads/2021/11/Eagles_logo-128x128.png,#A31E2E,Hugh Smylie,hugh-smylie,Defence,0,1,1,0,0,2021-2022,regular
1101,Regular Season 2021-2022,2022-02-17,Eagles,https://ormrhl.com/wp-content/uploads/2021/11/Eagles_logo-128x128.png,#A31E2E,James Counter,james-counter,Forward,0,1,1,0,0,2021-2022,regular
1101,Regular Season 2021-2022,2022-02-17,Eagles,https://ormrhl.com/wp-content/uploads/2021/11/Eagles_logo-128x128.png,#A31E2E,Joey Leger,joey-leger,Forward,0,1,1,0,0,2021-2022,regular
1101,Regular Season 2021-2022,2022-02-17,Eagles,https://ormrhl.com/wp-content/uploads/2021/11/Eagles_logo-128x128.png,#A31E2E,Jordan Bodimeade,jordan-bodimeade,Forward,0,1,1,0,0,2021-2022,regular
1101,Regular Season 2021-2022,2022-02-17,Eagles,https://ormrhl.com/wp-content/uploads/2021/11/Eagles_logo-128x128.png,#A31E2E,Kevin Hinton,kevin-hinton,Forward,0,0,0,0,0,2021-2022,regular
1101,Regular Season 2021-2022,2022-02-17,Eagles,https://ormrhl.com/wp-content/uploads/2021/11/Eagles_logo-128x128.png,#A31E2E,Mario Carriero,mario-carriero,Goaltender,0,0,0,0,0,2021-2022,regular
1101,Regular Season 2021-2022,2022-02-17,Eagles,https://ormrhl.com/wp-content/uploads/2021/11/Eagles_logo-128x128.png,#A31E2E,Mario Mazzucco,mario-mazzucco,Forward,2,2,4,0,0,2021-2022,regular
1101,Regular Season 2021-2022,2022-02-17,Eagles,https://ormrhl.com/wp-content/uploads/2021/11/Eagles_logo-128x128.png,#A31E2E,Scott Sutton,scott-sutton,Defence,3,4,7,0,0,2021-2022,regular
1102,Regular Season 2021-2022,2022-02-21,Cobras,https://ormrhl.com/wp-content/uploads/2021/11/Cobras_Logo-128x128.png,#2B8C5C,Adrian Iudiciani,adrian-iudiciani,Forward,1,2,3,0,0,2021-2022,regular
1102,Regular Season 2021-2022,2022-02-21,Cobras,https://ormrhl.com/wp-content/uploads/2021/11/Cobras_Logo-128x128.png,#2B8C5C,Angelo Capone,angelo-capone,Forward,3,1,4,0,0,2021-2022,regular
1102,Regular Season 2021-2022,2022-02-21,Cobras,https://ormrhl.com/wp-content/uploads/2021/11/Cobras_Logo-128x128.png,#2B8C5C,Brandon De Assuncao,brandon-de-assuncao,Forward,0,1,1,0,0,2021-2022,regular
1102,Regular Season 2021-2022,2022-02-21,Cobras,https://ormrhl.com/wp-content/uploads/2021/11/Cobras_Logo-128x128.png,#2B8C5C,Drew Grasse,drew-grasse,Forward,0,0,0,0,0,2021-2022,regular
1102,Regular Season 2021-2022,2022-02-21,Cobras,https://ormrhl.com/wp-content/uploads/2021/11/Cobras_Logo-128x128.png,#2B8C5C,James Mitchell,james-mitchell,Forward,1,1,2,0,0,2021-2022,regular
1102,Regular Season 2021-2022,2022-02-21,Cobras,https://ormrhl.com/wp-content/uploads/2021/11/Cobras_Logo-128x128.png,#2B8C5C,Justin Pappianni,justin-papaianni,Forward,0,0,0,0,0,2021-2022,regular
1102,Regular Season 2021-2022,2022-02-21,Cobras,https://ormrhl.com/wp-content/uploads/2021/11/Cobras_Logo-128x128.png,#2B8C5C,Rob Iudiciani,rob-iudiciani,Defence,0,1,1,0,0,2021-2022,regular
1102,Regular Season 2021-2022,2022-02-21,Cobras,https://ormrhl.com/wp-content/uploads/2021/11/Cobras_Logo-128x128.png,#2B8C5C,Steve Souphanthong,steve-souphanthong,Forward,1,2,3,0,0,2021-2022,regular
1102,Regular Season 2021-2022,2022-02-21,Cobras,https://ormrhl.com/wp-content/uploads/2021/11/Cobras_Logo-128x128.png,#2B8C5C,Tyler Doyle,tyler-doyle,Forward,1,2,3,0,0,2021-2022,regular
1102,Regular Season 2021-2022,2022-02-21,Wildcats,https://ormrhl.com/wp-content/uploads/2021/11/wildcats_logo-128x128.png,#D97B29,Brian Hatton,brian-hatton,Goaltender,0,0,0,0,0,2021-2022,regular
1102,Regular Season 2021-2022,2022-02-21,Wildcats,https://ormrhl.com/wp-content/uploads/2021/11/wildcats_logo-128x128.png,#D97B29,Colby Clarke,colby-clarke,Forward,1,2,3,0,0,2021-2022,regular
1102,Regular Season 2021-2022,2022-02-21,Wildcats,https://ormrhl.com/wp-content/uploads/2021/11/wildcats_logo-128x128.png,#D97B29,Dan Richards,dan-richards,Forward,2,2,4,0,0,2021-2022,regular
1102,Regular Season 2021-2022,2022-02-21,Wildcats,https://ormrhl.com/wp-content/uploads/2021/11/wildcats_logo-128x128.png,#D97B29,Greg Sipprell,greg-sipprell2,Forward,0,1,1,0,0,2021-2022,regular
1102,Regular Season 2021-2022,2022-02-21,Wildcats,https://ormrhl.com/wp-content/uploads/2021/11/wildcats_logo-128x128.png,#D97B29,Jaro Verchkovski,jaro-verchkovski,Forward,0,0,0,0,0,2021-2022,regular
1102,Regular Season 2021-2022,2022-02-21,Wildcats,https://ormrhl.com/wp-content/uploads/2021/11/wildcats_logo-128x128.png,#D97B29,Lucas Kleine,lucas-kleine,Forward,0,1,1,0,0,2021-2022,regular
1102,Regular Season 2021-2022,2022-02-21,Wildcats,https://ormrhl.com/wp-content/uploads/2021/11/wildcats_logo-128x128.png,#D97B29,Pat Parent,pat-parent,Defence,0,0,0,0,0,2021-2022,regular
1102,Regular Season 2021-2022,2022-02-21,Wildcats,https://ormrhl.com/wp-content/uploads/2021/11/wildcats_logo-128x128.png,#D97B29,Paul Wolanski,paul-wolanski,Defence,1,0,1,0,0,2021-2022,regular
1102,Regular Season 2021-2022,2022-02-21,Wildcats,https://ormrhl.com/wp-content/uploads/2021/11/wildcats_logo-128x128.png,#D97B29,Ryan Smith,ryan-smith-og,Forward,1,0,1,0,0,2021-2022,regular
1102,Regular Season 2021-2022,2022-02-21,Wildcats,https://ormrhl.com/wp-content/uploads/2021/11/wildcats_logo-128x128.png,#D97B29,Serge Lossev,serge-lossev,Forward,1,0,1,0,0,2021-2022,regular
1102,Regular Season 2021-2022,2022-02-21,Wildcats,https://ormrhl.com/wp-content/uploads/2021/11/wildcats_logo-128x128.png,#D97B29,Victor Verchkovski,victor-verchkovski,Forward,0,0,0,0,0,2021-2022,regular
1103,Regular Season 2021-2022,2022-02-21,Eagles,https://ormrhl.com/wp-content/uploads/2021/11/Eagles_logo-128x128.png,#A31E2E,Alex Disera,alex-disera,Forward,0,0,0,0,0,2021-2022,regular
1103,Regular Season 2021-2022,2022-02-21,Eagles,https://ormrhl.com/wp-content/uploads/2021/11/Eagles_logo-128x128.png,#A31E2E,Anthony Loduca,anthony-loduca,Forward,0,0,0,0,0,2021-2022,regular
1103,Regular Season 2021-2022,2022-02-21,Eagles,https://ormrhl.com/wp-content/uploads/2021/11/Eagles_logo-128x128.png,#A31E2E,Hugh Smylie,hugh-smylie,Defence,0,0,0,0,0,2021-2022,regular
1103,Regular Season 2021-2022,2022-02-21,Eagles,https://ormrhl.com/wp-content/uploads/2021/11/Eagles_logo-128x128.png,#A31E2E,James Counter,james-counter,Forward,0,1,1,0,0,2021-2022,regular
1103,Regular Season 2021-2022,2022-02-21,Eagles,https://ormrhl.com/wp-content/uploads/2021/11/Eagles_logo-128x128.png,#A31E2E,Joey Leger,joey-leger,Forward,0,0,0,0,0,2021-2022,regular
1103,Regular Season 2021-2022,2022-02-21,Eagles,https://ormrhl.com/wp-content/uploads/2021/11/Eagles_logo-128x128.png,#A31E2E,Jordan Bodimeade,jordan-bodimeade,Forward,0,1,1,0,0,2021-2022,regular
1103,Regular Season 2021-2022,2022-02-21,Eagles,https://ormrhl.com/wp-content/uploads/2021/11/Eagles_logo-128x128.png,#A31E2E,Kevin Hinton,kevin-hinton,Forward,1,0,1,0,0,2021-2022,regular
1103,Regular Season 2021-2022,2022-02-21,Eagles,https://ormrhl.com/wp-content/uploads/2021/11/Eagles_logo-128x128.png,#A31E2E,Larry Laughlin,larry-laughlin,Forward,0,0,0,0,0,2021-2022,regular
1103,Regular Season 2021-2022,2022-02-21,Eagles,https://ormrhl.com/wp-content/uploads/2021/11/Eagles_logo-128x128.png,#A31E2E,Lucas Ackerman,lucas-ackerman,Forward,0,0,0,0,0,2021-2022,regular
1103,Regular Season 2021-2022,2022-02-21,Eagles,https://ormrhl.com/wp-content/uploads/2021/11/Eagles_logo-128x128.png,#A31E2E,Mario Carriero,mario-carriero,Goaltender,0,0,0,0,0,2021-2022,regular
1103,Regular Season 2021-2022,2022-02-21,Eagles,https://ormrhl.com/wp-content/uploads/2021/11/Eagles_logo-128x128.png,#A31E2E,Mario Mazzucco,mario-mazzucco,Forward,0,0,0,0,0,2021-2022,regular
1103,Regular Season 2021-2022,2022-02-21,Eagles,https://ormrhl.com/wp-content/uploads/2021/11/Eagles_logo-128x128.png,#A31E2E,Scott Sutton,scott-sutton,Defence,1,0,1,1,0,2021-2022,regular
1103,Regular Season 2021-2022,2022-02-21,Rhinos,https://ormrhl.com/wp-content/uploads/2021/11/Rhinos_logo-128x128.png,#6B6F76,Anthony Ventrella,anthony-ventrella,Forward,0,3,3,0,0,2021-2022,regular
1103,Regular Season 2021-2022,2022-02-21,Rhinos,https://ormrhl.com/wp-content/uploads/2021/11/Rhinos_logo-128x128.png,#6B6F76,Daniel De Angelis,daniel-de-angelis,Defence,1,0,1,0,0,2021-2022,regular
1103,Regular Season 2021-2022,2022-02-21,Rhinos,https://ormrhl.com/wp-content/uploads/2021/11/Rhinos_logo-128x128.png,#6B6F76,Gianluca Santocono,gianluca-santocono,Defence,0,0,0,0,0,2021-2022,regular
1103,Regular Season 2021-2022,2022-02-21,Rhinos,https://ormrhl.com/wp-content/uploads/2021/11/Rhinos_logo-128x128.png,#6B6F76,Josh Machesney,josh-machesney,Forward,0,2,2,0,0,2021-2022,regular
1103,Regular Season 2021-2022,2022-02-21,Rhinos,https://ormrhl.com/wp-content/uploads/2021/11/Rhinos_logo-128x128.png,#6B6F76,Lorne Feld,lorne-feld,Forward,1,0,1,0,0,2021-2022,regular
1103,Regular Season 2021-2022,2022-02-21,Rhinos,https://ormrhl.com/wp-content/uploads/2021/11/Rhinos_logo-128x128.png,#6B6F76,Matthew Quintieri,matthew-quintieri,Forward,0,1,1,0,0,2021-2022,regular
1103,Regular Season 2021-2022,2022-02-21,Rhinos,https://ormrhl.com/wp-content/uploads/2021/11/Rhinos_logo-128x128.png,#6B6F76,Mike Clements,mike-clements,Defence,0,0,0,0,0,2021-2022,regular
1103,Regular Season 2021-2022,2022-02-21,Rhinos,https://ormrhl.com/wp-content/uploads/2021/11/Rhinos_logo-128x128.png,#6B6F76,Neil DeCantis,neil-decantis,Forward,3,0,3,0,0,2021-2022,regular
1103,Regular Season 2021-2022,2022-02-21,Rhinos,https://ormrhl.com/wp-content/uploads/2021/11/Rhinos_logo-128x128.png,#6B6F76,Robert Doswell,robert-doswell,Defence,0,0,0,0,0,2021-2022,regular
1104,Regular Season 2021-2022,2022-02-21,Falcons,https://ormrhl.com/wp-content/uploads/2021/11/falcons_icon-128x128.png,#233A6B,Brandon Wellsbury,brandon-wellsbury,Forward,2,1,3,0,0,2021-2022,regular
1104,Regular Season 2021-2022,2022-02-21,Falcons,https://ormrhl.com/wp-content/uploads/2021/11/falcons_icon-128x128.png,#233A6B,Dale Bishop,dale-bishop,Defence,0,1,1,0,0,2021-2022,regular
1104,Regular Season 2021-2022,2022-02-21,Falcons,https://ormrhl.com/wp-content/uploads/2021/11/falcons_icon-128x128.png,#233A6B,Daniel Bishev,daniel-bishev,Forward,1,0,1,0,0,2021-2022,regular
1104,Regular Season 2021-2022,2022-02-21,Falcons,https://ormrhl.com/wp-content/uploads/2021/11/falcons_icon-128x128.png,#233A6B,Jason Todd,jason-todd,Defence,0,1,1,0,0,2021-2022,regular
1104,Regular Season 2021-2022,2022-02-21,Falcons,https://ormrhl.com/wp-content/uploads/2021/11/falcons_icon-128x128.png,#233A6B,Jonathan West,jonathan-west,Forward,0,0,0,0,0,2021-2022,regular
1104,Regular Season 2021-2022,2022-02-21,Falcons,https://ormrhl.com/wp-content/uploads/2021/11/falcons_icon-128x128.png,#233A6B,Leo Napolitano,leo-napolitano,Defence,0,0,0,0,0,2021-2022,regular
1104,Regular Season 2021-2022,2022-02-21,Falcons,https://ormrhl.com/wp-content/uploads/2021/11/falcons_icon-128x128.png,#233A6B,Robbie Spencer,robbie-spencer,Forward,0,1,1,0,0,2021-2022,regular
1104,Regular Season 2021-2022,2022-02-21,Falcons,https://ormrhl.com/wp-content/uploads/2021/11/falcons_icon-128x128.png,#233A6B,Ryan Doggart,ryan-doggart,Forward,1,0,1,0,0,2021-2022,regular
1104,Regular Season 2021-2022,2022-02-21,Falcons,https://ormrhl.com/wp-content/uploads/2021/11/falcons_icon-128x128.png,#233A6B,Trystan Lebrun,trystan-lebrun,Goaltender,0,0,0,0,0,2021-2022,regular
1104,Regular Season 2021-2022,2022-02-21,Marlins,https://ormrhl.com/wp-content/uploads/2021/11/marlins_logo-128x128.png,#1E8A8A,Chris Maloney,chris-maloney,Forward,0,1,1,0,0,2021-2022,regular
1104,Regular Season 2021-2022,2022-02-21,Marlins,https://ormrhl.com/wp-content/uploads/2021/11/marlins_logo-128x128.png,#1E8A8A,David Kane,david-kane,Forward,0,0,0,0,0,2021-2022,regular
1104,Regular Season 2021-2022,2022-02-21,Marlins,https://ormrhl.com/wp-content/uploads/2021/11/marlins_logo-128x128.png,#1E8A8A,Doug Grant,doug-grant,Forward,0,0,0,1,0,2021-2022,regular
1104,Regular Season 2021-2022,2022-02-21,Marlins,https://ormrhl.com/wp-content/uploads/2021/11/marlins_logo-128x128.png,#1E8A8A,Duncan Stalker,duncan-stalker,Defence,0,0,0,0,0,2021-2022,regular
1104,Regular Season 2021-2022,2022-02-21,Marlins,https://ormrhl.com/wp-content/uploads/2021/11/marlins_logo-128x128.png,#1E8A8A,Harrison Kane,harrison-kane,Defence,0,0,0,0,0,2021-2022,regular
1104,Regular Season 2021-2022,2022-02-21,Marlins,https://ormrhl.com/wp-content/uploads/2021/11/marlins_logo-128x128.png,#1E8A8A,Jackson Morgis,jackson-morgis,Goaltender,0,0,0,0,0,2021-2022,regular
1104,Regular Season 2021-2022,2022-02-21,Marlins,https://ormrhl.com/wp-content/uploads/2021/11/marlins_logo-128x128.png,#1E8A8A,Jeremy Grey,jeremy-grey,Defence,0,0,0,0,0,2021-2022,regular
1104,Regular Season 2021-2022,2022-02-21,Marlins,https://ormrhl.com/wp-content/uploads/2021/11/marlins_logo-128x128.png,#1E8A8A,Mack Charron,mack-charron,Forward,1,0,1,0,0,2021-2022,regular
1104,Regular Season 2021-2022,2022-02-21,Marlins,https://ormrhl.com/wp-content/uploads/2021/11/marlins_logo-128x128.png,#1E8A8A,Michael Montesanti,michael-montesanti,Forward,1,0,1,0,0,2021-2022,regular
1104,Regular Season 2021-2022,2022-02-21,Marlins,https://ormrhl.com/wp-content/uploads/2021/11/marlins_logo-128x128.png,#1E8A8A,Scott Browne,scott-browne,Forward,0,0,0,0,0,2021-2022,regular
1104,Regular Season 2021-2022,2022-02-21,Marlins,https://ormrhl.com/wp-content/uploads/2021/11/marlins_logo-128x128.png,#1E8A8A,Thomas Grant,thomas-grant,Defence,0,0,0,0,0,2021-2022,regular
1104,Regular Season 2021-2022,2022-02-21,Marlins,https://ormrhl.com/wp-content/uploads/2021/11/marlins_logo-128x128.png,#1E8A8A,Todd Wheeler,todd-wheeler,Forward,0,0,0,0,0,2021-2022,regular
1104,Regular Season 2021-2022,2022-02-21,Marlins,https://ormrhl.com/wp-content/uploads/2021/11/marlins_logo-128x128.png,#1E8A8A,Tyler Kozak,tyler-kozak,Defence,1,1,2,0,0,2021-2022,regular
1105,Regular Season 2021-2022,2022-02-24,Eagles,https://ormrhl.com/wp-content/uploads/2021/11/Eagles_logo-128x128.png,#A31E2E,Anthony Loduca,anthony-loduca,Forward,0,1,1,0,0,2021-2022,regular
1105,Regular Season 2021-2022,2022-02-24,Eagles,https://ormrhl.com/wp-content/uploads/2021/11/Eagles_logo-128x128.png,#A31E2E,Darren Desrosiers,darren-desrosiers,Forward,1,1,2,0,0,2021-2022,regular
1105,Regular Season 2021-2022,2022-02-24,Eagles,https://ormrhl.com/wp-content/uploads/2021/11/Eagles_logo-128x128.png,#A31E2E,Hugh Smylie,hugh-smylie,Defence,0,1,1,0,0,2021-2022,regular
1105,Regular Season 2021-2022,2022-02-24,Eagles,https://ormrhl.com/wp-content/uploads/2021/11/Eagles_logo-128x128.png,#A31E2E,James Counter,james-counter,Forward,0,0,0,0,0,2021-2022,regular
1105,Regular Season 2021-2022,2022-02-24,Eagles,https://ormrhl.com/wp-content/uploads/2021/11/Eagles_logo-128x128.png,#A31E2E,Jeff Mitchell,jeff-mitchell,Defence,0,0,0,0,0,2021-2022,regular
1105,Regular Season 2021-2022,2022-02-24,Eagles,https://ormrhl.com/wp-content/uploads/2021/11/Eagles_logo-128x128.png,#A31E2E,Joey Leger,joey-leger,Forward,0,0,0,0,0,2021-2022,regular
1105,Regular Season 2021-2022,2022-02-24,Eagles,https://ormrhl.com/wp-content/uploads/2021/11/Eagles_logo-128x128.png,#A31E2E,Jordan Bodimeade,jordan-bodimeade,Forward,0,1,1,0,0,2021-2022,regular
1105,Regular Season 2021-2022,2022-02-24,Eagles,https://ormrhl.com/wp-content/uploads/2021/11/Eagles_logo-128x128.png,#A31E2E,Kevin Hinton,kevin-hinton,Forward,0,1,1,0,0,2021-2022,regular
1105,Regular Season 2021-2022,2022-02-24,Eagles,https://ormrhl.com/wp-content/uploads/2021/11/Eagles_logo-128x128.png,#A31E2E,Larry Laughlin,larry-laughlin,Forward,0,0,0,0,0,2021-2022,regular
1105,Regular Season 2021-2022,2022-02-24,Eagles,https://ormrhl.com/wp-content/uploads/2021/11/Eagles_logo-128x128.png,#A31E2E,Lucas Ackerman,lucas-ackerman,Forward,1,0,1,0,0,2021-2022,regular
1105,Regular Season 2021-2022,2022-02-24,Eagles,https://ormrhl.com/wp-content/uploads/2021/11/Eagles_logo-128x128.png,#A31E2E,Mario Carriero,mario-carriero,Goaltender,0,0,0,0,0,2021-2022,regular
1105,Regular Season 2021-2022,2022-02-24,Eagles,https://ormrhl.com/wp-content/uploads/2021/11/Eagles_logo-128x128.png,#A31E2E,Mario Mazzucco,mario-mazzucco,Forward,1,0,1,0,0,2021-2022,regular
1105,Regular Season 2021-2022,2022-02-24,Eagles,https://ormrhl.com/wp-content/uploads/2021/11/Eagles_logo-128x128.png,#A31E2E,Scott Sutton,scott-sutton,Defence,0,0,0,0,0,2021-2022,regular
1105,Regular Season 2021-2022,2022-02-24,Marlins,https://ormrhl.com/wp-content/uploads/2021/11/marlins_logo-128x128.png,#1E8A8A,Chris Maloney,chris-maloney,Forward,0,0,0,0,0,2021-2022,regular
1105,Regular Season 2021-2022,2022-02-24,Marlins,https://ormrhl.com/wp-content/uploads/2021/11/marlins_logo-128x128.png,#1E8A8A,David Kane,david-kane,Forward,0,0,0,0,0,2021-2022,regular
1105,Regular Season 2021-2022,2022-02-24,Marlins,https://ormrhl.com/wp-content/uploads/2021/11/marlins_logo-128x128.png,#1E8A8A,Doug Grant,doug-grant,Forward,0,1,1,1,0,2021-2022,regular
1105,Regular Season 2021-2022,2022-02-24,Marlins,https://ormrhl.com/wp-content/uploads/2021/11/marlins_logo-128x128.png,#1E8A8A,Duncan Stalker,duncan-stalker,Defence,0,0,0,0,0,2021-2022,regular
1105,Regular Season 2021-2022,2022-02-24,Marlins,https://ormrhl.com/wp-content/uploads/2021/11/marlins_logo-128x128.png,#1E8A8A,Harrison Kane,harrison-kane,Defence,0,0,0,0,0,2021-2022,regular
1105,Regular Season 2021-2022,2022-02-24,Marlins,https://ormrhl.com/wp-content/uploads/2021/11/marlins_logo-128x128.png,#1E8A8A,Jackson Morgis,jackson-morgis,Goaltender,0,0,0,0,0,2021-2022,regular
1105,Regular Season 2021-2022,2022-02-24,Marlins,https://ormrhl.com/wp-content/uploads/2021/11/marlins_logo-128x128.png,#1E8A8A,Jeremy Grey,jeremy-grey,Defence,0,0,0,0,0,2021-2022,regular
1105,Regular Season 2021-2022,2022-02-24,Marlins,https://ormrhl.com/wp-content/uploads/2021/11/marlins_logo-128x128.png,#1E8A8A,Mack Charron,mack-charron,Forward,1,0,1,0,0,2021-2022,regular
1105,Regular Season 2021-2022,2022-02-24,Marlins,https://ormrhl.com/wp-content/uploads/2021/11/marlins_logo-128x128.png,#1E8A8A,Mark Sceeles,mark-sceeles,Defence,0,0,0,0,0,2021-2022,regular
1105,Regular Season 2021-2022,2022-02-24,Marlins,https://ormrhl.com/wp-content/uploads/2021/11/marlins_logo-128x128.png,#1E8A8A,Scott Browne,scott-browne,Forward,0,0,0,0,0,2021-2022,regular
1105,Regular Season 2021-2022,2022-02-24,Marlins,https://ormrhl.com/wp-content/uploads/2021/11/marlins_logo-128x128.png,#1E8A8A,Thomas Grant,thomas-grant,Defence,0,2,2,0,0,2021-2022,regular
1105,Regular Season 2021-2022,2022-02-24,Marlins,https://ormrhl.com/wp-content/uploads/2021/11/marlins_logo-128x128.png,#1E8A8A,Todd Wheeler,todd-wheeler,Forward,0,0,0,0,0,2021-2022,regular
1105,Regular Season 2021-2022,2022-02-24,Marlins,https://ormrhl.com/wp-content/uploads/2021/11/marlins_logo-128x128.png,#1E8A8A,Tyler Kozak,tyler-kozak,Defence,1,0,1,0,0,2021-2022,regular
1106,Regular Season 2021-2022,2022-02-24,Cobras,https://ormrhl.com/wp-content/uploads/2021/11/Cobras_Logo-128x128.png,#2B8C5C,Adrian Iudiciani,adrian-iudiciani,Forward,0,0,0,0,0,2021-2022,regular
1106,Regular Season 2021-2022,2022-02-24,Cobras,https://ormrhl.com/wp-content/uploads/2021/11/Cobras_Logo-128x128.png,#2B8C5C,Angelo Capone,angelo-capone,Forward,0,0,0,0,0,2021-2022,regular
1106,Regular Season 2021-2022,2022-02-24,Cobras,https://ormrhl.com/wp-content/uploads/2021/11/Cobras_Logo-128x128.png,#2B8C5C,Brandon De Assuncao,brandon-de-assuncao,Forward,0,0,0,0,0,2021-2022,regular
1106,Regular Season 2021-2022,2022-02-24,Cobras,https://ormrhl.com/wp-content/uploads/2021/11/Cobras_Logo-128x128.png,#2B8C5C,Drew Grasse,drew-grasse,Forward,0,1,1,0,0,2021-2022,regular
1106,Regular Season 2021-2022,2022-02-24,Cobras,https://ormrhl.com/wp-content/uploads/2021/11/Cobras_Logo-128x128.png,#2B8C5C,James Mitchell,james-mitchell,Forward,0,0,0,0,0,2021-2022,regular
1106,Regular Season 2021-2022,2022-02-24,Cobras,https://ormrhl.com/wp-content/uploads/2021/11/Cobras_Logo-128x128.png,#2B8C5C,Justin Pappianni,justin-papaianni,Forward,0,0,0,0,0,2021-2022,regular
1106,Regular Season 2021-2022,2022-02-24,Cobras,https://ormrhl.com/wp-content/uploads/2021/11/Cobras_Logo-128x128.png,#2B8C5C,Mark Mitchell,mark-mitchell,Defence,1,0,1,0,0,2021-2022,regular
1106,Regular Season 2021-2022,2022-02-24,Cobras,https://ormrhl.com/wp-content/uploads/2021/11/Cobras_Logo-128x128.png,#2B8C5C,Michael English,michael-english,Defence,0,0,0,1,0,2021-2022,regular
1106,Regular Season 2021-2022,2022-02-24,Cobras,https://ormrhl.com/wp-content/uploads/2021/11/Cobras_Logo-128x128.png,#2B8C5C,PJ Harrison,pj-harrison,Goaltender,0,0,0,0,0,2021-2022,regular
1106,Regular Season 2021-2022,2022-02-24,Cobras,https://ormrhl.com/wp-content/uploads/2021/11/Cobras_Logo-128x128.png,#2B8C5C,Rob Iudiciani,rob-iudiciani,Defence,0,1,1,1,0,2021-2022,regular
1106,Regular Season 2021-2022,2022-02-24,Cobras,https://ormrhl.com/wp-content/uploads/2021/11/Cobras_Logo-128x128.png,#2B8C5C,Steve Souphanthong,steve-souphanthong,Forward,0,0,0,0,0,2021-2022,regular
1106,Regular Season 2021-2022,2022-02-24,Falcons,https://ormrhl.com/wp-content/uploads/2021/11/falcons_icon-128x128.png,#233A6B,Brandon Wellsbury,brandon-wellsbury,Forward,0,1,1,0,0,2021-2022,regular
1106,Regular Season 2021-2022,2022-02-24,Falcons,https://ormrhl.com/wp-content/uploads/2021/11/falcons_icon-128x128.png,#233A6B,Dale Bishop,dale-bishop,Defence,0,0,0,0,0,2021-2022,regular
1106,Regular Season 2021-2022,2022-02-24,Falcons,https://ormrhl.com/wp-content/uploads/2021/11/falcons_icon-128x128.png,#233A6B,Daniel Bishev,daniel-bishev,Forward,1,0,1,0,0,2021-2022,regular
1106,Regular Season 2021-2022,2022-02-24,Falcons,https://ormrhl.com/wp-content/uploads/2021/11/falcons_icon-128x128.png,#233A6B,Derek Marsham,derek-marsham,Forward,0,0,0,0,0,2021-2022,regular
1106,Regular Season 2021-2022,2022-02-24,Falcons,https://ormrhl.com/wp-content/uploads/2021/11/falcons_icon-128x128.png,#233A6B,Jason Todd,jason-todd,Defence,0,0,0,0,0,2021-2022,regular
1106,Regular Season 2021-2022,2022-02-24,Falcons,https://ormrhl.com/wp-content/uploads/2021/11/falcons_icon-128x128.png,#233A6B,Kari Paivio,kari-paivio,Forward,1,0,1,0,0,2021-2022,regular
1106,Regular Season 2021-2022,2022-02-24,Falcons,https://ormrhl.com/wp-content/uploads/2021/11/falcons_icon-128x128.png,#233A6B,Leo Napolitano,leo-napolitano,Defence,1,0,1,0,0,2021-2022,regular
1106,Regular Season 2021-2022,2022-02-24,Falcons,https://ormrhl.com/wp-content/uploads/2021/11/falcons_icon-128x128.png,#233A6B,Nathan Loach,nathan-loach,Defence,0,0,0,1,0,2021-2022,regular
1106,Regular Season 2021-2022,2022-02-24,Falcons,https://ormrhl.com/wp-content/uploads/2021/11/falcons_icon-128x128.png,#233A6B,Robbie Spencer,robbie-spencer,Forward,2,1,3,0,0,2021-2022,regular
1106,Regular Season 2021-2022,2022-02-24,Falcons,https://ormrhl.com/wp-content/uploads/2021/11/falcons_icon-128x128.png,#233A6B,Rocco Malfara,rocco-malfara,Defence,0,1,1,0,0,2021-2022,regular
1106,Regular Season 2021-2022,2022-02-24,Falcons,https://ormrhl.com/wp-content/uploads/2021/11/falcons_icon-128x128.png,#233A6B,Ryan Doggart,ryan-doggart,Forward,0,1,1,0,0,2021-2022,regular
1106,Regular Season 2021-2022,2022-02-24,Falcons,https://ormrhl.com/wp-content/uploads/2021/11/falcons_icon-128x128.png,#233A6B,Trystan Lebrun,trystan-lebrun,Goaltender,0,0,0,0,0,2021-2022,regular
1107,Regular Season 2021-2022,2022-02-24,Rhinos,https://ormrhl.com/wp-content/uploads/2021/11/Rhinos_logo-128x128.png,#6B6F76,Adam Klein,adam-klein,Forward,1,0,1,0,0,2021-2022,regular
1107,Regular Season 2021-2022,2022-02-24,Rhinos,https://ormrhl.com/wp-content/uploads/2021/11/Rhinos_logo-128x128.png,#6B6F76,Anthony Ventrella,anthony-ventrella,Forward,1,1,2,0,0,2021-2022,regular
1107,Regular Season 2021-2022,2022-02-24,Rhinos,https://ormrhl.com/wp-content/uploads/2021/11/Rhinos_logo-128x128.png,#6B6F76,Daniel De Angelis,daniel-de-angelis,Defence,2,0,2,0,0,2021-2022,regular
1107,Regular Season 2021-2022,2022-02-24,Rhinos,https://ormrhl.com/wp-content/uploads/2021/11/Rhinos_logo-128x128.png,#6B6F76,Gianluca Santocono,gianluca-santocono,Defence,0,0,0,0,0,2021-2022,regular
1107,Regular Season 2021-2022,2022-02-24,Rhinos,https://ormrhl.com/wp-content/uploads/2021/11/Rhinos_logo-128x128.png,#6B6F76,Josh Machesney,josh-machesney,Forward,1,0,1,0,0,2021-2022,regular
1107,Regular Season 2021-2022,2022-02-24,Rhinos,https://ormrhl.com/wp-content/uploads/2021/11/Rhinos_logo-128x128.png,#6B6F76,Lorne Feld,lorne-feld,Forward,0,0,0,0,0,2021-2022,regular
1107,Regular Season 2021-2022,2022-02-24,Rhinos,https://ormrhl.com/wp-content/uploads/2021/11/Rhinos_logo-128x128.png,#6B6F76,Matthew Quintieri,matthew-quintieri,Forward,0,1,1,0,0,2021-2022,regular
1107,Regular Season 2021-2022,2022-02-24,Rhinos,https://ormrhl.com/wp-content/uploads/2021/11/Rhinos_logo-128x128.png,#6B6F76,Mike Clements,mike-clements,Defence,0,1,1,0,0,2021-2022,regular
1107,Regular Season 2021-2022,2022-02-24,Rhinos,https://ormrhl.com/wp-content/uploads/2021/11/Rhinos_logo-128x128.png,#6B6F76,Neil DeCantis,neil-decantis,Forward,0,2,2,0,0,2021-2022,regular
1107,Regular Season 2021-2022,2022-02-24,Rhinos,https://ormrhl.com/wp-content/uploads/2021/11/Rhinos_logo-128x128.png,#6B6F76,Robert Doswell,robert-doswell,Defence,0,0,0,0,0,2021-2022,regular
1107,Regular Season 2021-2022,2022-02-24,Rhinos,https://ormrhl.com/wp-content/uploads/2021/11/Rhinos_logo-128x128.png,#6B6F76,Robin Harrison,robin-harrison,Defence,0,0,0,0,0,2021-2022,regular
1107,Regular Season 2021-2022,2022-02-24,Wildcats,https://ormrhl.com/wp-content/uploads/2021/11/wildcats_logo-128x128.png,#D97B29,Brian Hatton,brian-hatton,Goaltender,0,0,0,0,0,2021-2022,regular
1107,Regular Season 2021-2022,2022-02-24,Wildcats,https://ormrhl.com/wp-content/uploads/2021/11/wildcats_logo-128x128.png,#D97B29,Colby Clarke,colby-clarke,Forward,1,1,2,0,0,2021-2022,regular
1107,Regular Season 2021-2022,2022-02-24,Wildcats,https://ormrhl.com/wp-content/uploads/2021/11/wildcats_logo-128x128.png,#D97B29,Dan Richards,dan-richards,Forward,1,0,1,0,0,2021-2022,regular
1107,Regular Season 2021-2022,2022-02-24,Wildcats,https://ormrhl.com/wp-content/uploads/2021/11/wildcats_logo-128x128.png,#D97B29,Greg Sipprell,greg-sipprell2,Forward,0,0,0,0,0,2021-2022,regular
1107,Regular Season 2021-2022,2022-02-24,Wildcats,https://ormrhl.com/wp-content/uploads/2021/11/wildcats_logo-128x128.png,#D97B29,Jaro Verchkovski,jaro-verchkovski,Forward,0,1,1,0,0,2021-2022,regular
1107,Regular Season 2021-2022,2022-02-24,Wildcats,https://ormrhl.com/wp-content/uploads/2021/11/wildcats_logo-128x128.png,#D97B29,Lucas Kleine,lucas-kleine,Forward,0,1,1,0,0,2021-2022,regular
1107,Regular Season 2021-2022,2022-02-24,Wildcats,https://ormrhl.com/wp-content/uploads/2021/11/wildcats_logo-128x128.png,#D97B29,Pat Parent,pat-parent,Defence,0,0,0,0,0,2021-2022,regular
1107,Regular Season 2021-2022,2022-02-24,Wildcats,https://ormrhl.com/wp-content/uploads/2021/11/wildcats_logo-128x128.png,#D97B29,Rob Kleine,rob-kleine,Forward,0,0,0,0,0,2021-2022,regular
1107,Regular Season 2021-2022,2022-02-24,Wildcats,https://ormrhl.com/wp-content/uploads/2021/11/wildcats_logo-128x128.png,#D97B29,Ryan Smith,ryan-smith-og,Forward,0,0,0,0,0,2021-2022,regular
1107,Regular Season 2021-2022,2022-02-24,Wildcats,https://ormrhl.com/wp-content/uploads/2021/11/wildcats_logo-128x128.png,#D97B29,Victor Verchkovski,victor-verchkovski,Forward,0,0,0,0,0,2021-2022,regular
1108,Regular Season 2021-2022,2022-02-28,Eagles,https://ormrhl.com/wp-content/uploads/2021/11/Eagles_logo-128x128.png,#A31E2E,Anthony Loduca,anthony-loduca,Forward,2,1,3,0,0,2021-2022,regular
1108,Regular Season 2021-2022,2022-02-28,Eagles,https://ormrhl.com/wp-content/uploads/2021/11/Eagles_logo-128x128.png,#A31E2E,Darren Desrosiers,darren-desrosiers,Forward,2,0,2,0,0,2021-2022,regular
1108,Regular Season 2021-2022,2022-02-28,Eagles,https://ormrhl.com/wp-content/uploads/2021/11/Eagles_logo-128x128.png,#A31E2E,Hugh Smylie,hugh-smylie,Defence,1,0,1,1,0,2021-2022,regular
1108,Regular Season 2021-2022,2022-02-28,Eagles,https://ormrhl.com/wp-content/uploads/2021/11/Eagles_logo-128x128.png,#A31E2E,James Counter,james-counter,Forward,1,0,1,0,0,2021-2022,regular
1108,Regular Season 2021-2022,2022-02-28,Eagles,https://ormrhl.com/wp-content/uploads/2021/11/Eagles_logo-128x128.png,#A31E2E,Jeff Mitchell,jeff-mitchell,Defence,0,0,0,0,0,2021-2022,regular
1108,Regular Season 2021-2022,2022-02-28,Eagles,https://ormrhl.com/wp-content/uploads/2021/11/Eagles_logo-128x128.png,#A31E2E,Joey Leger,joey-leger,Forward,0,1,1,0,0,2021-2022,regular
1108,Regular Season 2021-2022,2022-02-28,Eagles,https://ormrhl.com/wp-content/uploads/2021/11/Eagles_logo-128x128.png,#A31E2E,Jordan Bodimeade,jordan-bodimeade,Forward,0,1,1,0,0,2021-2022,regular
1108,Regular Season 2021-2022,2022-02-28,Eagles,https://ormrhl.com/wp-content/uploads/2021/11/Eagles_logo-128x128.png,#A31E2E,Kevin Hinton,kevin-hinton,Forward,1,1,2,0,0,2021-2022,regular
1108,Regular Season 2021-2022,2022-02-28,Eagles,https://ormrhl.com/wp-content/uploads/2021/11/Eagles_logo-128x128.png,#A31E2E,Larry Laughlin,larry-laughlin,Forward,0,0,0,0,0,2021-2022,regular
1108,Regular Season 2021-2022,2022-02-28,Eagles,https://ormrhl.com/wp-content/uploads/2021/11/Eagles_logo-128x128.png,#A31E2E,Lucas Ackerman,lucas-ackerman,Forward,0,2,2,0,0,2021-2022,regular
1108,Regular Season 2021-2022,2022-02-28,Eagles,https://ormrhl.com/wp-content/uploads/2021/11/Eagles_logo-128x128.png,#A31E2E,Mario Carriero,mario-carriero,Goaltender,0,0,0,0,0,2021-2022,regular
1108,Regular Season 2021-2022,2022-02-28,Eagles,https://ormrhl.com/wp-content/uploads/2021/11/Eagles_logo-128x128.png,#A31E2E,Scott Sutton,scott-sutton,Defence,0,3,3,0,0,2021-2022,regular
1108,Regular Season 2021-2022,2022-02-28,Wildcats,https://ormrhl.com/wp-content/uploads/2021/11/wildcats_logo-128x128.png,#D97B29,Colby Clarke,colby-clarke,Forward,2,1,3,0,0,2021-2022,regular
1108,Regular Season 2021-2022,2022-02-28,Wildcats,https://ormrhl.com/wp-content/uploads/2021/11/wildcats_logo-128x128.png,#D97B29,Dan Montanari,dan-montanari,Forward,0,0,0,0,0,2021-2022,regular
1108,Regular Season 2021-2022,2022-02-28,Wildcats,https://ormrhl.com/wp-content/uploads/2021/11/wildcats_logo-128x128.png,#D97B29,Dan Richards,dan-richards,Forward,0,0,0,0,0,2021-2022,regular
1108,Regular Season 2021-2022,2022-02-28,Wildcats,https://ormrhl.com/wp-content/uploads/2021/11/wildcats_logo-128x128.png,#D97B29,Greg Sipprell,greg-sipprell2,Forward,0,0,0,0,0,2021-2022,regular
1108,Regular Season 2021-2022,2022-02-28,Wildcats,https://ormrhl.com/wp-content/uploads/2021/11/wildcats_logo-128x128.png,#D97B29,Jaro Verchkovski,jaro-verchkovski,Forward,0,2,2,1,0,2021-2022,regular
1108,Regular Season 2021-2022,2022-02-28,Wildcats,https://ormrhl.com/wp-content/uploads/2021/11/wildcats_logo-128x128.png,#D97B29,Lucas Kleine,lucas-kleine,Forward,0,0,0,0,0,2021-2022,regular
1108,Regular Season 2021-2022,2022-02-28,Wildcats,https://ormrhl.com/wp-content/uploads/2021/11/wildcats_logo-128x128.png,#D97B29,Pat Parent,pat-parent,Defence,0,1,1,0,0,2021-2022,regular
1108,Regular Season 2021-2022,2022-02-28,Wildcats,https://ormrhl.com/wp-content/uploads/2021/11/wildcats_logo-128x128.png,#D97B29,Paul Wolanski,paul-wolanski,Defence,0,1,1,2,0,2021-2022,regular
1108,Regular Season 2021-2022,2022-02-28,Wildcats,https://ormrhl.com/wp-content/uploads/2021/11/wildcats_logo-128x128.png,#D97B29,Rob Kleine,rob-kleine,Forward,0,0,0,0,0,2021-2022,regular
1108,Regular Season 2021-2022,2022-02-28,Wildcats,https://ormrhl.com/wp-content/uploads/2021/11/wildcats_logo-128x128.png,#D97B29,Ryan Smith,ryan-smith-og,Forward,0,1,1,0,0,2021-2022,regular
1108,Regular Season 2021-2022,2022-02-28,Wildcats,https://ormrhl.com/wp-content/uploads/2021/11/wildcats_logo-128x128.png,#D97B29,Serge Lossev,serge-lossev,Forward,0,0,0,0,0,2021-2022,regular
1108,Regular Season 2021-2022,2022-02-28,Wildcats,https://ormrhl.com/wp-content/uploads/2021/11/wildcats_logo-128x128.png,#D97B29,Victor Verchkovski,victor-verchkovski,Forward,2,1,3,0,0,2021-2022,regular
1109,Regular Season 2021-2022,2022-02-28,Cobras,https://ormrhl.com/wp-content/uploads/2021/11/Cobras_Logo-128x128.png,#2B8C5C,Adrian Iudiciani,adrian-iudiciani,Forward,1,0,1,0,0,2021-2022,regular
1109,Regular Season 2021-2022,2022-02-28,Cobras,https://ormrhl.com/wp-content/uploads/2021/11/Cobras_Logo-128x128.png,#2B8C5C,Angelo Capone,angelo-capone,Forward,0,1,1,0,0,2021-2022,regular
1109,Regular Season 2021-2022,2022-02-28,Cobras,https://ormrhl.com/wp-content/uploads/2021/11/Cobras_Logo-128x128.png,#2B8C5C,Brandon De Assuncao,brandon-de-assuncao,Forward,0,0,0,0,0,2021-2022,regular
1109,Regular Season 2021-2022,2022-02-28,Cobras,https://ormrhl.com/wp-content/uploads/2021/11/Cobras_Logo-128x128.png,#2B8C5C,Drew Grasse,drew-grasse,Forward,1,0,1,0,0,2021-2022,regular
1109,Regular Season 2021-2022,2022-02-28,Cobras,https://ormrhl.com/wp-content/uploads/2021/11/Cobras_Logo-128x128.png,#2B8C5C,James Mitchell,james-mitchell,Forward,0,1,1,0,0,2021-2022,regular
1109,Regular Season 2021-2022,2022-02-28,Cobras,https://ormrhl.com/wp-content/uploads/2021/11/Cobras_Logo-128x128.png,#2B8C5C,John Ventrella,john-ventrella,Forward,0,0,0,0,0,2021-2022,regular
1109,Regular Season 2021-2022,2022-02-28,Cobras,https://ormrhl.com/wp-content/uploads/2021/11/Cobras_Logo-128x128.png,#2B8C5C,Justin Pappianni,justin-papaianni,Forward,1,1,2,0,0,2021-2022,regular
1109,Regular Season 2021-2022,2022-02-28,Cobras,https://ormrhl.com/wp-content/uploads/2021/11/Cobras_Logo-128x128.png,#2B8C5C,Mark Mitchell,mark-mitchell,Defence,0,1,1,0,0,2021-2022,regular
1109,Regular Season 2021-2022,2022-02-28,Cobras,https://ormrhl.com/wp-content/uploads/2021/11/Cobras_Logo-128x128.png,#2B8C5C,Massimo Venditti,massimo-venditti,Forward,0,0,0,0,0,2021-2022,regular
1109,Regular Season 2021-2022,2022-02-28,Cobras,https://ormrhl.com/wp-content/uploads/2021/11/Cobras_Logo-128x128.png,#2B8C5C,PJ Harrison,pj-harrison,Goaltender,0,0,0,0,0,2021-2022,regular
1109,Regular Season 2021-2022,2022-02-28,Cobras,https://ormrhl.com/wp-content/uploads/2021/11/Cobras_Logo-128x128.png,#2B8C5C,Rob Iudiciani,rob-iudiciani,Defence,0,1,1,0,0,2021-2022,regular
1109,Regular Season 2021-2022,2022-02-28,Cobras,https://ormrhl.com/wp-content/uploads/2021/11/Cobras_Logo-128x128.png,#2B8C5C,Scott Johnson,scott-johnson,Forward,0,0,0,0,1,2021-2022,regular
1109,Regular Season 2021-2022,2022-02-28,Cobras,https://ormrhl.com/wp-content/uploads/2021/11/Cobras_Logo-128x128.png,#2B8C5C,Tyler Doyle,tyler-doyle,Forward,1,0,1,0,0,2021-2022,regular
1109,Regular Season 2021-2022,2022-02-28,Marlins,https://ormrhl.com/wp-content/uploads/2021/11/marlins_logo-128x128.png,#1E8A8A,Chris Maloney,chris-maloney,Forward,1,0,1,0,0,2021-2022,regular
1109,Regular Season 2021-2022,2022-02-28,Marlins,https://ormrhl.com/wp-content/uploads/2021/11/marlins_logo-128x128.png,#1E8A8A,David Kane,david-kane,Forward,0,0,0,0,0,2021-2022,regular
1109,Regular Season 2021-2022,2022-02-28,Marlins,https://ormrhl.com/wp-content/uploads/2021/11/marlins_logo-128x128.png,#1E8A8A,Duncan Stalker,duncan-stalker,Defence,0,1,1,0,0,2021-2022,regular
1109,Regular Season 2021-2022,2022-02-28,Marlins,https://ormrhl.com/wp-content/uploads/2021/11/marlins_logo-128x128.png,#1E8A8A,Harrison Kane,harrison-kane,Defence,0,0,0,0,0,2021-2022,regular
1109,Regular Season 2021-2022,2022-02-28,Marlins,https://ormrhl.com/wp-content/uploads/2021/11/marlins_logo-128x128.png,#1E8A8A,Jackson Morgis,jackson-morgis,Goaltender,0,0,0,0,0,2021-2022,regular
1109,Regular Season 2021-2022,2022-02-28,Marlins,https://ormrhl.com/wp-content/uploads/2021/11/marlins_logo-128x128.png,#1E8A8A,Jeff Connor,jeff-connor,Forward,1,0,1,0,0,2021-2022,regular
1109,Regular Season 2021-2022,2022-02-28,Marlins,https://ormrhl.com/wp-content/uploads/2021/11/marlins_logo-128x128.png,#1E8A8A,Jeremy Grey,jeremy-grey,Defence,0,0,0,0,0,2021-2022,regular
1109,Regular Season 2021-2022,2022-02-28,Marlins,https://ormrhl.com/wp-content/uploads/2021/11/marlins_logo-128x128.png,#1E8A8A,Mack Charron,mack-charron,Forward,0,1,1,0,0,2021-2022,regular
1109,Regular Season 2021-2022,2022-02-28,Marlins,https://ormrhl.com/wp-content/uploads/2021/11/marlins_logo-128x128.png,#1E8A8A,Michael Montesanti,michael-montesanti,Forward,0,0,0,0,0,2021-2022,regular
1109,Regular Season 2021-2022,2022-02-28,Marlins,https://ormrhl.com/wp-content/uploads/2021/11/marlins_logo-128x128.png,#1E8A8A,Scott Browne,scott-browne,Forward,0,0,0,0,0,2021-2022,regular
1109,Regular Season 2021-2022,2022-02-28,Marlins,https://ormrhl.com/wp-content/uploads/2021/11/marlins_logo-128x128.png,#1E8A8A,Thomas Grant,thomas-grant,Defence,0,0,0,0,0,2021-2022,regular
1109,Regular Season 2021-2022,2022-02-28,Marlins,https://ormrhl.com/wp-content/uploads/2021/11/marlins_logo-128x128.png,#1E8A8A,Todd Wheeler,todd-wheeler,Forward,0,0,0,0,0,2021-2022,regular
1109,Regular Season 2021-2022,2022-02-28,Marlins,https://ormrhl.com/wp-content/uploads/2021/11/marlins_logo-128x128.png,#1E8A8A,Tyler Kozak,tyler-kozak,Defence,0,0,0,0,0,2021-2022,regular
1110,Regular Season 2021-2022,2022-02-28,Falcons,https://ormrhl.com/wp-content/uploads/2021/11/falcons_icon-128x128.png,#233A6B,Brandon Wellsbury,brandon-wellsbury,Forward,1,0,1,0,0,2021-2022,regular
1110,Regular Season 2021-2022,2022-02-28,Falcons,https://ormrhl.com/wp-content/uploads/2021/11/falcons_icon-128x128.png,#233A6B,Dale Bishop,dale-bishop,Defence,0,1,1,0,0,2021-2022,regular
1110,Regular Season 2021-2022,2022-02-28,Falcons,https://ormrhl.com/wp-content/uploads/2021/11/falcons_icon-128x128.png,#233A6B,Daniel Bishev,daniel-bishev,Forward,1,3,4,0,0,2021-2022,regular
1110,Regular Season 2021-2022,2022-02-28,Falcons,https://ormrhl.com/wp-content/uploads/2021/11/falcons_icon-128x128.png,#233A6B,Derek Marsham,derek-marsham,Forward,0,0,0,0,0,2021-2022,regular
1110,Regular Season 2021-2022,2022-02-28,Falcons,https://ormrhl.com/wp-content/uploads/2021/11/falcons_icon-128x128.png,#233A6B,Jason Todd,jason-todd,Defence,0,0,0,0,0,2021-2022,regular
1110,Regular Season 2021-2022,2022-02-28,Falcons,https://ormrhl.com/wp-content/uploads/2021/11/falcons_icon-128x128.png,#233A6B,Jonathan West,jonathan-west,Forward,0,0,0,0,0,2021-2022,regular
1110,Regular Season 2021-2022,2022-02-28,Falcons,https://ormrhl.com/wp-content/uploads/2021/11/falcons_icon-128x128.png,#233A6B,Kari Paivio,kari-paivio,Forward,0,0,0,0,0,2021-2022,regular
1110,Regular Season 2021-2022,2022-02-28,Falcons,https://ormrhl.com/wp-content/uploads/2021/11/falcons_icon-128x128.png,#233A6B,Leo Napolitano,leo-napolitano,Defence,1,0,1,0,0,2021-2022,regular
1110,Regular Season 2021-2022,2022-02-28,Falcons,https://ormrhl.com/wp-content/uploads/2021/11/falcons_icon-128x128.png,#233A6B,Nathan Loach,nathan-loach,Defence,0,3,3,0,0,2021-2022,regular
1110,Regular Season 2021-2022,2022-02-28,Falcons,https://ormrhl.com/wp-content/uploads/2021/11/falcons_icon-128x128.png,#233A6B,Robbie Spencer,robbie-spencer,Forward,1,2,3,0,0,2021-2022,regular
1110,Regular Season 2021-2022,2022-02-28,Falcons,https://ormrhl.com/wp-content/uploads/2021/11/falcons_icon-128x128.png,#233A6B,Ryan Doggart,ryan-doggart,Forward,3,1,4,0,0,2021-2022,regular
1110,Regular Season 2021-2022,2022-02-28,Falcons,https://ormrhl.com/wp-content/uploads/2021/11/falcons_icon-128x128.png,#233A6B,Trystan Lebrun,trystan-lebrun,Goaltender,0,0,0,0,0,2021-2022,regular
1110,Regular Season 2021-2022,2022-02-28,Rhinos,https://ormrhl.com/wp-content/uploads/2021/11/Rhinos_logo-128x128.png,#6B6F76,Adam Klein,adam-klein,Forward,0,0,0,0,0,2021-2022,regular
1110,Regular Season 2021-2022,2022-02-28,Rhinos,https://ormrhl.com/wp-content/uploads/2021/11/Rhinos_logo-128x128.png,#6B6F76,Anthony Ventrella,anthony-ventrella,Forward,2,0,2,0,0,2021-2022,regular
1110,Regular Season 2021-2022,2022-02-28,Rhinos,https://ormrhl.com/wp-content/uploads/2021/11/Rhinos_logo-128x128.png,#6B6F76,Daniel De Angelis,daniel-de-angelis,Defence,0,2,2,0,0,2021-2022,regular
1110,Regular Season 2021-2022,2022-02-28,Rhinos,https://ormrhl.com/wp-content/uploads/2021/11/Rhinos_logo-128x128.png,#6B6F76,Gianluca Santocono,gianluca-santocono,Defence,0,0,0,0,0,2021-2022,regular
1110,Regular Season 2021-2022,2022-02-28,Rhinos,https://ormrhl.com/wp-content/uploads/2021/11/Rhinos_logo-128x128.png,#6B6F76,Jeff Goodman,jeff-goodman,Goaltender,0,0,0,0,0,2021-2022,regular
1110,Regular Season 2021-2022,2022-02-28,Rhinos,https://ormrhl.com/wp-content/uploads/2021/11/Rhinos_logo-128x128.png,#6B6F76,Josh Machesney,josh-machesney,Forward,0,2,2,0,0,2021-2022,regular
1110,Regular Season 2021-2022,2022-02-28,Rhinos,https://ormrhl.com/wp-content/uploads/2021/11/Rhinos_logo-128x128.png,#6B6F76,Lorne Feld,lorne-feld,Forward,0,0,0,0,0,2021-2022,regular
1110,Regular Season 2021-2022,2022-02-28,Rhinos,https://ormrhl.com/wp-content/uploads/2021/11/Rhinos_logo-128x128.png,#6B6F76,Matthew Quintieri,matthew-quintieri,Forward,1,1,2,0,0,2021-2022,regular
1110,Regular Season 2021-2022,2022-02-28,Rhinos,https://ormrhl.com/wp-content/uploads/2021/11/Rhinos_logo-128x128.png,#6B6F76,Mike Clements,mike-clements,Defence,0,0,0,0,0,2021-2022,regular
1110,Regular Season 2021-2022,2022-02-28,Rhinos,https://ormrhl.com/wp-content/uploads/2021/11/Rhinos_logo-128x128.png,#6B6F76,Neil DeCantis,neil-decantis,Forward,0,1,1,0,0,2021-2022,regular
1110,Regular Season 2021-2022,2022-02-28,Rhinos,https://ormrhl.com/wp-content/uploads/2021/11/Rhinos_logo-128x128.png,#6B6F76,Robert Doswell,robert-doswell,Defence,0,0,0,0,0,2021-2022,regular
1110,Regular Season 2021-2022,2022-02-28,Rhinos,https://ormrhl.com/wp-content/uploads/2021/11/Rhinos_logo-128x128.png,#6B6F76,Robin Harrison,robin-harrison,Defence,0,0,0,0,0,2021-2022,regular
1110,Regular Season 2021-2022,2022-02-28,Rhinos,https://ormrhl.com/wp-content/uploads/2021/11/Rhinos_logo-128x128.png,#6B6F76,Tom Coukos,tom-coukos,Forward,1,1,2,0,0,2021-2022,regular
1111,Regular Season 2021-2022,2022-03-03,Eagles,https://ormrhl.com/wp-content/uploads/2021/11/Eagles_logo-128x128.png,#A31E2E,Alex Disera,alex-disera,Forward,0,0,0,0,0,2021-2022,regular
1111,Regular Season 2021-2022,2022-03-03,Eagles,https://ormrhl.com/wp-content/uploads/2021/11/Eagles_logo-128x128.png,#A31E2E,Anthony Loduca,anthony-loduca,Forward,0,0,0,0,0,2021-2022,regular
1111,Regular Season 2021-2022,2022-03-03,Eagles,https://ormrhl.com/wp-content/uploads/2021/11/Eagles_logo-128x128.png,#A31E2E,Darren Desrosiers,darren-desrosiers,Forward,3,0,3,0,0,2021-2022,regular
1111,Regular Season 2021-2022,2022-03-03,Eagles,https://ormrhl.com/wp-content/uploads/2021/11/Eagles_logo-128x128.png,#A31E2E,Hugh Smylie,hugh-smylie,Defence,0,0,0,0,0,2021-2022,regular
1111,Regular Season 2021-2022,2022-03-03,Eagles,https://ormrhl.com/wp-content/uploads/2021/11/Eagles_logo-128x128.png,#A31E2E,James Counter,james-counter,Forward,0,0,0,0,0,2021-2022,regular
1111,Regular Season 2021-2022,2022-03-03,Eagles,https://ormrhl.com/wp-content/uploads/2021/11/Eagles_logo-128x128.png,#A31E2E,Jeff Mitchell,jeff-mitchell,Defence,0,0,0,0,0,2021-2022,regular
1111,Regular Season 2021-2022,2022-03-03,Eagles,https://ormrhl.com/wp-content/uploads/2021/11/Eagles_logo-128x128.png,#A31E2E,Joey Leger,joey-leger,Forward,0,0,0,0,0,2021-2022,regular
1111,Regular Season 2021-2022,2022-03-03,Eagles,https://ormrhl.com/wp-content/uploads/2021/11/Eagles_logo-128x128.png,#A31E2E,Jordan Bodimeade,jordan-bodimeade,Forward,0,2,2,0,0,2021-2022,regular
1111,Regular Season 2021-2022,2022-03-03,Eagles,https://ormrhl.com/wp-content/uploads/2021/11/Eagles_logo-128x128.png,#A31E2E,Larry Laughlin,larry-laughlin,Forward,0,0,0,0,0,2021-2022,regular
1111,Regular Season 2021-2022,2022-03-03,Eagles,https://ormrhl.com/wp-content/uploads/2021/11/Eagles_logo-128x128.png,#A31E2E,Lucas Ackerman,lucas-ackerman,Forward,1,2,3,0,0,2021-2022,regular
1111,Regular Season 2021-2022,2022-03-03,Eagles,https://ormrhl.com/wp-content/uploads/2021/11/Eagles_logo-128x128.png,#A31E2E,Mario Carriero,mario-carriero,Goaltender,0,0,0,0,0,2021-2022,regular
1111,Regular Season 2021-2022,2022-03-03,Eagles,https://ormrhl.com/wp-content/uploads/2021/11/Eagles_logo-128x128.png,#A31E2E,Mario Mazzucco,mario-mazzucco,Forward,0,0,0,0,0,2021-2022,regular
1111,Regular Season 2021-2022,2022-03-03,Eagles,https://ormrhl.com/wp-content/uploads/2021/11/Eagles_logo-128x128.png,#A31E2E,Scott Sutton,scott-sutton,Defence,0,1,1,0,0,2021-2022,regular
1111,Regular Season 2021-2022,2022-03-03,Falcons,https://ormrhl.com/wp-content/uploads/2021/11/falcons_icon-128x128.png,#233A6B,Brandon Wellsbury,brandon-wellsbury,Forward,0,2,2,0,0,2021-2022,regular
1111,Regular Season 2021-2022,2022-03-03,Falcons,https://ormrhl.com/wp-content/uploads/2021/11/falcons_icon-128x128.png,#233A6B,Dale Bishop,dale-bishop,Defence,0,1,1,0,0,2021-2022,regular
1111,Regular Season 2021-2022,2022-03-03,Falcons,https://ormrhl.com/wp-content/uploads/2021/11/falcons_icon-128x128.png,#233A6B,Derek Marsham,derek-marsham,Forward,0,0,0,0,0,2021-2022,regular
1111,Regular Season 2021-2022,2022-03-03,Falcons,https://ormrhl.com/wp-content/uploads/2021/11/falcons_icon-128x128.png,#233A6B,Jason Todd,jason-todd,Defence,0,1,1,0,0,2021-2022,regular
1111,Regular Season 2021-2022,2022-03-03,Falcons,https://ormrhl.com/wp-content/uploads/2021/11/falcons_icon-128x128.png,#233A6B,Jonathan West,jonathan-west,Forward,0,0,0,0,0,2021-2022,regular
1111,Regular Season 2021-2022,2022-03-03,Falcons,https://ormrhl.com/wp-content/uploads/2021/11/falcons_icon-128x128.png,#233A6B,Kari Paivio,kari-paivio,Forward,1,0,1,0,0,2021-2022,regular
1111,Regular Season 2021-2022,2022-03-03,Falcons,https://ormrhl.com/wp-content/uploads/2021/11/falcons_icon-128x128.png,#233A6B,Leo Napolitano,leo-napolitano,Defence,0,0,0,0,0,2021-2022,regular
1111,Regular Season 2021-2022,2022-03-03,Falcons,https://ormrhl.com/wp-content/uploads/2021/11/falcons_icon-128x128.png,#233A6B,Nathan Loach,nathan-loach,Defence,0,0,0,0,0,2021-2022,regular
1111,Regular Season 2021-2022,2022-03-03,Falcons,https://ormrhl.com/wp-content/uploads/2021/11/falcons_icon-128x128.png,#233A6B,Robbie Spencer,robbie-spencer,Forward,0,0,0,0,0,2021-2022,regular
1111,Regular Season 2021-2022,2022-03-03,Falcons,https://ormrhl.com/wp-content/uploads/2021/11/falcons_icon-128x128.png,#233A6B,Rocco Malfara,rocco-malfara,Defence,0,0,0,1,0,2021-2022,regular
1111,Regular Season 2021-2022,2022-03-03,Falcons,https://ormrhl.com/wp-content/uploads/2021/11/falcons_icon-128x128.png,#233A6B,Ryan Doggart,ryan-doggart,Forward,2,1,3,0,0,2021-2022,regular
1111,Regular Season 2021-2022,2022-03-03,Falcons,https://ormrhl.com/wp-content/uploads/2021/11/falcons_icon-128x128.png,#233A6B,Trystan Lebrun,trystan-lebrun,Goaltender,0,0,0,0,0,2021-2022,regular
1112,Regular Season 2021-2022,2022-03-03,Marlins,https://ormrhl.com/wp-content/uploads/2021/11/marlins_logo-128x128.png,#1E8A8A,David Kane,david-kane,Forward,0,0,0,0,0,2021-2022,regular
1112,Regular Season 2021-2022,2022-03-03,Marlins,https://ormrhl.com/wp-content/uploads/2021/11/marlins_logo-128x128.png,#1E8A8A,Doug Grant,doug-grant,Forward,1,1,2,0,0,2021-2022,regular
1112,Regular Season 2021-2022,2022-03-03,Marlins,https://ormrhl.com/wp-content/uploads/2021/11/marlins_logo-128x128.png,#1E8A8A,Duncan Stalker,duncan-stalker,Defence,0,0,0,0,0,2021-2022,regular
1112,Regular Season 2021-2022,2022-03-03,Marlins,https://ormrhl.com/wp-content/uploads/2021/11/marlins_logo-128x128.png,#1E8A8A,Harrison Kane,harrison-kane,Defence,0,1,1,0,0,2021-2022,regular
1112,Regular Season 2021-2022,2022-03-03,Marlins,https://ormrhl.com/wp-content/uploads/2021/11/marlins_logo-128x128.png,#1E8A8A,Jackson Morgis,jackson-morgis,Goaltender,0,0,0,0,0,2021-2022,regular
1112,Regular Season 2021-2022,2022-03-03,Marlins,https://ormrhl.com/wp-content/uploads/2021/11/marlins_logo-128x128.png,#1E8A8A,Jeff Connor,jeff-connor,Forward,2,1,3,0,0,2021-2022,regular
1112,Regular Season 2021-2022,2022-03-03,Marlins,https://ormrhl.com/wp-content/uploads/2021/11/marlins_logo-128x128.png,#1E8A8A,Jeremy Grey,jeremy-grey,Defence,0,1,1,0,0,2021-2022,regular
1112,Regular Season 2021-2022,2022-03-03,Marlins,https://ormrhl.com/wp-content/uploads/2021/11/marlins_logo-128x128.png,#1E8A8A,Mack Charron,mack-charron,Forward,0,1,1,0,0,2021-2022,regular
1112,Regular Season 2021-2022,2022-03-03,Marlins,https://ormrhl.com/wp-content/uploads/2021/11/marlins_logo-128x128.png,#1E8A8A,Mark Sceeles,mark-sceeles,Defence,0,0,0,0,0,2021-2022,regular
1112,Regular Season 2021-2022,2022-03-03,Marlins,https://ormrhl.com/wp-content/uploads/2021/11/marlins_logo-128x128.png,#1E8A8A,Michael Montesanti,michael-montesanti,Forward,0,1,1,0,0,2021-2022,regular
1112,Regular Season 2021-2022,2022-03-03,Marlins,https://ormrhl.com/wp-content/uploads/2021/11/marlins_logo-128x128.png,#1E8A8A,Scott Browne,scott-browne,Forward,1,1,2,0,0,2021-2022,regular
1112,Regular Season 2021-2022,2022-03-03,Marlins,https://ormrhl.com/wp-content/uploads/2021/11/marlins_logo-128x128.png,#1E8A8A,Thomas Grant,thomas-grant,Defence,2,0,2,0,0,2021-2022,regular
1112,Regular Season 2021-2022,2022-03-03,Marlins,https://ormrhl.com/wp-content/uploads/2021/11/marlins_logo-128x128.png,#1E8A8A,Todd Wheeler,todd-wheeler,Forward,0,0,0,0,0,2021-2022,regular
1112,Regular Season 2021-2022,2022-03-03,Marlins,https://ormrhl.com/wp-content/uploads/2021/11/marlins_logo-128x128.png,#1E8A8A,Tyler Kozak,tyler-kozak,Defence,0,1,1,0,0,2021-2022,regular
1112,Regular Season 2021-2022,2022-03-03,Wildcats,https://ormrhl.com/wp-content/uploads/2021/11/wildcats_logo-128x128.png,#D97B29,Brian Hatton,brian-hatton,Goaltender,0,0,0,0,0,2021-2022,regular
1112,Regular Season 2021-2022,2022-03-03,Wildcats,https://ormrhl.com/wp-content/uploads/2021/11/wildcats_logo-128x128.png,#D97B29,Colby Clarke,colby-clarke,Forward,0,0,0,0,0,2021-2022,regular
1112,Regular Season 2021-2022,2022-03-03,Wildcats,https://ormrhl.com/wp-content/uploads/2021/11/wildcats_logo-128x128.png,#D97B29,Dan Montanari,dan-montanari,Forward,0,1,1,0,0,2021-2022,regular
1112,Regular Season 2021-2022,2022-03-03,Wildcats,https://ormrhl.com/wp-content/uploads/2021/11/wildcats_logo-128x128.png,#D97B29,Dan Richards,dan-richards,Forward,0,0,0,0,0,2021-2022,regular
1112,Regular Season 2021-2022,2022-03-03,Wildcats,https://ormrhl.com/wp-content/uploads/2021/11/wildcats_logo-128x128.png,#D97B29,Greg Sipprell,greg-sipprell2,Forward,0,0,0,1,0,2021-2022,regular
1112,Regular Season 2021-2022,2022-03-03,Wildcats,https://ormrhl.com/wp-content/uploads/2021/11/wildcats_logo-128x128.png,#D97B29,Jaro Verchkovski,jaro-verchkovski,Forward,1,0,1,0,0,2021-2022,regular
1112,Regular Season 2021-2022,2022-03-03,Wildcats,https://ormrhl.com/wp-content/uploads/2021/11/wildcats_logo-128x128.png,#D97B29,Lucas Kleine,lucas-kleine,Forward,0,0,0,1,0,2021-2022,regular
1112,Regular Season 2021-2022,2022-03-03,Wildcats,https://ormrhl.com/wp-content/uploads/2021/11/wildcats_logo-128x128.png,#D97B29,Pat Parent,pat-parent,Defence,0,0,0,0,0,2021-2022,regular
1112,Regular Season 2021-2022,2022-03-03,Wildcats,https://ormrhl.com/wp-content/uploads/2021/11/wildcats_logo-128x128.png,#D97B29,Rob Kleine,rob-kleine,Forward,0,0,0,0,0,2021-2022,regular
1112,Regular Season 2021-2022,2022-03-03,Wildcats,https://ormrhl.com/wp-content/uploads/2021/11/wildcats_logo-128x128.png,#D97B29,Ryan Smith,ryan-smith-og,Forward,1,0,1,0,0,2021-2022,regular
1113,Regular Season 2021-2022,2022-03-03,Cobras,https://ormrhl.com/wp-content/uploads/2021/11/Cobras_Logo-128x128.png,#2B8C5C,Adrian Iudiciani,adrian-iudiciani,Forward,2,1,3,0,0,2021-2022,regular
1113,Regular Season 2021-2022,2022-03-03,Cobras,https://ormrhl.com/wp-content/uploads/2021/11/Cobras_Logo-128x128.png,#2B8C5C,Angelo Capone,angelo-capone,Forward,0,0,0,0,0,2021-2022,regular
1113,Regular Season 2021-2022,2022-03-03,Cobras,https://ormrhl.com/wp-content/uploads/2021/11/Cobras_Logo-128x128.png,#2B8C5C,Brandon De Assuncao,brandon-de-assuncao,Forward,0,0,0,0,0,2021-2022,regular
1113,Regular Season 2021-2022,2022-03-03,Cobras,https://ormrhl.com/wp-content/uploads/2021/11/Cobras_Logo-128x128.png,#2B8C5C,Drew Grasse,drew-grasse,Forward,0,1,1,0,0,2021-2022,regular
1113,Regular Season 2021-2022,2022-03-03,Cobras,https://ormrhl.com/wp-content/uploads/2021/11/Cobras_Logo-128x128.png,#2B8C5C,James Mitchell,james-mitchell,Forward,1,0,1,0,0,2021-2022,regular
1113,Regular Season 2021-2022,2022-03-03,Cobras,https://ormrhl.com/wp-content/uploads/2021/11/Cobras_Logo-128x128.png,#2B8C5C,John Ventrella,john-ventrella,Forward,0,0,0,0,0,2021-2022,regular
1113,Regular Season 2021-2022,2022-03-03,Cobras,https://ormrhl.com/wp-content/uploads/2021/11/Cobras_Logo-128x128.png,#2B8C5C,Justin Pappianni,justin-papaianni,Forward,0,0,0,0,0,2021-2022,regular
1113,Regular Season 2021-2022,2022-03-03,Cobras,https://ormrhl.com/wp-content/uploads/2021/11/Cobras_Logo-128x128.png,#2B8C5C,Massimo Venditti,massimo-venditti,Forward,0,0,0,0,0,2021-2022,regular
1113,Regular Season 2021-2022,2022-03-03,Cobras,https://ormrhl.com/wp-content/uploads/2021/11/Cobras_Logo-128x128.png,#2B8C5C,PJ Harrison,pj-harrison,Goaltender,0,0,0,0,0,2021-2022,regular
1113,Regular Season 2021-2022,2022-03-03,Cobras,https://ormrhl.com/wp-content/uploads/2021/11/Cobras_Logo-128x128.png,#2B8C5C,Tyler Doyle,tyler-doyle,Forward,1,1,2,0,0,2021-2022,regular
1113,Regular Season 2021-2022,2022-03-03,Rhinos,https://ormrhl.com/wp-content/uploads/2021/11/Rhinos_logo-128x128.png,#6B6F76,Adam Klein,adam-klein,Forward,1,0,1,0,0,2021-2022,regular
1113,Regular Season 2021-2022,2022-03-03,Rhinos,https://ormrhl.com/wp-content/uploads/2021/11/Rhinos_logo-128x128.png,#6B6F76,Anthony Ventrella,anthony-ventrella,Forward,0,2,2,0,0,2021-2022,regular
1113,Regular Season 2021-2022,2022-03-03,Rhinos,https://ormrhl.com/wp-content/uploads/2021/11/Rhinos_logo-128x128.png,#6B6F76,Daniel De Angelis,daniel-de-angelis,Defence,1,0,1,0,0,2021-2022,regular
1113,Regular Season 2021-2022,2022-03-03,Rhinos,https://ormrhl.com/wp-content/uploads/2021/11/Rhinos_logo-128x128.png,#6B6F76,Gianluca Santocono,gianluca-santocono,Defence,0,0,0,0,0,2021-2022,regular
1113,Regular Season 2021-2022,2022-03-03,Rhinos,https://ormrhl.com/wp-content/uploads/2021/11/Rhinos_logo-128x128.png,#6B6F76,Jeff Goodman,jeff-goodman,Goaltender,0,0,0,0,0,2021-2022,regular
1113,Regular Season 2021-2022,2022-03-03,Rhinos,https://ormrhl.com/wp-content/uploads/2021/11/Rhinos_logo-128x128.png,#6B6F76,Josh Machesney,josh-machesney,Forward,0,1,1,0,0,2021-2022,regular
1113,Regular Season 2021-2022,2022-03-03,Rhinos,https://ormrhl.com/wp-content/uploads/2021/11/Rhinos_logo-128x128.png,#6B6F76,Lorne Feld,lorne-feld,Forward,0,0,0,0,0,2021-2022,regular
1113,Regular Season 2021-2022,2022-03-03,Rhinos,https://ormrhl.com/wp-content/uploads/2021/11/Rhinos_logo-128x128.png,#6B6F76,Matthew Quintieri,matthew-quintieri,Forward,1,1,2,0,0,2021-2022,regular
1113,Regular Season 2021-2022,2022-03-03,Rhinos,https://ormrhl.com/wp-content/uploads/2021/11/Rhinos_logo-128x128.png,#6B6F76,Robert Doswell,robert-doswell,Defence,0,0,0,0,0,2021-2022,regular
1113,Regular Season 2021-2022,2022-03-03,Rhinos,https://ormrhl.com/wp-content/uploads/2021/11/Rhinos_logo-128x128.png,#6B6F76,Robin Harrison,robin-harrison,Defence,0,0,0,1,0,2021-2022,regular
1114,Regular Season 2021-2022,2022-03-07,Marlins,https://ormrhl.com/wp-content/uploads/2021/11/marlins_logo-128x128.png,#1E8A8A,David Kane,david-kane,Forward,0,0,0,0,0,2021-2022,regular
1114,Regular Season 2021-2022,2022-03-07,Marlins,https://ormrhl.com/wp-content/uploads/2021/11/marlins_logo-128x128.png,#1E8A8A,Doug Grant,doug-grant,Forward,0,5,5,0,0,2021-2022,regular
1114,Regular Season 2021-2022,2022-03-07,Marlins,https://ormrhl.com/wp-content/uploads/2021/11/marlins_logo-128x128.png,#1E8A8A,Duncan Stalker,duncan-stalker,Defence,0,0,0,0,0,2021-2022,regular
1114,Regular Season 2021-2022,2022-03-07,Marlins,https://ormrhl.com/wp-content/uploads/2021/11/marlins_logo-128x128.png,#1E8A8A,Harrison Kane,harrison-kane,Defence,0,1,1,1,0,2021-2022,regular
1114,Regular Season 2021-2022,2022-03-07,Marlins,https://ormrhl.com/wp-content/uploads/2021/11/marlins_logo-128x128.png,#1E8A8A,Jackson Morgis,jackson-morgis,Goaltender,0,0,0,0,0,2021-2022,regular
1114,Regular Season 2021-2022,2022-03-07,Marlins,https://ormrhl.com/wp-content/uploads/2021/11/marlins_logo-128x128.png,#1E8A8A,Jeff Connor,jeff-connor,Forward,2,3,5,0,0,2021-2022,regular
1114,Regular Season 2021-2022,2022-03-07,Marlins,https://ormrhl.com/wp-content/uploads/2021/11/marlins_logo-128x128.png,#1E8A8A,Jeremy Grey,jeremy-grey,Defence,1,0,1,0,0,2021-2022,regular
1114,Regular Season 2021-2022,2022-03-07,Marlins,https://ormrhl.com/wp-content/uploads/2021/11/marlins_logo-128x128.png,#1E8A8A,Mack Charron,mack-charron,Forward,3,3,6,0,0,2021-2022,regular
1114,Regular Season 2021-2022,2022-03-07,Marlins,https://ormrhl.com/wp-content/uploads/2021/11/marlins_logo-128x128.png,#1E8A8A,Michael Montesanti,michael-montesanti,Forward,0,0,0,1,0,2021-2022,regular
1114,Regular Season 2021-2022,2022-03-07,Marlins,https://ormrhl.com/wp-content/uploads/2021/11/marlins_logo-128x128.png,#1E8A8A,Thomas Grant,thomas-grant,Defence,0,0,0,0,0,2021-2022,regular
1114,Regular Season 2021-2022,2022-03-07,Marlins,https://ormrhl.com/wp-content/uploads/2021/11/marlins_logo-128x128.png,#1E8A8A,Todd Wheeler,todd-wheeler,Forward,0,0,0,0,0,2021-2022,regular
1114,Regular Season 2021-2022,2022-03-07,Marlins,https://ormrhl.com/wp-content/uploads/2021/11/marlins_logo-128x128.png,#1E8A8A,Tyler Kozak,tyler-kozak,Defence,1,2,3,0,0,2021-2022,regular
1114,Regular Season 2021-2022,2022-03-07,Rhinos,https://ormrhl.com/wp-content/uploads/2021/11/Rhinos_logo-128x128.png,#6B6F76,Adam Klein,adam-klein,Forward,0,0,0,0,0,2021-2022,regular
1114,Regular Season 2021-2022,2022-03-07,Rhinos,https://ormrhl.com/wp-content/uploads/2021/11/Rhinos_logo-128x128.png,#6B6F76,Anthony Ventrella,anthony-ventrella,Forward,0,0,0,0,0,2021-2022,regular
1114,Regular Season 2021-2022,2022-03-07,Rhinos,https://ormrhl.com/wp-content/uploads/2021/11/Rhinos_logo-128x128.png,#6B6F76,Daniel De Angelis,daniel-de-angelis,Defence,0,0,0,0,0,2021-2022,regular
1114,Regular Season 2021-2022,2022-03-07,Rhinos,https://ormrhl.com/wp-content/uploads/2021/11/Rhinos_logo-128x128.png,#6B6F76,Gianluca Santocono,gianluca-santocono,Defence,0,0,0,2,0,2021-2022,regular
1114,Regular Season 2021-2022,2022-03-07,Rhinos,https://ormrhl.com/wp-content/uploads/2021/11/Rhinos_logo-128x128.png,#6B6F76,Jeff Goodman,jeff-goodman,Goaltender,0,0,0,0,0,2021-2022,regular
1114,Regular Season 2021-2022,2022-03-07,Rhinos,https://ormrhl.com/wp-content/uploads/2021/11/Rhinos_logo-128x128.png,#6B6F76,Josh Machesney,josh-machesney,Forward,1,0,1,0,0,2021-2022,regular
1114,Regular Season 2021-2022,2022-03-07,Rhinos,https://ormrhl.com/wp-content/uploads/2021/11/Rhinos_logo-128x128.png,#6B6F76,Lorne Feld,lorne-feld,Forward,0,0,0,0,0,2021-2022,regular
1114,Regular Season 2021-2022,2022-03-07,Rhinos,https://ormrhl.com/wp-content/uploads/2021/11/Rhinos_logo-128x128.png,#6B6F76,Matthew Quintieri,matthew-quintieri,Forward,0,1,1,0,0,2021-2022,regular
1114,Regular Season 2021-2022,2022-03-07,Rhinos,https://ormrhl.com/wp-content/uploads/2021/11/Rhinos_logo-128x128.png,#6B6F76,Mike Clements,mike-clements,Defence,1,0,1,1,0,2021-2022,regular
1114,Regular Season 2021-2022,2022-03-07,Rhinos,https://ormrhl.com/wp-content/uploads/2021/11/Rhinos_logo-128x128.png,#6B6F76,Neil DeCantis,neil-decantis,Forward,0,0,0,0,0,2021-2022,regular
1114,Regular Season 2021-2022,2022-03-07,Rhinos,https://ormrhl.com/wp-content/uploads/2021/11/Rhinos_logo-128x128.png,#6B6F76,Robert Doswell,robert-doswell,Defence,0,2,2,0,0,2021-2022,regular
1114,Regular Season 2021-2022,2022-03-07,Rhinos,https://ormrhl.com/wp-content/uploads/2021/11/Rhinos_logo-128x128.png,#6B6F76,Robin Harrison,robin-harrison,Defence,0,0,0,0,0,2021-2022,regular
1115,Regular Season 2021-2022,2022-03-07,Falcons,https://ormrhl.com/wp-content/uploads/2021/11/falcons_icon-128x128.png,#233A6B,Brandon Wellsbury,brandon-wellsbury,Forward,1,0,1,0,0,2021-2022,regular
1115,Regular Season 2021-2022,2022-03-07,Falcons,https://ormrhl.com/wp-content/uploads/2021/11/falcons_icon-128x128.png,#233A6B,Dale Bishop,dale-bishop,Defence,0,1,1,0,0,2021-2022,regular
1115,Regular Season 2021-2022,2022-03-07,Falcons,https://ormrhl.com/wp-content/uploads/2021/11/falcons_icon-128x128.png,#233A6B,Jason Todd,jason-todd,Defence,0,0,0,0,0,2021-2022,regular
1115,Regular Season 2021-2022,2022-03-07,Falcons,https://ormrhl.com/wp-content/uploads/2021/11/falcons_icon-128x128.png,#233A6B,Jonathan West,jonathan-west,Forward,0,0,0,0,0,2021-2022,regular
1115,Regular Season 2021-2022,2022-03-07,Falcons,https://ormrhl.com/wp-content/uploads/2021/11/falcons_icon-128x128.png,#233A6B,Leo Napolitano,leo-napolitano,Defence,0,1,1,0,0,2021-2022,regular
1115,Regular Season 2021-2022,2022-03-07,Falcons,https://ormrhl.com/wp-content/uploads/2021/11/falcons_icon-128x128.png,#233A6B,Marco Dileo,marco-dileo,Forward,1,1,2,0,0,2021-2022,regular
1115,Regular Season 2021-2022,2022-03-07,Falcons,https://ormrhl.com/wp-content/uploads/2021/11/falcons_icon-128x128.png,#233A6B,Robbie Spencer,robbie-spencer,Forward,0,0,0,0,0,2021-2022,regular
1115,Regular Season 2021-2022,2022-03-07,Falcons,https://ormrhl.com/wp-content/uploads/2021/11/falcons_icon-128x128.png,#233A6B,Rocco Malfara,rocco-malfara,Defence,0,0,0,0,0,2021-2022,regular
1115,Regular Season 2021-2022,2022-03-07,Falcons,https://ormrhl.com/wp-content/uploads/2021/11/falcons_icon-128x128.png,#233A6B,Ryan Doggart,ryan-doggart,Forward,0,0,0,0,0,2021-2022,regular
1115,Regular Season 2021-2022,2022-03-07,Falcons,https://ormrhl.com/wp-content/uploads/2021/11/falcons_icon-128x128.png,#233A6B,Trystan Lebrun,trystan-lebrun,Goaltender,0,0,0,0,0,2021-2022,regular
1115,Regular Season 2021-2022,2022-03-07,Wildcats,https://ormrhl.com/wp-content/uploads/2021/11/wildcats_logo-128x128.png,#D97B29,Brian Hatton,brian-hatton,Goaltender,0,0,0,0,0,2021-2022,regular
1115,Regular Season 2021-2022,2022-03-07,Wildcats,https://ormrhl.com/wp-content/uploads/2021/11/wildcats_logo-128x128.png,#D97B29,Colby Clarke,colby-clarke,Forward,2,2,4,0,0,2021-2022,regular
1115,Regular Season 2021-2022,2022-03-07,Wildcats,https://ormrhl.com/wp-content/uploads/2021/11/wildcats_logo-128x128.png,#D97B29,Dan Montanari,dan-montanari,Forward,0,1,1,0,0,2021-2022,regular
1115,Regular Season 2021-2022,2022-03-07,Wildcats,https://ormrhl.com/wp-content/uploads/2021/11/wildcats_logo-128x128.png,#D97B29,Dan Richards,dan-richards,Forward,1,1,2,0,0,2021-2022,regular
1115,Regular Season 2021-2022,2022-03-07,Wildcats,https://ormrhl.com/wp-content/uploads/2021/11/wildcats_logo-128x128.png,#D97B29,Greg Sipprell,greg-sipprell2,Forward,2,1,3,1,0,2021-2022,regular
1115,Regular Season 2021-2022,2022-03-07,Wildcats,https://ormrhl.com/wp-content/uploads/2021/11/wildcats_logo-128x128.png,#D97B29,Jaro Verchkovski,jaro-verchkovski,Forward,1,0,1,0,0,2021-2022,regular
1115,Regular Season 2021-2022,2022-03-07,Wildcats,https://ormrhl.com/wp-content/uploads/2021/11/wildcats_logo-128x128.png,#D97B29,Lucas Kleine,lucas-kleine,Forward,0,1,1,0,0,2021-2022,regular
1115,Regular Season 2021-2022,2022-03-07,Wildcats,https://ormrhl.com/wp-content/uploads/2021/11/wildcats_logo-128x128.png,#D97B29,Pat Parent,pat-parent,Defence,0,3,3,0,0,2021-2022,regular
1115,Regular Season 2021-2022,2022-03-07,Wildcats,https://ormrhl.com/wp-content/uploads/2021/11/wildcats_logo-128x128.png,#D97B29,Rob Kleine,rob-kleine,Forward,0,1,1,0,0,2021-2022,regular
1115,Regular Season 2021-2022,2022-03-07,Wildcats,https://ormrhl.com/wp-content/uploads/2021/11/wildcats_logo-128x128.png,#D97B29,Ryan Smith,ryan-smith-og,Forward,1,0,1,0,0,2021-2022,regular
1115,Regular Season 2021-2022,2022-03-07,Wildcats,https://ormrhl.com/wp-content/uploads/2021/11/wildcats_logo-128x128.png,#D97B29,Serge Lossev,serge-lossev,Forward,0,1,1,0,0,2021-2022,regular
1115,Regular Season 2021-2022,2022-03-07,Wildcats,https://ormrhl.com/wp-content/uploads/2021/11/wildcats_logo-128x128.png,#D97B29,Victor Verchkovski,victor-verchkovski,Forward,0,0,0,0,0,2021-2022,regular
1116,Regular Season 2021-2022,2022-03-07,Cobras,https://ormrhl.com/wp-content/uploads/2021/11/Cobras_Logo-128x128.png,#2B8C5C,Adrian Iudiciani,adrian-iudiciani,Forward,0,1,1,0,0,2021-2022,regular
1116,Regular Season 2021-2022,2022-03-07,Cobras,https://ormrhl.com/wp-content/uploads/2021/11/Cobras_Logo-128x128.png,#2B8C5C,Angelo Capone,angelo-capone,Forward,2,0,2,0,0,2021-2022,regular
1116,Regular Season 2021-2022,2022-03-07,Cobras,https://ormrhl.com/wp-content/uploads/2021/11/Cobras_Logo-128x128.png,#2B8C5C,Brandon De Assuncao,brandon-de-assuncao,Forward,0,1,1,0,0,2021-2022,regular
1116,Regular Season 2021-2022,2022-03-07,Cobras,https://ormrhl.com/wp-content/uploads/2021/11/Cobras_Logo-128x128.png,#2B8C5C,James Mitchell,james-mitchell,Forward,0,0,0,0,0,2021-2022,regular
1116,Regular Season 2021-2022,2022-03-07,Cobras,https://ormrhl.com/wp-content/uploads/2021/11/Cobras_Logo-128x128.png,#2B8C5C,Justin Pappianni,justin-papaianni,Forward,0,1,1,0,0,2021-2022,regular
1116,Regular Season 2021-2022,2022-03-07,Cobras,https://ormrhl.com/wp-content/uploads/2021/11/Cobras_Logo-128x128.png,#2B8C5C,Mark Mitchell,mark-mitchell,Defence,0,0,0,0,0,2021-2022,regular
1116,Regular Season 2021-2022,2022-03-07,Cobras,https://ormrhl.com/wp-content/uploads/2021/11/Cobras_Logo-128x128.png,#2B8C5C,Massimo Venditti,massimo-venditti,Forward,0,0,0,0,0,2021-2022,regular
1116,Regular Season 2021-2022,2022-03-07,Cobras,https://ormrhl.com/wp-content/uploads/2021/11/Cobras_Logo-128x128.png,#2B8C5C,Rob Iudiciani,rob-iudiciani,Defence,0,2,2,0,0,2021-2022,regular
1116,Regular Season 2021-2022,2022-03-07,Cobras,https://ormrhl.com/wp-content/uploads/2021/11/Cobras_Logo-128x128.png,#2B8C5C,Steve Souphanthong,steve-souphanthong,Forward,1,0,1,0,0,2021-2022,regular
1116,Regular Season 2021-2022,2022-03-07,Cobras,https://ormrhl.com/wp-content/uploads/2021/11/Cobras_Logo-128x128.png,#2B8C5C,Tyler Doyle,tyler-doyle,Forward,0,1,1,0,0,2021-2022,regular
1116,Regular Season 2021-2022,2022-03-07,Eagles,https://ormrhl.com/wp-content/uploads/2021/11/Eagles_logo-128x128.png,#A31E2E,Alex Disera,alex-disera,Forward,0,0,0,0,0,2021-2022,regular
1116,Regular Season 2021-2022,2022-03-07,Eagles,https://ormrhl.com/wp-content/uploads/2021/11/Eagles_logo-128x128.png,#A31E2E,Anthony Loduca,anthony-loduca,Forward,0,2,2,0,0,2021-2022,regular
1116,Regular Season 2021-2022,2022-03-07,Eagles,https://ormrhl.com/wp-content/uploads/2021/11/Eagles_logo-128x128.png,#A31E2E,Darren Desrosiers,darren-desrosiers,Forward,1,1,2,0,0,2021-2022,regular
1116,Regular Season 2021-2022,2022-03-07,Eagles,https://ormrhl.com/wp-content/uploads/2021/11/Eagles_logo-128x128.png,#A31E2E,Hugh Smylie,hugh-smylie,Defence,0,1,1,0,0,2021-2022,regular
1116,Regular Season 2021-2022,2022-03-07,Eagles,https://ormrhl.com/wp-content/uploads/2021/11/Eagles_logo-128x128.png,#A31E2E,James Counter,james-counter,Forward,1,2,3,0,0,2021-2022,regular
1116,Regular Season 2021-2022,2022-03-07,Eagles,https://ormrhl.com/wp-content/uploads/2021/11/Eagles_logo-128x128.png,#A31E2E,Jeff Mitchell,jeff-mitchell,Defence,0,1,1,0,0,2021-2022,regular
1116,Regular Season 2021-2022,2022-03-07,Eagles,https://ormrhl.com/wp-content/uploads/2021/11/Eagles_logo-128x128.png,#A31E2E,Joey Leger,joey-leger,Forward,0,0,0,0,0,2021-2022,regular
1116,Regular Season 2021-2022,2022-03-07,Eagles,https://ormrhl.com/wp-content/uploads/2021/11/Eagles_logo-128x128.png,#A31E2E,Jordan Bodimeade,jordan-bodimeade,Forward,0,0,0,0,0,2021-2022,regular
1116,Regular Season 2021-2022,2022-03-07,Eagles,https://ormrhl.com/wp-content/uploads/2021/11/Eagles_logo-128x128.png,#A31E2E,Kevin Hinton,kevin-hinton,Forward,1,1,2,0,0,2021-2022,regular
1116,Regular Season 2021-2022,2022-03-07,Eagles,https://ormrhl.com/wp-content/uploads/2021/11/Eagles_logo-128x128.png,#A31E2E,Lucas Ackerman,lucas-ackerman,Forward,0,0,0,0,0,2021-2022,regular
1116,Regular Season 2021-2022,2022-03-07,Eagles,https://ormrhl.com/wp-content/uploads/2021/11/Eagles_logo-128x128.png,#A31E2E,Mario Carriero,mario-carriero,Goaltender,0,1,1,0,0,2021-2022,regular
1116,Regular Season 2021-2022,2022-03-07,Eagles,https://ormrhl.com/wp-content/uploads/2021/11/Eagles_logo-128x128.png,#A31E2E,Mario Mazzucco,mario-mazzucco,Forward,2,0,2,0,0,2021-2022,regular
1116,Regular Season 2021-2022,2022-03-07,Eagles,https://ormrhl.com/wp-content/uploads/2021/11/Eagles_logo-128x128.png,#A31E2E,Scott Sutton,scott-sutton,Defence,0,0,0,0,0,2021-2022,regular
1117,Regular Season 2021-2022,2022-03-10,Cobras,https://ormrhl.com/wp-content/uploads/2021/11/Cobras_Logo-128x128.png,#2B8C5C,Adrian Iudiciani,adrian-iudiciani,Forward,1,0,1,0,0,2021-2022,regular
1117,Regular Season 2021-2022,2022-03-10,Cobras,https://ormrhl.com/wp-content/uploads/2021/11/Cobras_Logo-128x128.png,#2B8C5C,Angelo Capone,angelo-capone,Forward,0,0,0,0,0,2021-2022,regular
1117,Regular Season 2021-2022,2022-03-10,Cobras,https://ormrhl.com/wp-content/uploads/2021/11/Cobras_Logo-128x128.png,#2B8C5C,Brandon De Assuncao,brandon-de-assuncao,Forward,1,0,1,0,0,2021-2022,regular
1117,Regular Season 2021-2022,2022-03-10,Cobras,https://ormrhl.com/wp-content/uploads/2021/11/Cobras_Logo-128x128.png,#2B8C5C,Drew Grasse,drew-grasse,Forward,0,1,1,0,0,2021-2022,regular
1117,Regular Season 2021-2022,2022-03-10,Cobras,https://ormrhl.com/wp-content/uploads/2021/11/Cobras_Logo-128x128.png,#2B8C5C,James Mitchell,james-mitchell,Forward,1,2,3,0,0,2021-2022,regular
1117,Regular Season 2021-2022,2022-03-10,Cobras,https://ormrhl.com/wp-content/uploads/2021/11/Cobras_Logo-128x128.png,#2B8C5C,Justin Pappianni,justin-papaianni,Forward,0,3,3,0,0,2021-2022,regular
1117,Regular Season 2021-2022,2022-03-10,Cobras,https://ormrhl.com/wp-content/uploads/2021/11/Cobras_Logo-128x128.png,#2B8C5C,Mark Mitchell,mark-mitchell,Defence,0,0,0,1,0,2021-2022,regular
1117,Regular Season 2021-2022,2022-03-10,Cobras,https://ormrhl.com/wp-content/uploads/2021/11/Cobras_Logo-128x128.png,#2B8C5C,Massimo Venditti,massimo-venditti,Forward,0,0,0,0,0,2021-2022,regular
1117,Regular Season 2021-2022,2022-03-10,Cobras,https://ormrhl.com/wp-content/uploads/2021/11/Cobras_Logo-128x128.png,#2B8C5C,PJ Harrison,pj-harrison,Goaltender,0,0,0,0,0,2021-2022,regular
1117,Regular Season 2021-2022,2022-03-10,Cobras,https://ormrhl.com/wp-content/uploads/2021/11/Cobras_Logo-128x128.png,#2B8C5C,Rob Iudiciani,rob-iudiciani,Defence,1,0,1,0,0,2021-2022,regular
1117,Regular Season 2021-2022,2022-03-10,Cobras,https://ormrhl.com/wp-content/uploads/2021/11/Cobras_Logo-128x128.png,#2B8C5C,Scott Johnson,scott-johnson,Forward,1,1,2,0,0,2021-2022,regular
1117,Regular Season 2021-2022,2022-03-10,Cobras,https://ormrhl.com/wp-content/uploads/2021/11/Cobras_Logo-128x128.png,#2B8C5C,Steve Souphanthong,steve-souphanthong,Forward,0,0,0,0,0,2021-2022,regular
1117,Regular Season 2021-2022,2022-03-10,Cobras,https://ormrhl.com/wp-content/uploads/2021/11/Cobras_Logo-128x128.png,#2B8C5C,Tyler Doyle,tyler-doyle,Forward,1,0,1,0,0,2021-2022,regular
1117,Regular Season 2021-2022,2022-03-10,Wildcats,https://ormrhl.com/wp-content/uploads/2021/11/wildcats_logo-128x128.png,#D97B29,Alex Kane,alex-kane,Defence,0,1,1,0,0,2021-2022,regular
1117,Regular Season 2021-2022,2022-03-10,Wildcats,https://ormrhl.com/wp-content/uploads/2021/11/wildcats_logo-128x128.png,#D97B29,Brian Hatton,brian-hatton,Goaltender,0,0,0,0,0,2021-2022,regular
1117,Regular Season 2021-2022,2022-03-10,Wildcats,https://ormrhl.com/wp-content/uploads/2021/11/wildcats_logo-128x128.png,#D97B29,Colby Clarke,colby-clarke,Forward,4,0,4,0,0,2021-2022,regular
1117,Regular Season 2021-2022,2022-03-10,Wildcats,https://ormrhl.com/wp-content/uploads/2021/11/wildcats_logo-128x128.png,#D97B29,Dan Montanari,dan-montanari,Forward,0,0,0,0,0,2021-2022,regular
1117,Regular Season 2021-2022,2022-03-10,Wildcats,https://ormrhl.com/wp-content/uploads/2021/11/wildcats_logo-128x128.png,#D97B29,Dan Richards,dan-richards,Forward,0,1,1,0,0,2021-2022,regular
1117,Regular Season 2021-2022,2022-03-10,Wildcats,https://ormrhl.com/wp-content/uploads/2021/11/wildcats_logo-128x128.png,#D97B29,Greg Sipprell,greg-sipprell2,Forward,0,1,1,0,0,2021-2022,regular
1117,Regular Season 2021-2022,2022-03-10,Wildcats,https://ormrhl.com/wp-content/uploads/2021/11/wildcats_logo-128x128.png,#D97B29,Lucas Kleine,lucas-kleine,Forward,0,0,0,0,0,2021-2022,regular
1117,Regular Season 2021-2022,2022-03-10,Wildcats,https://ormrhl.com/wp-content/uploads/2021/11/wildcats_logo-128x128.png,#D97B29,Pat Parent,pat-parent,Defence,1,0,1,0,0,2021-2022,regular
1117,Regular Season 2021-2022,2022-03-10,Wildcats,https://ormrhl.com/wp-content/uploads/2021/11/wildcats_logo-128x128.png,#D97B29,Rob Kleine,rob-kleine,Forward,0,1,1,0,0,2021-2022,regular
1117,Regular Season 2021-2022,2022-03-10,Wildcats,https://ormrhl.com/wp-content/uploads/2021/11/wildcats_logo-128x128.png,#D97B29,Ryan Smith,ryan-smith-og,Forward,2,0,2,0,0,2021-2022,regular
1117,Regular Season 2021-2022,2022-03-10,Wildcats,https://ormrhl.com/wp-content/uploads/2021/11/wildcats_logo-128x128.png,#D97B29,Victor Verchkovski,victor-verchkovski,Forward,0,1,1,0,0,2021-2022,regular
1118,Regular Season 2021-2022,2022-03-10,Eagles,https://ormrhl.com/wp-content/uploads/2021/11/Eagles_logo-128x128.png,#A31E2E,Alex Disera,alex-disera,Forward,1,0,1,0,0,2021-2022,regular
1118,Regular Season 2021-2022,2022-03-10,Eagles,https://ormrhl.com/wp-content/uploads/2021/11/Eagles_logo-128x128.png,#A31E2E,Anthony Loduca,anthony-loduca,Forward,0,1,1,0,0,2021-2022,regular
1118,Regular Season 2021-2022,2022-03-10,Eagles,https://ormrhl.com/wp-content/uploads/2021/11/Eagles_logo-128x128.png,#A31E2E,Darren Desrosiers,darren-desrosiers,Forward,2,0,2,0,0,2021-2022,regular
1118,Regular Season 2021-2022,2022-03-10,Eagles,https://ormrhl.com/wp-content/uploads/2021/11/Eagles_logo-128x128.png,#A31E2E,Hugh Smylie,hugh-smylie,Defence,0,1,1,0,0,2021-2022,regular
1118,Regular Season 2021-2022,2022-03-10,Eagles,https://ormrhl.com/wp-content/uploads/2021/11/Eagles_logo-128x128.png,#A31E2E,James Counter,james-counter,Forward,2,0,2,0,0,2021-2022,regular
1118,Regular Season 2021-2022,2022-03-10,Eagles,https://ormrhl.com/wp-content/uploads/2021/11/Eagles_logo-128x128.png,#A31E2E,Jeff Mitchell,jeff-mitchell,Defence,0,0,0,0,0,2021-2022,regular
1118,Regular Season 2021-2022,2022-03-10,Eagles,https://ormrhl.com/wp-content/uploads/2021/11/Eagles_logo-128x128.png,#A31E2E,Joey Leger,joey-leger,Forward,0,0,0,0,0,2021-2022,regular
1118,Regular Season 2021-2022,2022-03-10,Eagles,https://ormrhl.com/wp-content/uploads/2021/11/Eagles_logo-128x128.png,#A31E2E,Jordan Bodimeade,jordan-bodimeade,Forward,1,1,2,0,0,2021-2022,regular
1118,Regular Season 2021-2022,2022-03-10,Eagles,https://ormrhl.com/wp-content/uploads/2021/11/Eagles_logo-128x128.png,#A31E2E,Lucas Ackerman,lucas-ackerman,Forward,0,1,1,0,0,2021-2022,regular
1118,Regular Season 2021-2022,2022-03-10,Eagles,https://ormrhl.com/wp-content/uploads/2021/11/Eagles_logo-128x128.png,#A31E2E,Mario Carriero,mario-carriero,Goaltender,0,0,0,0,0,2021-2022,regular
1118,Regular Season 2021-2022,2022-03-10,Eagles,https://ormrhl.com/wp-content/uploads/2021/11/Eagles_logo-128x128.png,#A31E2E,Scott Sutton,scott-sutton,Defence,0,0,0,0,0,2021-2022,regular
1118,Regular Season 2021-2022,2022-03-10,Rhinos,https://ormrhl.com/wp-content/uploads/2021/11/Rhinos_logo-128x128.png,#6B6F76,Adam Klein,adam-klein,Forward,0,0,0,0,0,2021-2022,regular
1118,Regular Season 2021-2022,2022-03-10,Rhinos,https://ormrhl.com/wp-content/uploads/2021/11/Rhinos_logo-128x128.png,#6B6F76,Anthony Ventrella,anthony-ventrella,Forward,0,0,0,0,0,2021-2022,regular
1118,Regular Season 2021-2022,2022-03-10,Rhinos,https://ormrhl.com/wp-content/uploads/2021/11/Rhinos_logo-128x128.png,#6B6F76,Daniel De Angelis,daniel-de-angelis,Defence,0,0,0,1,0,2021-2022,regular
1118,Regular Season 2021-2022,2022-03-10,Rhinos,https://ormrhl.com/wp-content/uploads/2021/11/Rhinos_logo-128x128.png,#6B6F76,Gianluca Santocono,gianluca-santocono,Defence,1,0,1,0,0,2021-2022,regular
1118,Regular Season 2021-2022,2022-03-10,Rhinos,https://ormrhl.com/wp-content/uploads/2021/11/Rhinos_logo-128x128.png,#6B6F76,Jeff Goodman,jeff-goodman,Goaltender,0,0,0,0,0,2021-2022,regular
1118,Regular Season 2021-2022,2022-03-10,Rhinos,https://ormrhl.com/wp-content/uploads/2021/11/Rhinos_logo-128x128.png,#6B6F76,Josh Machesney,josh-machesney,Forward,3,0,3,0,0,2021-2022,regular
1118,Regular Season 2021-2022,2022-03-10,Rhinos,https://ormrhl.com/wp-content/uploads/2021/11/Rhinos_logo-128x128.png,#6B6F76,Lorne Feld,lorne-feld,Forward,0,1,1,0,0,2021-2022,regular
1118,Regular Season 2021-2022,2022-03-10,Rhinos,https://ormrhl.com/wp-content/uploads/2021/11/Rhinos_logo-128x128.png,#6B6F76,Matthew Quintieri,matthew-quintieri,Forward,0,1,1,0,0,2021-2022,regular
1118,Regular Season 2021-2022,2022-03-10,Rhinos,https://ormrhl.com/wp-content/uploads/2021/11/Rhinos_logo-128x128.png,#6B6F76,Mike Clements,mike-clements,Defence,0,0,0,0,0,2021-2022,regular
1118,Regular Season 2021-2022,2022-03-10,Rhinos,https://ormrhl.com/wp-content/uploads/2021/11/Rhinos_logo-128x128.png,#6B6F76,Neil DeCantis,neil-decantis,Forward,0,1,1,0,0,2021-2022,regular
1118,Regular Season 2021-2022,2022-03-10,Rhinos,https://ormrhl.com/wp-content/uploads/2021/11/Rhinos_logo-128x128.png,#6B6F76,Robert Doswell,robert-doswell,Defence,0,1,1,0,0,2021-2022,regular
1118,Regular Season 2021-2022,2022-03-10,Rhinos,https://ormrhl.com/wp-content/uploads/2021/11/Rhinos_logo-128x128.png,#6B6F76,Robin Harrison,robin-harrison,Defence,0,0,0,0,0,2021-2022,regular
1119,Regular Season 2021-2022,2022-03-10,Falcons,https://ormrhl.com/wp-content/uploads/2021/11/falcons_icon-128x128.png,#233A6B,Brandon Wellsbury,brandon-wellsbury,Forward,5,0,5,0,0,2021-2022,regular
1119,Regular Season 2021-2022,2022-03-10,Falcons,https://ormrhl.com/wp-content/uploads/2021/11/falcons_icon-128x128.png,#233A6B,Dale Bishop,dale-bishop,Defence,0,0,0,0,0,2021-2022,regular
1119,Regular Season 2021-2022,2022-03-10,Falcons,https://ormrhl.com/wp-content/uploads/2021/11/falcons_icon-128x128.png,#233A6B,Jason Todd,jason-todd,Defence,0,0,0,0,0,2021-2022,regular
1119,Regular Season 2021-2022,2022-03-10,Falcons,https://ormrhl.com/wp-content/uploads/2021/11/falcons_icon-128x128.png,#233A6B,Jonathan West,jonathan-west,Forward,0,1,1,0,0,2021-2022,regular
1119,Regular Season 2021-2022,2022-03-10,Falcons,https://ormrhl.com/wp-content/uploads/2021/11/falcons_icon-128x128.png,#233A6B,Leo Napolitano,leo-napolitano,Defence,0,0,0,0,0,2021-2022,regular
1119,Regular Season 2021-2022,2022-03-10,Falcons,https://ormrhl.com/wp-content/uploads/2021/11/falcons_icon-128x128.png,#233A6B,Marco Dileo,marco-dileo,Forward,0,0,0,0,0,2021-2022,regular
1119,Regular Season 2021-2022,2022-03-10,Falcons,https://ormrhl.com/wp-content/uploads/2021/11/falcons_icon-128x128.png,#233A6B,Robbie Spencer,robbie-spencer,Forward,0,0,0,0,0,2021-2022,regular
1119,Regular Season 2021-2022,2022-03-10,Falcons,https://ormrhl.com/wp-content/uploads/2021/11/falcons_icon-128x128.png,#233A6B,Rocco Malfara,rocco-malfara,Defence,0,0,0,0,0,2021-2022,regular
1119,Regular Season 2021-2022,2022-03-10,Falcons,https://ormrhl.com/wp-content/uploads/2021/11/falcons_icon-128x128.png,#233A6B,Ryan Doggart,ryan-doggart,Forward,0,3,3,0,0,2021-2022,regular
1119,Regular Season 2021-2022,2022-03-10,Falcons,https://ormrhl.com/wp-content/uploads/2021/11/falcons_icon-128x128.png,#233A6B,Trystan Lebrun,trystan-lebrun,Goaltender,0,0,0,0,0,2021-2022,regular
1119,Regular Season 2021-2022,2022-03-10,Marlins,https://ormrhl.com/wp-content/uploads/2021/11/marlins_logo-128x128.png,#1E8A8A,David Kane,david-kane,Forward,0,0,0,0,0,2021-2022,regular
1119,Regular Season 2021-2022,2022-03-10,Marlins,https://ormrhl.com/wp-content/uploads/2021/11/marlins_logo-128x128.png,#1E8A8A,Doug Grant,doug-grant,Forward,0,0,0,0,0,2021-2022,regular
1119,Regular Season 2021-2022,2022-03-10,Marlins,https://ormrhl.com/wp-content/uploads/2021/11/marlins_logo-128x128.png,#1E8A8A,Duncan Stalker,duncan-stalker,Defence,0,0,0,0,0,2021-2022,regular
1119,Regular Season 2021-2022,2022-03-10,Marlins,https://ormrhl.com/wp-content/uploads/2021/11/marlins_logo-128x128.png,#1E8A8A,Jackson Morgis,jackson-morgis,Goaltender,0,0,0,0,0,2021-2022,regular
1119,Regular Season 2021-2022,2022-03-10,Marlins,https://ormrhl.com/wp-content/uploads/2021/11/marlins_logo-128x128.png,#1E8A8A,Jeff Connor,jeff-connor,Forward,4,0,4,0,0,2021-2022,regular
1119,Regular Season 2021-2022,2022-03-10,Marlins,https://ormrhl.com/wp-content/uploads/2021/11/marlins_logo-128x128.png,#1E8A8A,Jeremy Grey,jeremy-grey,Defence,0,0,0,0,0,2021-2022,regular
1119,Regular Season 2021-2022,2022-03-10,Marlins,https://ormrhl.com/wp-content/uploads/2021/11/marlins_logo-128x128.png,#1E8A8A,Michael Montesanti,michael-montesanti,Forward,1,0,1,0,0,2021-2022,regular
1119,Regular Season 2021-2022,2022-03-10,Marlins,https://ormrhl.com/wp-content/uploads/2021/11/marlins_logo-128x128.png,#1E8A8A,Scott Browne,scott-browne,Forward,2,1,3,0,0,2021-2022,regular
1119,Regular Season 2021-2022,2022-03-10,Marlins,https://ormrhl.com/wp-content/uploads/2021/11/marlins_logo-128x128.png,#1E8A8A,Thomas Grant,thomas-grant,Defence,0,1,1,0,0,2021-2022,regular
1119,Regular Season 2021-2022,2022-03-10,Marlins,https://ormrhl.com/wp-content/uploads/2021/11/marlins_logo-128x128.png,#1E8A8A,Tyler Kozak,tyler-kozak,Defence,0,2,2,0,0,2021-2022,regular
cobras-vs-falcons,Regular Season 2021-2022,2022-03-14,Cobras,https://ormrhl.com/wp-content/uploads/2021/11/Cobras_Logo-128x128.png,#2B8C5C,Adrian Iudiciani,adrian-iudiciani,Forward,0,3,3,0,0,2021-2022,regular
cobras-vs-falcons,Regular Season 2021-2022,2022-03-14,Cobras,https://ormrhl.com/wp-content/uploads/2021/11/Cobras_Logo-128x128.png,#2B8C5C,Angelo Capone,angelo-capone,Forward,2,2,4,1,0,2021-2022,regular
cobras-vs-falcons,Regular Season 2021-2022,2022-03-14,Cobras,https://ormrhl.com/wp-content/uploads/2021/11/Cobras_Logo-128x128.png,#2B8C5C,Brandon De Assuncao,brandon-de-assuncao,Forward,0,1,1,0,0,2021-2022,regular
cobras-vs-falcons,Regular Season 2021-2022,2022-03-14,Cobras,https://ormrhl.com/wp-content/uploads/2021/11/Cobras_Logo-128x128.png,#2B8C5C,Drew Grasse,drew-grasse,Forward,1,1,2,0,0,2021-2022,regular
cobras-vs-falcons,Regular Season 2021-2022,2022-03-14,Cobras,https://ormrhl.com/wp-content/uploads/2021/11/Cobras_Logo-128x128.png,#2B8C5C,James Mitchell,james-mitchell,Forward,2,1,3,0,0,2021-2022,regular
cobras-vs-falcons,Regular Season 2021-2022,2022-03-14,Cobras,https://ormrhl.com/wp-content/uploads/2021/11/Cobras_Logo-128x128.png,#2B8C5C,Justin Pappianni,justin-papaianni,Forward,1,1,2,0,0,2021-2022,regular
cobras-vs-falcons,Regular Season 2021-2022,2022-03-14,Cobras,https://ormrhl.com/wp-content/uploads/2021/11/Cobras_Logo-128x128.png,#2B8C5C,Mark Mitchell,mark-mitchell,Defence,0,1,1,0,0,2021-2022,regular
cobras-vs-falcons,Regular Season 2021-2022,2022-03-14,Cobras,https://ormrhl.com/wp-content/uploads/2021/11/Cobras_Logo-128x128.png,#2B8C5C,Massimo Venditti,massimo-venditti,Forward,0,1,1,0,0,2021-2022,regular
cobras-vs-falcons,Regular Season 2021-2022,2022-03-14,Cobras,https://ormrhl.com/wp-content/uploads/2021/11/Cobras_Logo-128x128.png,#2B8C5C,Michael English,michael-english,Defence,0,1,1,0,0,2021-2022,regular
cobras-vs-falcons,Regular Season 2021-2022,2022-03-14,Cobras,https://ormrhl.com/wp-content/uploads/2021/11/Cobras_Logo-128x128.png,#2B8C5C,PJ Harrison,pj-harrison,Goaltender,0,0,0,0,0,2021-2022,regular
cobras-vs-falcons,Regular Season 2021-2022,2022-03-14,Cobras,https://ormrhl.com/wp-content/uploads/2021/11/Cobras_Logo-128x128.png,#2B8C5C,Rob Iudiciani,rob-iudiciani,Defence,1,1,2,0,0,2021-2022,regular
cobras-vs-falcons,Regular Season 2021-2022,2022-03-14,Cobras,https://ormrhl.com/wp-content/uploads/2021/11/Cobras_Logo-128x128.png,#2B8C5C,Steve Souphanthong,steve-souphanthong,Forward,1,2,3,0,0,2021-2022,regular
cobras-vs-falcons,Regular Season 2021-2022,2022-03-14,Cobras,https://ormrhl.com/wp-content/uploads/2021/11/Cobras_Logo-128x128.png,#2B8C5C,Tyler Doyle,tyler-doyle,Forward,2,1,3,0,0,2021-2022,regular
cobras-vs-falcons,Regular Season 2021-2022,2022-03-14,Falcons,https://ormrhl.com/wp-content/uploads/2021/11/falcons_icon-128x128.png,#233A6B,Brandon Wellsbury,brandon-wellsbury,Forward,0,1,1,0,0,2021-2022,regular
cobras-vs-falcons,Regular Season 2021-2022,2022-03-14,Falcons,https://ormrhl.com/wp-content/uploads/2021/11/falcons_icon-128x128.png,#233A6B,Dale Bishop,dale-bishop,Defence,0,0,0,0,0,2021-2022,regular
cobras-vs-falcons,Regular Season 2021-2022,2022-03-14,Falcons,https://ormrhl.com/wp-content/uploads/2021/11/falcons_icon-128x128.png,#233A6B,Daniel Bishev,daniel-bishev,Forward,1,1,2,0,0,2021-2022,regular
cobras-vs-falcons,Regular Season 2021-2022,2022-03-14,Falcons,https://ormrhl.com/wp-content/uploads/2021/11/falcons_icon-128x128.png,#233A6B,Jason Todd,jason-todd,Defence,0,1,1,0,0,2021-2022,regular
cobras-vs-falcons,Regular Season 2021-2022,2022-03-14,Falcons,https://ormrhl.com/wp-content/uploads/2021/11/falcons_icon-128x128.png,#233A6B,Jonathan West,jonathan-west,Forward,0,1,1,0,0,2021-2022,regular
cobras-vs-falcons,Regular Season 2021-2022,2022-03-14,Falcons,https://ormrhl.com/wp-content/uploads/2021/11/falcons_icon-128x128.png,#233A6B,Kari Paivio,kari-paivio,Forward,2,0,2,0,0,2021-2022,regular
cobras-vs-falcons,Regular Season 2021-2022,2022-03-14,Falcons,https://ormrhl.com/wp-content/uploads/2021/11/falcons_icon-128x128.png,#233A6B,Leo Napolitano,leo-napolitano,Defence,0,1,1,1,0,2021-2022,regular
cobras-vs-falcons,Regular Season 2021-2022,2022-03-14,Falcons,https://ormrhl.com/wp-content/uploads/2021/11/falcons_icon-128x128.png,#233A6B,Marco Dileo,marco-dileo,Forward,1,1,2,0,0,2021-2022,regular
cobras-vs-falcons,Regular Season 2021-2022,2022-03-14,Falcons,https://ormrhl.com/wp-content/uploads/2021/11/falcons_icon-128x128.png,#233A6B,Robbie Spencer,robbie-spencer,Forward,1,1,2,0,0,2021-2022,regular
cobras-vs-falcons,Regular Season 2021-2022,2022-03-14,Falcons,https://ormrhl.com/wp-content/uploads/2021/11/falcons_icon-128x128.png,#233A6B,Rocco Malfara,rocco-malfara,Defence,0,2,2,0,0,2021-2022,regular
cobras-vs-falcons,Regular Season 2021-2022,2022-03-14,Falcons,https://ormrhl.com/wp-content/uploads/2021/11/falcons_icon-128x128.png,#233A6B,Trystan Lebrun,trystan-lebrun,Goaltender,0,0,0,0,0,2021-2022,regular
eagles-vs-marlins,Regular Season 2021-2022,2022-03-14,Eagles,https://ormrhl.com/wp-content/uploads/2021/11/Eagles_logo-128x128.png,#A31E2E,Alex Disera,alex-disera,Forward,0,0,0,0,0,2021-2022,regular
eagles-vs-marlins,Regular Season 2021-2022,2022-03-14,Eagles,https://ormrhl.com/wp-content/uploads/2021/11/Eagles_logo-128x128.png,#A31E2E,Anthony Loduca,anthony-loduca,Forward,0,1,1,0,0,2021-2022,regular
eagles-vs-marlins,Regular Season 2021-2022,2022-03-14,Eagles,https://ormrhl.com/wp-content/uploads/2021/11/Eagles_logo-128x128.png,#A31E2E,Darren Desrosiers,darren-desrosiers,Forward,2,0,2,0,0,2021-2022,regular
eagles-vs-marlins,Regular Season 2021-2022,2022-03-14,Eagles,https://ormrhl.com/wp-content/uploads/2021/11/Eagles_logo-128x128.png,#A31E2E,Hugh Smylie,hugh-smylie,Defence,0,1,1,0,0,2021-2022,regular
eagles-vs-marlins,Regular Season 2021-2022,2022-03-14,Eagles,https://ormrhl.com/wp-content/uploads/2021/11/Eagles_logo-128x128.png,#A31E2E,James Counter,james-counter,Forward,0,0,0,0,0,2021-2022,regular
eagles-vs-marlins,Regular Season 2021-2022,2022-03-14,Eagles,https://ormrhl.com/wp-content/uploads/2021/11/Eagles_logo-128x128.png,#A31E2E,Joey Leger,joey-leger,Forward,0,1,1,0,0,2021-2022,regular
eagles-vs-marlins,Regular Season 2021-2022,2022-03-14,Eagles,https://ormrhl.com/wp-content/uploads/2021/11/Eagles_logo-128x128.png,#A31E2E,Jordan Bodimeade,jordan-bodimeade,Forward,1,0,1,0,0,2021-2022,regular
eagles-vs-marlins,Regular Season 2021-2022,2022-03-14,Eagles,https://ormrhl.com/wp-content/uploads/2021/11/Eagles_logo-128x128.png,#A31E2E,Kevin Hinton,kevin-hinton,Forward,0,0,0,0,0,2021-2022,regular
eagles-vs-marlins,Regular Season 2021-2022,2022-03-14,Eagles,https://ormrhl.com/wp-content/uploads/2021/11/Eagles_logo-128x128.png,#A31E2E,Larry Laughlin,larry-laughlin,Forward,0,1,1,0,0,2021-2022,regular
eagles-vs-marlins,Regular Season 2021-2022,2022-03-14,Eagles,https://ormrhl.com/wp-content/uploads/2021/11/Eagles_logo-128x128.png,#A31E2E,Lucas Ackerman,lucas-ackerman,Forward,0,1,1,0,0,2021-2022,regular
eagles-vs-marlins,Regular Season 2021-2022,2022-03-14,Eagles,https://ormrhl.com/wp-content/uploads/2021/11/Eagles_logo-128x128.png,#A31E2E,Mario Carriero,mario-carriero,Goaltender,0,0,0,0,0,2021-2022,regular
eagles-vs-marlins,Regular Season 2021-2022,2022-03-14,Marlins,https://ormrhl.com/wp-content/uploads/2021/11/marlins_logo-128x128.png,#1E8A8A,David Kane,david-kane,Forward,0,0,0,0,0,2021-2022,regular
eagles-vs-marlins,Regular Season 2021-2022,2022-03-14,Marlins,https://ormrhl.com/wp-content/uploads/2021/11/marlins_logo-128x128.png,#1E8A8A,Doug Grant,doug-grant,Forward,1,0,1,0,0,2021-2022,regular
eagles-vs-marlins,Regular Season 2021-2022,2022-03-14,Marlins,https://ormrhl.com/wp-content/uploads/2021/11/marlins_logo-128x128.png,#1E8A8A,Duncan Stalker,duncan-stalker,Defence,0,0,0,0,0,2021-2022,regular
eagles-vs-marlins,Regular Season 2021-2022,2022-03-14,Marlins,https://ormrhl.com/wp-content/uploads/2021/11/marlins_logo-128x128.png,#1E8A8A,Jackson Morgis,jackson-morgis,Goaltender,0,0,0,0,0,2021-2022,regular
eagles-vs-marlins,Regular Season 2021-2022,2022-03-14,Marlins,https://ormrhl.com/wp-content/uploads/2021/11/marlins_logo-128x128.png,#1E8A8A,Jeff Connor,jeff-connor,Forward,2,0,2,0,0,2021-2022,regular
eagles-vs-marlins,Regular Season 2021-2022,2022-03-14,Marlins,https://ormrhl.com/wp-content/uploads/2021/11/marlins_logo-128x128.png,#1E8A8A,Jeremy Grey,jeremy-grey,Defence,0,1,1,0,0,2021-2022,regular
eagles-vs-marlins,Regular Season 2021-2022,2022-03-14,Marlins,https://ormrhl.com/wp-content/uploads/2021/11/marlins_logo-128x128.png,#1E8A8A,Mack Charron,mack-charron,Forward,0,2,2,0,0,2021-2022,regular
eagles-vs-marlins,Regular Season 2021-2022,2022-03-14,Marlins,https://ormrhl.com/wp-content/uploads/2021/11/marlins_logo-128x128.png,#1E8A8A,Michael Montesanti,michael-montesanti,Forward,1,3,4,0,0,2021-2022,regular
eagles-vs-marlins,Regular Season 2021-2022,2022-03-14,Marlins,https://ormrhl.com/wp-content/uploads/2021/11/marlins_logo-128x128.png,#1E8A8A,Scott Browne,scott-browne,Forward,0,2,2,0,0,2021-2022,regular
eagles-vs-marlins,Regular Season 2021-2022,2022-03-14,Marlins,https://ormrhl.com/wp-content/uploads/2021/11/marlins_logo-128x128.png,#1E8A8A,Thomas Grant,thomas-grant,Defence,2,2,4,1,0,2021-2022,regular
eagles-vs-marlins,Regular Season 2021-2022,2022-03-14,Marlins,https://ormrhl.com/wp-content/uploads/2021/11/marlins_logo-128x128.png,#1E8A8A,Todd Wheeler,todd-wheeler,Forward,0,0,0,0,0,2021-2022,regular
eagles-vs-marlins,Regular Season 2021-2022,2022-03-14,Marlins,https://ormrhl.com/wp-content/uploads/2021/11/marlins_logo-128x128.png,#1E8A8A,Tyler Kozak,tyler-kozak,Defence,2,0,2,0,0,2021-2022,regular
wildcats-vs-rhinos,Regular Season 2021-2022,2022-03-14,Rhinos,https://ormrhl.com/wp-content/uploads/2021/11/Rhinos_logo-128x128.png,#6B6F76,Daniel De Angelis,daniel-de-angelis,Defence,2,1,3,0,0,2021-2022,regular
wildcats-vs-rhinos,Regular Season 2021-2022,2022-03-14,Rhinos,https://ormrhl.com/wp-content/uploads/2021/11/Rhinos_logo-128x128.png,#6B6F76,Gianluca Santocono,gianluca-santocono,Defence,0,0,0,1,0,2021-2022,regular
wildcats-vs-rhinos,Regular Season 2021-2022,2022-03-14,Rhinos,https://ormrhl.com/wp-content/uploads/2021/11/Rhinos_logo-128x128.png,#6B6F76,Jeff Goodman,jeff-goodman,Goaltender,0,0,0,0,0,2021-2022,regular
wildcats-vs-rhinos,Regular Season 2021-2022,2022-03-14,Rhinos,https://ormrhl.com/wp-content/uploads/2021/11/Rhinos_logo-128x128.png,#6B6F76,Josh Machesney,josh-machesney,Forward,2,0,2,0,0,2021-2022,regular
wildcats-vs-rhinos,Regular Season 2021-2022,2022-03-14,Rhinos,https://ormrhl.com/wp-content/uploads/2021/11/Rhinos_logo-128x128.png,#6B6F76,Lorne Feld,lorne-feld,Forward,1,0,1,0,0,2021-2022,regular
wildcats-vs-rhinos,Regular Season 2021-2022,2022-03-14,Rhinos,https://ormrhl.com/wp-content/uploads/2021/11/Rhinos_logo-128x128.png,#6B6F76,Mike Clements,mike-clements,Defence,0,0,0,1,0,2021-2022,regular
wildcats-vs-rhinos,Regular Season 2021-2022,2022-03-14,Rhinos,https://ormrhl.com/wp-content/uploads/2021/11/Rhinos_logo-128x128.png,#6B6F76,Neil DeCantis,neil-decantis,Forward,0,4,4,0,0,2021-2022,regular
wildcats-vs-rhinos,Regular Season 2021-2022,2022-03-14,Rhinos,https://ormrhl.com/wp-content/uploads/2021/11/Rhinos_logo-128x128.png,#6B6F76,Robert Doswell,robert-doswell,Defence,1,0,1,0,0,2021-2022,regular
wildcats-vs-rhinos,Regular Season 2021-2022,2022-03-14,Rhinos,https://ormrhl.com/wp-content/uploads/2021/11/Rhinos_logo-128x128.png,#6B6F76,Robin Harrison,robin-harrison,Defence,0,2,2,1,0,2021-2022,regular
wildcats-vs-rhinos,Regular Season 2021-2022,2022-03-14,Wildcats,https://ormrhl.com/wp-content/uploads/2021/11/wildcats_logo-128x128.png,#D97B29,Brian Hatton,brian-hatton,Goaltender,0,0,0,0,0,2021-2022,regular
wildcats-vs-rhinos,Regular Season 2021-2022,2022-03-14,Wildcats,https://ormrhl.com/wp-content/uploads/2021/11/wildcats_logo-128x128.png,#D97B29,Colby Clarke,colby-clarke,Forward,3,1,4,0,0,2021-2022,regular
wildcats-vs-rhinos,Regular Season 2021-2022,2022-03-14,Wildcats,https://ormrhl.com/wp-content/uploads/2021/11/wildcats_logo-128x128.png,#D97B29,Dan Montanari,dan-montanari,Forward,0,1,1,0,0,2021-2022,regular
wildcats-vs-rhinos,Regular Season 2021-2022,2022-03-14,Wildcats,https://ormrhl.com/wp-content/uploads/2021/11/wildcats_logo-128x128.png,#D97B29,Dan Richards,dan-richards,Forward,1,1,2,0,0,2021-2022,regular
wildcats-vs-rhinos,Regular Season 2021-2022,2022-03-14,Wildcats,https://ormrhl.com/wp-content/uploads/2021/11/wildcats_logo-128x128.png,#D97B29,Greg Sipprell,greg-sipprell2,Forward,0,2,2,0,0,2021-2022,regular
wildcats-vs-rhinos,Regular Season 2021-2022,2022-03-14,Wildcats,https://ormrhl.com/wp-content/uploads/2021/11/wildcats_logo-128x128.png,#D97B29,Lucas Kleine,lucas-kleine,Forward,0,3,3,0,0,2021-2022,regular
wildcats-vs-rhinos,Regular Season 2021-2022,2022-03-14,Wildcats,https://ormrhl.com/wp-content/uploads/2021/11/wildcats_logo-128x128.png,#D97B29,Pat Parent,pat-parent,Defence,0,1,1,0,0,2021-2022,regular
wildcats-vs-rhinos,Regular Season 2021-2022,2022-03-14,Wildcats,https://ormrhl.com/wp-content/uploads/2021/11/wildcats_logo-128x128.png,#D97B29,Rob Kleine,rob-kleine,Forward,0,1,1,0,0,2021-2022,regular
wildcats-vs-rhinos,Regular Season 2021-2022,2022-03-14,Wildcats,https://ormrhl.com/wp-content/uploads/2021/11/wildcats_logo-128x128.png,#D97B29,Ryan Smith,ryan-smith-og,Forward,3,0,3,0,0,2021-2022,regular
wildcats-vs-rhinos,Regular Season 2021-2022,2022-03-14,Wildcats,https://ormrhl.com/wp-content/uploads/2021/11/wildcats_logo-128x128.png,#D97B29,Serge Lossev,serge-lossev,Forward,0,0,0,0,0,2021-2022,regular
wildcats-vs-rhinos,Regular Season 2021-2022,2022-03-14,Wildcats,https://ormrhl.com/wp-content/uploads/2021/11/wildcats_logo-128x128.png,#D97B29,Victor Verchkovski,victor-verchkovski,Forward,0,2,2,0,0,2021-2022,regular
falcons-vs-eagles,Regular Season 2021-2022,2022-03-17,Eagles,https://ormrhl.com/wp-content/uploads/2021/11/Eagles_logo-128x128.png,#A31E2E,Anthony Loduca,anthony-loduca,Forward,0,1,1,0,0,2021-2022,regular
falcons-vs-eagles,Regular Season 2021-2022,2022-03-17,Eagles,https://ormrhl.com/wp-content/uploads/2021/11/Eagles_logo-128x128.png,#A31E2E,Darren Desrosiers,darren-desrosiers,Forward,0,1,1,0,0,2021-2022,regular
falcons-vs-eagles,Regular Season 2021-2022,2022-03-17,Eagles,https://ormrhl.com/wp-content/uploads/2021/11/Eagles_logo-128x128.png,#A31E2E,Hugh Smylie,hugh-smylie,Defence,0,0,0,0,0,2021-2022,regular
falcons-vs-eagles,Regular Season 2021-2022,2022-03-17,Eagles,https://ormrhl.com/wp-content/uploads/2021/11/Eagles_logo-128x128.png,#A31E2E,James Counter,james-counter,Forward,0,0,0,0,0,2021-2022,regular
falcons-vs-eagles,Regular Season 2021-2022,2022-03-17,Eagles,https://ormrhl.com/wp-content/uploads/2021/11/Eagles_logo-128x128.png,#A31E2E,Joey Leger,joey-leger,Forward,0,0,0,0,0,2021-2022,regular
falcons-vs-eagles,Regular Season 2021-2022,2022-03-17,Eagles,https://ormrhl.com/wp-content/uploads/2021/11/Eagles_logo-128x128.png,#A31E2E,Jordan Bodimeade,jordan-bodimeade,Forward,0,0,0,0,0,2021-2022,regular
falcons-vs-eagles,Regular Season 2021-2022,2022-03-17,Eagles,https://ormrhl.com/wp-content/uploads/2021/11/Eagles_logo-128x128.png,#A31E2E,Kevin Hinton,kevin-hinton,Forward,0,0,0,0,0,2021-2022,regular
falcons-vs-eagles,Regular Season 2021-2022,2022-03-17,Eagles,https://ormrhl.com/wp-content/uploads/2021/11/Eagles_logo-128x128.png,#A31E2E,Larry Laughlin,larry-laughlin,Forward,1,0,1,0,0,2021-2022,regular
falcons-vs-eagles,Regular Season 2021-2022,2022-03-17,Eagles,https://ormrhl.com/wp-content/uploads/2021/11/Eagles_logo-128x128.png,#A31E2E,Lucas Ackerman,lucas-ackerman,Forward,0,0,0,0,0,2021-2022,regular
falcons-vs-eagles,Regular Season 2021-2022,2022-03-17,Eagles,https://ormrhl.com/wp-content/uploads/2021/11/Eagles_logo-128x128.png,#A31E2E,Mario Carriero,mario-carriero,Goaltender,0,0,0,0,0,2021-2022,regular
falcons-vs-eagles,Regular Season 2021-2022,2022-03-17,Falcons,https://ormrhl.com/wp-content/uploads/2021/11/falcons_icon-128x128.png,#233A6B,Brandon Wellsbury,brandon-wellsbury,Forward,0,0,0,0,0,2021-2022,regular
falcons-vs-eagles,Regular Season 2021-2022,2022-03-17,Falcons,https://ormrhl.com/wp-content/uploads/2021/11/falcons_icon-128x128.png,#233A6B,Dale Bishop,dale-bishop,Defence,0,0,0,0,0,2021-2022,regular
falcons-vs-eagles,Regular Season 2021-2022,2022-03-17,Falcons,https://ormrhl.com/wp-content/uploads/2021/11/falcons_icon-128x128.png,#233A6B,Daniel Bishev,daniel-bishev,Forward,1,0,1,1,0,2021-2022,regular
falcons-vs-eagles,Regular Season 2021-2022,2022-03-17,Falcons,https://ormrhl.com/wp-content/uploads/2021/11/falcons_icon-128x128.png,#233A6B,Derek Marsham,derek-marsham,Forward,0,0,0,1,0,2021-2022,regular
falcons-vs-eagles,Regular Season 2021-2022,2022-03-17,Falcons,https://ormrhl.com/wp-content/uploads/2021/11/falcons_icon-128x128.png,#233A6B,Jonathan West,jonathan-west,Forward,0,0,0,0,0,2021-2022,regular
falcons-vs-eagles,Regular Season 2021-2022,2022-03-17,Falcons,https://ormrhl.com/wp-content/uploads/2021/11/falcons_icon-128x128.png,#233A6B,Kari Paivio,kari-paivio,Forward,0,0,0,0,0,2021-2022,regular
falcons-vs-eagles,Regular Season 2021-2022,2022-03-17,Falcons,https://ormrhl.com/wp-content/uploads/2021/11/falcons_icon-128x128.png,#233A6B,Leo Napolitano,leo-napolitano,Defence,0,2,2,0,0,2021-2022,regular
falcons-vs-eagles,Regular Season 2021-2022,2022-03-17,Falcons,https://ormrhl.com/wp-content/uploads/2021/11/falcons_icon-128x128.png,#233A6B,Marco Dileo,marco-dileo,Forward,1,1,2,0,0,2021-2022,regular
falcons-vs-eagles,Regular Season 2021-2022,2022-03-17,Falcons,https://ormrhl.com/wp-content/uploads/2021/11/falcons_icon-128x128.png,#233A6B,Robbie Spencer,robbie-spencer,Forward,0,0,0,0,0,2021-2022,regular
falcons-vs-eagles,Regular Season 2021-2022,2022-03-17,Falcons,https://ormrhl.com/wp-content/uploads/2021/11/falcons_icon-128x128.png,#233A6B,Rocco Malfara,rocco-malfara,Defence,0,0,0,0,0,2021-2022,regular
falcons-vs-eagles,Regular Season 2021-2022,2022-03-17,Falcons,https://ormrhl.com/wp-content/uploads/2021/11/falcons_icon-128x128.png,#233A6B,Trystan Lebrun,trystan-lebrun,Goaltender,0,0,0,0,0,2021-2022,regular
rhinos-vs-cobras,Regular Season 2021-2022,2022-03-17,Cobras,https://ormrhl.com/wp-content/uploads/2021/11/Cobras_Logo-128x128.png,#2B8C5C,Adrian Iudiciani,adrian-iudiciani,Forward,1,1,2,0,0,2021-2022,regular
rhinos-vs-cobras,Regular Season 2021-2022,2022-03-17,Cobras,https://ormrhl.com/wp-content/uploads/2021/11/Cobras_Logo-128x128.png,#2B8C5C,Angelo Capone,angelo-capone,Forward,0,0,0,0,0,2021-2022,regular
rhinos-vs-cobras,Regular Season 2021-2022,2022-03-17,Cobras,https://ormrhl.com/wp-content/uploads/2021/11/Cobras_Logo-128x128.png,#2B8C5C,Brandon De Assuncao,brandon-de-assuncao,Forward,0,0,0,0,0,2021-2022,regular
rhinos-vs-cobras,Regular Season 2021-2022,2022-03-17,Cobras,https://ormrhl.com/wp-content/uploads/2021/11/Cobras_Logo-128x128.png,#2B8C5C,Drew Grasse,drew-grasse,Forward,1,1,2,0,0,2021-2022,regular
rhinos-vs-cobras,Regular Season 2021-2022,2022-03-17,Cobras,https://ormrhl.com/wp-content/uploads/2021/11/Cobras_Logo-128x128.png,#2B8C5C,James Mitchell,james-mitchell,Forward,1,0,1,0,0,2021-2022,regular
rhinos-vs-cobras,Regular Season 2021-2022,2022-03-17,Cobras,https://ormrhl.com/wp-content/uploads/2021/11/Cobras_Logo-128x128.png,#2B8C5C,Justin Pappianni,justin-papaianni,Forward,0,0,0,0,0,2021-2022,regular
rhinos-vs-cobras,Regular Season 2021-2022,2022-03-17,Cobras,https://ormrhl.com/wp-content/uploads/2021/11/Cobras_Logo-128x128.png,#2B8C5C,Mark Mitchell,mark-mitchell,Defence,0,0,0,0,0,2021-2022,regular
rhinos-vs-cobras,Regular Season 2021-2022,2022-03-17,Cobras,https://ormrhl.com/wp-content/uploads/2021/11/Cobras_Logo-128x128.png,#2B8C5C,Massimo Venditti,massimo-venditti,Forward,0,0,0,0,0,2021-2022,regular
rhinos-vs-cobras,Regular Season 2021-2022,2022-03-17,Cobras,https://ormrhl.com/wp-content/uploads/2021/11/Cobras_Logo-128x128.png,#2B8C5C,PJ Harrison,pj-harrison,Goaltender,0,0,0,0,0,2021-2022,regular
rhinos-vs-cobras,Regular Season 2021-2022,2022-03-17,Cobras,https://ormrhl.com/wp-content/uploads/2021/11/Cobras_Logo-128x128.png,#2B8C5C,Steve Souphanthong,steve-souphanthong,Forward,0,0,0,0,0,2021-2022,regular
rhinos-vs-cobras,Regular Season 2021-2022,2022-03-17,Rhinos,https://ormrhl.com/wp-content/uploads/2021/11/Rhinos_logo-128x128.png,#6B6F76,Adam Klein,adam-klein,Forward,1,2,3,0,0,2021-2022,regular
rhinos-vs-cobras,Regular Season 2021-2022,2022-03-17,Rhinos,https://ormrhl.com/wp-content/uploads/2021/11/Rhinos_logo-128x128.png,#6B6F76,Daniel De Angelis,daniel-de-angelis,Defence,2,2,4,0,0,2021-2022,regular
rhinos-vs-cobras,Regular Season 2021-2022,2022-03-17,Rhinos,https://ormrhl.com/wp-content/uploads/2021/11/Rhinos_logo-128x128.png,#6B6F76,Gianluca Santocono,gianluca-santocono,Defence,0,1,1,0,0,2021-2022,regular
rhinos-vs-cobras,Regular Season 2021-2022,2022-03-17,Rhinos,https://ormrhl.com/wp-content/uploads/2021/11/Rhinos_logo-128x128.png,#6B6F76,Jeff Goodman,jeff-goodman,Goaltender,0,1,1,0,0,2021-2022,regular
rhinos-vs-cobras,Regular Season 2021-2022,2022-03-17,Rhinos,https://ormrhl.com/wp-content/uploads/2021/11/Rhinos_logo-128x128.png,#6B6F76,Josh Machesney,josh-machesney,Forward,3,1,4,0,0,2021-2022,regular
rhinos-vs-cobras,Regular Season 2021-2022,2022-03-17,Rhinos,https://ormrhl.com/wp-content/uploads/2021/11/Rhinos_logo-128x128.png,#6B6F76,Lorne Feld,lorne-feld,Forward,0,2,2,0,0,2021-2022,regular
rhinos-vs-cobras,Regular Season 2021-2022,2022-03-17,Rhinos,https://ormrhl.com/wp-content/uploads/2021/11/Rhinos_logo-128x128.png,#6B6F76,Neil DeCantis,neil-decantis,Forward,3,0,3,0,0,2021-2022,regular
rhinos-vs-cobras,Regular Season 2021-2022,2022-03-17,Rhinos,https://ormrhl.com/wp-content/uploads/2021/11/Rhinos_logo-128x128.png,#6B6F76,Robert Doswell,robert-doswell,Defence,1,2,3,0,0,2021-2022,regular
wildcats-vs-marlins,Regular Season 2021-2022,2022-03-17,Marlins,https://ormrhl.com/wp-content/uploads/2021/11/marlins_logo-128x128.png,#1E8A8A,Duncan Stalker,duncan-stalker,Defence,1,1,2,0,0,2021-2022,regular
wildcats-vs-marlins,Regular Season 2021-2022,2022-03-17,Marlins,https://ormrhl.com/wp-content/uploads/2021/11/marlins_logo-128x128.png,#1E8A8A,Jackson Morgis,jackson-morgis,Goaltender,0,1,1,0,0,2021-2022,regular
wildcats-vs-marlins,Regular Season 2021-2022,2022-03-17,Marlins,https://ormrhl.com/wp-content/uploads/2021/11/marlins_logo-128x128.png,#1E8A8A,Jeff Connor,jeff-connor,Forward,1,0,1,0,0,2021-2022,regular
wildcats-vs-marlins,Regular Season 2021-2022,2022-03-17,Marlins,https://ormrhl.com/wp-content/uploads/2021/11/marlins_logo-128x128.png,#1E8A8A,Mack Charron,mack-charron,Forward,3,2,5,0,0,2021-2022,regular
wildcats-vs-marlins,Regular Season 2021-2022,2022-03-17,Marlins,https://ormrhl.com/wp-content/uploads/2021/11/marlins_logo-128x128.png,#1E8A8A,Michael Montesanti,michael-montesanti,Forward,1,3,4,0,0,2021-2022,regular
wildcats-vs-marlins,Regular Season 2021-2022,2022-03-17,Marlins,https://ormrhl.com/wp-content/uploads/2021/11/marlins_logo-128x128.png,#1E8A8A,Scott Browne,scott-browne,Forward,1,2,3,0,0,2021-2022,regular
wildcats-vs-marlins,Regular Season 2021-2022,2022-03-17,Marlins,https://ormrhl.com/wp-content/uploads/2021/11/marlins_logo-128x128.png,#1E8A8A,Thomas Grant,thomas-grant,Defence,1,1,2,0,0,2021-2022,regular
wildcats-vs-marlins,Regular Season 2021-2022,2022-03-17,Marlins,https://ormrhl.com/wp-content/uploads/2021/11/marlins_logo-128x128.png,#1E8A8A,Todd Wheeler,todd-wheeler,Forward,0,1,1,0,0,2021-2022,regular
wildcats-vs-marlins,Regular Season 2021-2022,2022-03-17,Marlins,https://ormrhl.com/wp-content/uploads/2021/11/marlins_logo-128x128.png,#1E8A8A,Tyler Kozak,tyler-kozak,Defence,0,1,1,0,0,2021-2022,regular
wildcats-vs-marlins,Regular Season 2021-2022,2022-03-17,Wildcats,https://ormrhl.com/wp-content/uploads/2021/11/wildcats_logo-128x128.png,#D97B29,Colby Clarke,colby-clarke,Forward,1,1,2,0,0,2021-2022,regular
wildcats-vs-marlins,Regular Season 2021-2022,2022-03-17,Wildcats,https://ormrhl.com/wp-content/uploads/2021/11/wildcats_logo-128x128.png,#D97B29,Dan Montanari,dan-montanari,Forward,1,1,2,0,0,2021-2022,regular
wildcats-vs-marlins,Regular Season 2021-2022,2022-03-17,Wildcats,https://ormrhl.com/wp-content/uploads/2021/11/wildcats_logo-128x128.png,#D97B29,Dan Richards,dan-richards,Forward,1,1,2,0,0,2021-2022,regular
wildcats-vs-marlins,Regular Season 2021-2022,2022-03-17,Wildcats,https://ormrhl.com/wp-content/uploads/2021/11/wildcats_logo-128x128.png,#D97B29,Greg Sipprell,greg-sipprell2,Forward,0,1,1,0,0,2021-2022,regular
wildcats-vs-marlins,Regular Season 2021-2022,2022-03-17,Wildcats,https://ormrhl.com/wp-content/uploads/2021/11/wildcats_logo-128x128.png,#D97B29,Lucas Kleine,lucas-kleine,Forward,1,0,1,0,0,2021-2022,regular
wildcats-vs-marlins,Regular Season 2021-2022,2022-03-17,Wildcats,https://ormrhl.com/wp-content/uploads/2021/11/wildcats_logo-128x128.png,#D97B29,Pat Parent,pat-parent,Defence,0,0,0,0,0,2021-2022,regular
wildcats-vs-marlins,Regular Season 2021-2022,2022-03-17,Wildcats,https://ormrhl.com/wp-content/uploads/2021/11/wildcats_logo-128x128.png,#D97B29,Paul Wolanski,paul-wolanski,Defence,0,1,1,1,0,2021-2022,regular
wildcats-vs-marlins,Regular Season 2021-2022,2022-03-17,Wildcats,https://ormrhl.com/wp-content/uploads/2021/11/wildcats_logo-128x128.png,#D97B29,Rob Kleine,rob-kleine,Forward,0,0,0,0,0,2021-2022,regular
wildcats-vs-marlins,Regular Season 2021-2022,2022-03-17,Wildcats,https://ormrhl.com/wp-content/uploads/2021/11/wildcats_logo-128x128.png,#D97B29,Ryan Smith,ryan-smith-og,Forward,1,1,2,0,0,2021-2022,regular
