season_label,season_key,season_type,as_of_date,team,team_icon,team_color,gp,w,l,t,pts,gf,ga,diff
Playoffs 2021-2022,2021-2022,playoffs,2022-03-21,Cobras,https://ormrhl.com/wp-content/uploads/2021/11/Cobras_Logo-128x128.png,#2B8C5C,1,1,0,0,2,3,2,1
Playoffs 2021-2022,2021-2022,playoffs,2022-03-21,Eagles,https://ormrhl.com/wp-content/uploads/2021/11/Eagles_logo-128x128.png,#A31E2E,1,1,0,0,2,10,2,8
Playoffs 2021-2022,2021-2022,playoffs,2022-03-21,Falcons,https://ormrhl.com/wp-content/uploads/2021/11/falcons_icon-128x128.png,#233A6B,1,1,0,0,2,5,0,5
Playoffs 2021-2022,2021-2022,playoffs,2022-03-21,Marlins,https://ormrhl.com/wp-content/uploads/2021/11/marlins_logo-128x128.png,#1E8A8A,1,0,1,0,0,0,5,-5
Playoffs 2021-2022,2021-2022,playoffs,2022-03-21,Rhinos,https://ormrhl.com/wp-content/uploads/2021/11/Rhinos_logo-128x128.png,#6B6F76,1,0,1,0,0,2,10,-8
Playoffs 2021-2022,2021-2022,playoffs,2022-03-21,Wildcats,https://ormrhl.com/wp-content/uploads/2021/11/wildcats_logo-128x128.png,#D97B29,1,0,1,0,0,2,3,-1
Playoffs 2021-2022,2021-2022,playoffs,2022-03-24,Cobras,https://ormrhl.com/wp-content/uploads/2021/11/Cobras_Logo-128x128.png,#2B8C5C,2,2,0,0,4,8,5,3
Playoffs 2021-2022,2021-2022,playoffs,2022-03-24,Eagles,https://ormrhl.com/wp-content/uploads/2021/11/Eagles_logo-128x128.png,#A31E2E,2,2,0,0,4,16,6,10
Playoffs 2021-2022,2021-2022,playoffs,2022-03-24,Falcons,https://ormrhl.com/wp-content/uploads/2021/11/falcons_icon-128x128.png,#233A6B,2,1,1,0,2,8,5,3
Playoffs 2021-2022,2021-2022,playoffs,2022-03-24,Marlins,https://ormrhl.com/wp-content/uploads/2021/11/marlins_logo-128x128.png,#1E8A8A,2,0,2,0,0,4,11,-7
Playoffs 2021-2022,2021-2022,playoffs,2022-03-24,Rhinos,https://ormrhl.com/wp-content/uploads/2021/11/Rhinos_logo-128x128.png,#6B6F76,2,0,2,0,0,3,17,-14
Playoffs 2021-2022,2021-2022,playoffs,2022-03-24,Wildcats,https://ormrhl.com/wp-content/uploads/2021/11/wildcats_logo-128x128.png,#D97B29,2,1,1,0,2,9,4,5
Playoffs 2021-2022,2021-2022,playoffs,2022-03-28,Cobras,https://ormrhl.com/wp-content/uploads/2021/11/Cobras_Logo-128x128.png,#2B8C5C,3,2,1,0,4,10,12,-2
Playoffs 2021-2022,2021-2022,playoffs,2022-03-28,Eagles,https://ormrhl.com/wp-content/uploads/2021/11/Eagles_logo-128x128.png,#A31E2E,3,3,0,0,6,21,8,13
Playoffs 2021-2022,2021-2022,playoffs,2022-03-28,Falcons,https://ormrhl.com/wp-content/uploads/2021/11/falcons_icon-128x128.png,#233A6B,3,2,1,0,4,14,10,4
Playoffs 2021-2022,2021-2022,playoffs,2022-03-28,Marlins,https://ormrhl.com/wp-content/uploads/2021/11/marlins_logo-128x128.png,#1E8A8A,3,1,2,0,2,11,13,-2
Playoffs 2021-2022,2021-2022,playoffs,2022-03-28,Rhinos,https://ormrhl.com/wp-content/uploads/2021/11/Rhinos_logo-128x128.png,#6B6F76,3,0,3,0,0,8,23,-15
Playoffs 2021-2022,2021-2022,playoffs,2022-03-28,Wildcats,https://ormrhl.com/wp-content/uploads/2021/11/wildcats_logo-128x128.png,#D97B29,3,1,2,0,2,11,9,2
Playoffs 2021-2022,2021-2022,playoffs,2022-03-30,Cobras,https://ormrhl.com/wp-content/uploads/2021/11/Cobras_Logo-128x128.png,#2B8C5C,4,3,1,0,6,18,14,4
Playoffs 2021-2022,2021-2022,playoffs,2022-03-30,Eagles,https://ormrhl.com/wp-content/uploads/2021/11/Eagles_logo-128x128.png,#A31E2E,4,3,1,0,6,23,14,9
Playoffs 2021-2022,2021-2022,playoffs,2022-03-30,Falcons,https://ormrhl.com/wp-content/uploads/2021/11/falcons_icon-128x128.png,#233A6B,4,3,1,0,6,20,12,8
Playoffs 2021-2022,2021-2022,playoffs,2022-03-30,Marlins,https://ormrhl.com/wp-content/uploads/2021/11/marlins_logo-128x128.png,#1E8A8A,4,2,2,0,4,20,18,2
Playoffs 2021-2022,2021-2022,playoffs,2022-03-30,Rhinos,https://ormrhl.com/wp-content/uploads/2021/11/Rhinos_logo-128x128.png,#6B6F76,4,0,4,0,0,10,31,-21
Playoffs 2021-2022,2021-2022,playoffs,2022-03-30,Wildcats,https://ormrhl.com/wp-content/uploads/2021/11/wildcats_logo-128x128.png,#D97B29,4,1,3,0,2,16,18,-2
Playoffs 2021-2022,2021-2022,playoffs,2022-04-04,Cobras,https://ormrhl.com/wp-content/uploads/2021/11/Cobras_Logo-128x128.png,#2B8C5C,5,3,2,0,6,20,17,3
Playoffs 2021-2022,2021-2022,playoffs,2022-04-04,Eagles,https://ormrhl.com/wp-content/uploads/2021/11/Eagles_logo-128x128.png,#A31E2E,5,4,1,0,8,26,16,10
Playoffs 2021-2022,2021-2022,playoffs,2022-04-04,Falcons,https://ormrhl.com/wp-content/uploads/2021/11/falcons_icon-128x128.png,#233A6B,5,4,1,0,8,28,13,15
Playoffs 2021-2022,2021-2022,playoffs,2022-04-04,Marlins,https://ormrhl.com/wp-content/uploads/2021/11/marlins_logo-128x128.png,#1E8A8A,5,2,3,0,4,22,25,-3
Playoffs 2021-2022,2021-2022,playoffs,2022-04-04,Rhinos,https://ormrhl.com/wp-content/uploads/2021/11/Rhinos_logo-128x128.png,#6B6F76,5,1,4,0,2,17,33,-16
Playoffs 2021-2022,2021-2022,playoffs,2022-04-04,Wildcats,https://ormrhl.com/wp-content/uploads/2021/11/wildcats_logo-128x128.png,#D97B29,5,1,4,0,2,17,26,-9
Playoffs 2021-2022,2021-2022,playoffs,2022-04-06,Cobras,https://ormrhl.com/wp-content/uploads/2021/11/Cobras_Logo-128x128.png,#2B8C5C,6,3,3,0,6,24,22,2
Playoffs 2021-2022,2021-2022,playoffs,2022-04-06,Eagles,https://ormrhl.com/wp-content/uploads/2021/11/Eagles_logo-128x128.png,#A31E2E,6,4,2,0,8,29,23,6
Playoffs 2021-2022,2021-2022,playoffs,2022-04-06,Falcons,https://ormrhl.com/wp-content/uploads/2021/11/falcons_icon-128x128.png,#233A6B,6,4,2,0,8,30,20,10
Playoffs 2021-2022,2021-2022,playoffs,2022-04-06,Marlins,https://ormrhl.com/wp-content/uploads/2021/11/marlins_logo-128x128.png,#1E8A8A,6,3,3,0,6,29,27,2
Playoffs 2021-2022,2021-2022,playoffs,2022-04-06,Rhinos,https://ormrhl.com/wp-content/uploads/2021/11/Rhinos_logo-128x128.png,#6B6F76,6,2,4,0,4,24,36,-12
Playoffs 2021-2022,2021-2022,playoffs,2022-04-06,Wildcats,https://ormrhl.com/wp-content/uploads/2021/11/wildcats_logo-128x128.png,#D97B29,6,2,4,0,4,22,30,-8
Playoffs 2021-2022,2021-2022,playoffs,2022-04-11,Cobras,https://ormrhl.com/wp-content/uploads/2021/11/Cobras_Logo-128x128.png,#2B8C5C,7,3,3,1,7,30,28,2
Playoffs 2021-2022,2021-2022,playoffs,2022-04-11,Eagles,https://ormrhl.com/wp-content/uploads/2021/11/Eagles_logo-128x128.png,#A31E2E,7,4,3,0,8,29,30,-1
Playoffs 2021-2022,2021-2022,playoffs,2022-04-11,Falcons,https://ormrhl.com/wp-content/uploads/2021/11/falcons_icon-128x128.png,#233A6B,7,4,2,1,9,36,26,10
Playoffs 2021-2022,2021-2022,playoffs,2022-04-11,Marlins,https://ormrhl.com/wp-content/uploads/2021/11/marlins_logo-128x128.png,#1E8A8A,7,4,3,0,8,36,27,9
Playoffs 2021-2022,2021-2022,playoffs,2022-04-11,Rhinos,https://ormrhl.com/wp-content/uploads/2021/11/Rhinos_logo-128x128.png,#6B6F76,7,3,4,0,6,30,38,-8
Playoffs 2021-2022,2021-2022,playoffs,2022-04-11,Wildcats,https://ormrhl.com/wp-content/uploads/2021/11/wildcats_logo-128x128.png,#D97B29,7,2,5,0,4,24,36,-12
Playoffs 2021-2022,2021-2022,playoffs,2022-04-14,Cobras,https://ormrhl.com/wp-content/uploads/2021/11/Cobras_Logo-128x128.png,#2B8C5C,8,3,4,1,7,31,37,-6
Playoffs 2021-2022,2021-2022,playoffs,2022-04-14,Eagles,https://ormrhl.com/wp-content/uploads/2021/11/Eagles_logo-128x128.png,#A31E2E,8,5,3,0,10,37,34,3
Playoffs 2021-2022,2021-2022,playoffs,2022-04-14,Falcons,https://ormrhl.com/wp-content/uploads/2021/11/falcons_icon-128x128.png,#233A6B,8,4,2,2,10,42,32,10
Playoffs 2021-2022,2021-2022,playoffs,2022-04-14,Marlins,https://ormrhl.com/wp-content/uploads/2021/11/marlins_logo-128x128.png,#1E8A8A,8,5,3,0,10,45,28,17
Playoffs 2021-2022,2021-2022,playoffs,2022-04-14,Rhinos,https://ormrhl.com/wp-content/uploads/2021/11/Rhinos_logo-128x128.png,#6B6F76,8,3,4,1,7,36,44,-8
Playoffs 2021-2022,2021-2022,playoffs,2022-04-14,Wildcats,https://ormrhl.com/wp-content/uploads/2021/11/wildcats_logo-128x128.png,#D97B29,8,2,6,0,4,28,44,-16
Playoffs 2021-2022,2021-2022,playoffs,2022-04-18,Cobras,https://ormrhl.com/wp-content/uploads/2021/11/Cobras_Logo-128x128.png,#2B8C5C,9,3,5,1,7,34,46,-12
Playoffs 2021-2022,2021-2022,playoffs,2022-04-18,Eagles,https://ormrhl.com/wp-content/uploads/2021/11/Eagles_logo-128x128.png,#A31E2E,9,5,4,0,10,39,38,1
Playoffs 2021-2022,2021-2022,playoffs,2022-04-18,Falcons,https://ormrhl.com/wp-content/uploads/2021/11/falcons_icon-128x128.png,#233A6B,9,5,2,2,12,46,34,12
Playoffs 2021-2022,2021-2022,playoffs,2022-04-18,Marlins,https://ormrhl.com/wp-content/uploads/2021/11/marlins_logo-128x128.png,#1E8A8A,9,5,4,0,10,47,31,16
Playoffs 2021-2022,2021-2022,playoffs,2022-04-18,Rhinos,https://ormrhl.com/wp-content/uploads/2021/11/Rhinos_logo-128x128.png,#6B6F76,9,4,4,1,9,45,47,-2
Playoffs 2021-2022,2021-2022,playoffs,2022-04-18,Wildcats,https://ormrhl.com/wp-content/uploads/2021/11/wildcats_logo-128x128.png,#D97B29,9,3,6,0,6,31,46,-15
Playoffs 2021-2022,2021-2022,playoffs,2022-04-21,Cobras,https://ormrhl.com/wp-content/uploads/2021/11/Cobras_Logo-128x128.png,#2B8C5C,10,3,6,1,7,39,56,-17
Playoffs 2021-2022,2021-2022,playoffs,2022-04-21,Eagles,https://ormrhl.com/wp-content/uploads/2021/11/Eagles_logo-128x128.png,#A31E2E,10,6,4,0,12,49,43,6
Playoffs 2021-2022,2021-2022,playoffs,2022-04-21,Falcons,https://ormrhl.com/wp-content/uploads/2021/11/falcons_icon-128x128.png,#233A6B,10,6,2,2,14,55,35,20
Playoffs 2021-2022,2021-2022,playoffs,2022-04-21,Marlins,https://ormrhl.com/wp-content/uploads/2021/11/marlins_logo-128x128.png,#1E8A8A,10,6,4,0,12,54,37,17
Playoffs 2021-2022,2021-2022,playoffs,2022-04-21,Rhinos,https://ormrhl.com/wp-content/uploads/2021/11/Rhinos_logo-128x128.png,#6B6F76,10,4,5,1,9,51,54,-3
Playoffs 2021-2022,2021-2022,playoffs,2022-04-21,Wildcats,https://ormrhl.com/wp-content/uploads/2021/11/wildcats_logo-128x128.png,#D97B29,10,3,7,0,6,32,55,-23
Playoffs 2021-2022,2021-2022,playoffs,2022-04-23,Cobras,https://ormrhl.com/wp-content/uploads/2021/11/Cobras_Logo-128x128.png,#2B8C5C,11,4,6,1,9,46,60,-14
Playoffs 2021-2022,2021-2022,playoffs,2022-04-23,Eagles,https://ormrhl.com/wp-content/uploads/2021/11/Eagles_logo-128x128.png,#A31E2E,10,6,4,0,12,49,43,6
Playoffs 2021-2022,2021-2022,playoffs,2022-04-23,Falcons,https://ormrhl.com/wp-content/uploads/2021/11/falcons_icon-128x128.png,#233A6B,10,6,2,2,14,55,35,20
Playoffs 2021-2022,2021-2022,playoffs,2022-04-23,Marlins,https://ormrhl.com/wp-content/uploads/2021/11/marlins_logo-128x128.png,#1E8A8A,10,6,4,0,12,54,37,17
Playoffs 2021-2022,2021-2022,playoffs,2022-04-23,Rhinos,https://ormrhl.com/wp-content/uploads/2021/11/Rhinos_logo-128x128.png,#6B6F76,10,4,5,1,9,51,54,-3
Playoffs 2021-2022,2021-2022,playoffs,2022-04-23,Wildcats,https://ormrhl.com/wp-content/uploads/2021/11/wildcats_logo-128x128.png,#D97B29,11,3,8,0,6,36,62,-26
Regular Season 2021-2022,2021-2022,regular,2021-11-01,Cobras,https://ormrhl.com/wp-content/uploads/2021/11/Cobras_Logo-128x128.png,#2B8C5C,1,0,1,0,0,3,5,-2
Regular Season 2021-2022,2021-2022,regular,2021-11-01,Eagles,https://ormrhl.com/wp-content/uploads/2021/11/Eagles_logo-128x128.png,#A31E2E,1,0,1,0,0,4,5,-1
Regular Season 2021-2022,2021-2022,regular,2021-11-01,Falcons,https://ormrhl.com/wp-content/uploads/2021/11/falcons_icon-128x128.png,#233A6B,1,0,1,0,0,3,5,-2
Regular Season 2021-2022,2021-2022,regular,2021-11-01,Marlins,https://ormrhl.com/wp-content/uploads/2021/11/marlins_logo-128x128.png,#1E8A8A,1,1,0,0,2,5,3,2
Regular Season 2021-2022,2021-2022,regular,2021-11-01,Rhinos,https://ormrhl.com/wp-content/uploads/2021/11/Rhinos_logo-128x128.png,#6B6F76,1,1,0,0,2,5,4,1
Regular Season 2021-2022,2021-2022,regular,2021-11-01,Wildcats,https://ormrhl.com/wp-content/uploads/2021/11/wildcats_logo-128x128.png,#D97B29,1,1,0,0,2,5,3,2
Regular Season 2021-2022,2021-2022,regular,2021-11-04,Cobras,https://ormrhl.com/wp-content/uploads/2021/11/Cobras_Logo-128x128.png,#2B8C5C,2,0,1,1,1,6,8,-2
Regular Season 2021-2022,2021-2022,regular,2021-11-04,Eagles,https://ormrhl.com/wp-content/uploads/2021/11/Eagles_logo-128x128.png,#A31E2E,2,1,1,0,2,9,9,0
Regular Season 2021-2022,2021-2022,regular,2021-11-04,Falcons,https://ormrhl.com/wp-content/uploads/2021/11/falcons_icon-128x128.png,#233A6B,2,0,1,1,1,6,8,-2
Regular Season 2021-2022,2021-2022,regular,2021-11-04,Marlins,https://ormrhl.com/wp-content/uploads/2021/11/marlins_logo-128x128.png,#1E8A8A,2,1,1,0,2,9,8,1
Regular Season 2021-2022,2021-2022,regular,2021-11-04,Rhinos,https://ormrhl.com/wp-content/uploads/2021/11/Rhinos_logo-128x128.png,#6B6F76,2,2,0,0,4,15,12,3
Regular Season 2021-2022,2021-2022,regular,2021-11-04,Wildcats,https://ormrhl.com/wp-content/uploads/2021/11/wildcats_logo-128x128.png,#D97B29,2,1,1,0,2,13,13,0
Regular Season 2021-2022,2021-2022,regular,2021-11-08,Cobras,https://ormrhl.com/wp-content/uploads/2021/11/Cobras_Logo-128x128.png,#2B8C5C,3,1,1,1,3,11,10,1
Regular Season 2021-2022,2021-2022,regular,2021-11-08,Eagles,https://ormrhl.com/wp-content/uploads/2021/11/Eagles_logo-128x128.png,#A31E2E,3,1,2,0,2,13,15,-2
Regular Season 2021-2022,2021-2022,regular,2021-11-08,Falcons,https://ormrhl.com/wp-content/uploads/2021/11/falcons_icon-128x128.png,#233A6B,3,0,2,1,1,9,14,-5
Regular Season 2021-2022,2021-2022,regular,2021-11-08,Marlins,https://ormrhl.com/wp-content/uploads/2021/11/marlins_logo-128x128.png,#1E8A8A,3,1,2,0,2,11,13,-2
Regular Season 2021-2022,2021-2022,regular,2021-11-08,Rhinos,https://ormrhl.com/wp-content/uploads/2021/11/Rhinos_logo-128x128.png,#6B6F76,3,3,0,0,6,21,15,6
Regular Season 2021-2022,2021-2022,regular,2021-11-08,Wildcats,https://ormrhl.com/wp-content/uploads/2021/11/wildcats_logo-128x128.png,#D97B29,3,2,1,0,4,19,17,2
Regular Season 2021-2022,2021-2022,regular,2021-11-11,Cobras,https://ormrhl.com/wp-content/uploads/2021/11/Cobras_Logo-128x128.png,#2B8C5C,4,1,2,1,3,18,18,0
Regular Season 2021-2022,2021-2022,regular,2021-11-11,Eagles,https://ormrhl.com/wp-content/uploads/2021/11/Eagles_logo-128x128.png,#A31E2E,4,2,2,0,4,18,18,0
Regular Season 2021-2022,2021-2022,regular,2021-11-11,Falcons,https://ormrhl.com/wp-content/uploads/2021/11/falcons_icon-128x128.png,#233A6B,4,0,3,1,1,12,19,-7
Regular Season 2021-2022,2021-2022,regular,2021-11-11,Marlins,https://ormrhl.com/wp-content/uploads/2021/11/marlins_logo-128x128.png,#1E8A8A,4,2,2,0,4,18,18,0
Regular Season 2021-2022,2021-2022,regular,2021-11-11,Rhinos,https://ormrhl.com/wp-content/uploads/2021/11/Rhinos_logo-128x128.png,#6B6F76,4,4,0,0,8,29,22,7
Regular Season 2021-2022,2021-2022,regular,2021-11-11,Wildcats,https://ormrhl.com/wp-content/uploads/2021/11/wildcats_logo-128x128.png,#D97B29,4,2,2,0,4,24,24,0
Regular Season 2021-2022,2021-2022,regular,2021-11-15,Cobras,https://ormrhl.com/wp-content/uploads/2021/11/Cobras_Logo-128x128.png,#2B8C5C,5,1,3,1,3,21,24,-3
Regular Season 2021-2022,2021-2022,regular,2021-11-15,Eagles,https://ormrhl.com/wp-content/uploads/2021/11/Eagles_logo-128x128.png,#A31E2E,5,3,2,0,6,24,21,3
Regular Season 2021-2022,2021-2022,regular,2021-11-15,Falcons,https://ormrhl.com/wp-content/uploads/2021/11/falcons_icon-128x128.png,#233A6B,5,0,4,1,1,13,26,-13
Regular Season 2021-2022,2021-2022,regular,2021-11-15,Marlins,https://ormrhl.com/wp-content/uploads/2021/11/marlins_logo-128x128.png,#1E8A8A,5,3,2,0,6,24,22,2
Regular Season 2021-2022,2021-2022,regular,2021-11-15,Rhinos,https://ormrhl.com/wp-content/uploads/2021/11/Rhinos_logo-128x128.png,#6B6F76,5,4,1,0,8,33,28,5
Regular Season 2021-2022,2021-2022,regular,2021-11-15,Wildcats,https://ormrhl.com/wp-content/uploads/2021/11/wildcats_logo-128x128.png,#D97B29,5,3,2,0,6,31,25,6
Regular Season 2021-2022,2021-2022,regular,2021-11-18,Cobras,https://ormrhl.com/wp-content/uploads/2021/11/Cobras_Logo-128x128.png,#2B8C5C,6,1,4,1,3,23,30,-7
Regular Season 2021-2022,2021-2022,regular,2021-11-18,Eagles,https://ormrhl.com/wp-content/uploads/2021/11/Eagles_logo-128x128.png,#A31E2E,6,4,2,0,8,28,24,4
Regular Season 2021-2022,2021-2022,regular,2021-11-18,Falcons,https://ormrhl.com/wp-content/uploads/2021/11/falcons_icon-128x128.png,#233A6B,6,0,5,1,1,16,30,-14
Regular Season 2021-2022,2021-2022,regular,2021-11-18,Marlins,https://ormrhl.com/wp-content/uploads/2021/11/marlins_logo-128x128.png,#1E8A8A,6,4,2,0,8,28,25,3
Regular Season 2021-2022,2021-2022,regular,2021-11-18,Rhinos,https://ormrhl.com/wp-content/uploads/2021/11/Rhinos_logo-128x128.png,#6B6F76,6,4,2,0,8,36,32,4
Regular Season 2021-2022,2021-2022,regular,2021-11-18,Wildcats,https://ormrhl.com/wp-content/uploads/2021/11/wildcats_logo-128x128.png,#D97B29,6,4,2,0,8,37,27,10
Regular Season 2021-2022,2021-2022,regular,2021-11-22,Cobras,https://ormrhl.com/wp-content/uploads/2021/11/Cobras_Logo-128x128.png,#2B8C5C,7,1,5,1,3,24,34,-10
Regular Season 2021-2022,2021-2022,regular,2021-11-22,Eagles,https://ormrhl.com/wp-content/uploads/2021/11/Eagles_logo-128x128.png,#A31E2E,7,5,2,0,10,31,26,5
Regular Season 2021-2022,2021-2022,regular,2021-11-22,Falcons,https://ormrhl.com/wp-content/uploads/2021/11/falcons_icon-128x128.png,#233A6B,7,1,5,1,3,20,31,-11
Regular Season 2021-2022,2021-2022,regular,2021-11-22,Marlins,https://ormrhl.com/wp-content/uploads/2021/11/marlins_logo-128x128.png,#1E8A8A,7,4,3,0,8,30,28,2
Regular Season 2021-2022,2021-2022,regular,2021-11-22,Rhinos,https://ormrhl.com/wp-content/uploads/2021/11/Rhinos_logo-128x128.png,#6B6F76,7,5,2,0,10,43,36,7
Regular Season 2021-2022,2021-2022,regular,2021-11-22,Wildcats,https://ormrhl.com/wp-content/uploads/2021/11/wildcats_logo-128x128.png,#D97B29,7,4,3,0,8,41,34,7
Regular Season 2021-2022,2021-2022,regular,2021-11-25,Cobras,https://ormrhl.com/wp-content/uploads/2021/11/Cobras_Logo-128x128.png,#2B8C5C,8,1,6,1,3,28,39,-11
Regular Season 2021-2022,2021-2022,regular,2021-11-25,Eagles,https://ormrhl.com/wp-content/uploads/2021/11/Eagles_logo-128x128.png,#A31E2E,8,5,3,0,10,35,32,3
Regular Season 2021-2022,2021-2022,regular,2021-11-25,Falcons,https://ormrhl.com/wp-content/uploads/2021/11/falcons_icon-128x128.png,#233A6B,8,2,5,1,5,26,36,-10
Regular Season 2021-2022,2021-2022,regular,2021-11-25,Marlins,https://ormrhl.com/wp-content/uploads/2021/11/marlins_logo-128x128.png,#1E8A8A,8,5,3,0,10,35,32,3
Regular Season 2021-2022,2021-2022,regular,2021-11-25,Rhinos,https://ormrhl.com/wp-content/uploads/2021/11/Rhinos_logo-128x128.png,#6B6F76,8,5,3,0,10,48,42,6
Regular Season 2021-2022,2021-2022,regular,2021-11-25,Wildcats,https://ormrhl.com/wp-content/uploads/2021/11/wildcats_logo-128x128.png,#D97B29,8,5,3,0,10,47,38,9
Regular Season 2021-2022,2021-2022,regular,2021-11-29,Cobras,https://ormrhl.com/wp-content/uploads/2021/11/Cobras_Logo-128x128.png,#2B8C5C,9,2,6,1,5,34,43,-9
Regular Season 2021-2022,2021-2022,regular,2021-11-29,Eagles,https://ormrhl.com/wp-content/uploads/2021/11/Eagles_logo-128x128.png,#A31E2E,9,6,3,0,12,43,36,7
Regular Season 2021-2022,2021-2022,regular,2021-11-29,Falcons,https://ormrhl.com/wp-content/uploads/2021/11/falcons_icon-128x128.png,#233A6B,9,2,6,1,5,30,44,-14
Regular Season 2021-2022,2021-2022,regular,2021-11-29,Marlins,https://ormrhl.com/wp-content/uploads/2021/11/marlins_logo-128x128.png,#1E8A8A,9,6,3,0,12,42,35,7
Regular Season 2021-2022,2021-2022,regular,2021-11-29,Rhinos,https://ormrhl.com/wp-content/uploads/2021/11/Rhinos_logo-128x128.png,#6B6F76,9,5,4,0,10,52,48,4
Regular Season 2021-2022,2021-2022,regular,2021-11-29,Wildcats,https://ormrhl.com/wp-content/uploads/2021/11/wildcats_logo-128x128.png,#D97B29,9,5,4,0,10,50,45,5
Regular Season 2021-2022,2021-2022,regular,2021-12-02,Cobras,https://ormrhl.com/wp-content/uploads/2021/11/Cobras_Logo-128x128.png,#2B8C5C,10,2,7,1,5,37,47,-10
Regular Season 2021-2022,2021-2022,regular,2021-12-02,Eagles,https://ormrhl.com/wp-content/uploads/2021/11/Eagles_logo-128x128.png,#A31E2E,10,7,3,0,14,47,39,8
Regular Season 2021-2022,2021-2022,regular,2021-12-02,Falcons,https://ormrhl.com/wp-content/uploads/2021/11/falcons_icon-128x128.png,#233A6B,10,2,7,1,5,34,50,-16
Regular Season 2021-2022,2021-2022,regular,2021-12-02,Marlins,https://ormrhl.com/wp-content/uploads/2021/11/marlins_logo-128x128.png,#1E8A8A,10,7,3,0,14,51,41,10
Regular Season 2021-2022,2021-2022,regular,2021-12-02,Rhinos,https://ormrhl.com/wp-content/uploads/2021/11/Rhinos_logo-128x128.png,#6B6F76,10,5,5,0,10,58,57,1
Regular Season 2021-2022,2021-2022,regular,2021-12-02,Wildcats,https://ormrhl.com/wp-content/uploads/2021/11/wildcats_logo-128x128.png,#D97B29,10,6,4,0,12,56,49,7
Regular Season 2021-2022,2021-2022,regular,2021-12-06,Cobras,https://ormrhl.com/wp-content/uploads/2021/11/Cobras_Logo-128x128.png,#2B8C5C,11,2,8,1,5,44,57,-13
Regular Season 2021-2022,2021-2022,regular,2021-12-06,Eagles,https://ormrhl.com/wp-content/uploads/2021/11/Eagles_logo-128x128.png,#A31E2E,11,8,3,0,16,56,44,12
Regular Season 2021-2022,2021-2022,regular,2021-12-06,Falcons,https://ormrhl.com/wp-content/uploads/2021/11/falcons_icon-128x128.png,#233A6B,10,2,7,1,5,34,50,-16
Regular Season 2021-2022,2021-2022,regular,2021-12-06,Marlins,https://ormrhl.com/wp-content/uploads/2021/11/marlins_logo-128x128.png,#1E8A8A,10,7,3,0,14,51,41,10
Regular Season 2021-2022,2021-2022,regular,2021-12-06,Rhinos,https://ormrhl.com/wp-content/uploads/2021/11/Rhinos_logo-128x128.png,#6B6F76,11,5,6,0,10,63,66,-3
Regular Season 2021-2022,2021-2022,regular,2021-12-06,Wildcats,https://ormrhl.com/wp-content/uploads/2021/11/wildcats_logo-128x128.png,#D97B29,11,7,4,0,14,66,56,10
Regular Season 2021-2022,2021-2022,regular,2021-12-09,Cobras,https://ormrhl.com/wp-content/uploads/2021/11/Cobras_Logo-128x128.png,#2B8C5C,12,2,9,1,5,47,62,-15
Regular Season 2021-2022,2021-2022,regular,2021-12-09,Eagles,https://ormrhl.com/wp-content/uploads/2021/11/Eagles_logo-128x128.png,#A31E2E,12,9,3,0,18,64,47,17
Regular Season 2021-2022,2021-2022,regular,2021-12-09,Falcons,https://ormrhl.com/wp-content/uploads/2021/11/falcons_icon-128x128.png,#233A6B,11,3,7,1,7,39,53,-14
Regular Season 2021-2022,2021-2022,regular,2021-12-09,Marlins,https://ormrhl.com/wp-content/uploads/2021/11/marlins_logo-128x128.png,#1E8A8A,11,7,4,0,14,54,49,5
Regular Season 2021-2022,2021-2022,regular,2021-12-09,Rhinos,https://ormrhl.com/wp-content/uploads/2021/11/Rhinos_logo-128x128.png,#6B6F76,12,5,7,0,10,69,77,-8
Regular Season 2021-2022,2021-2022,regular,2021-12-09,Wildcats,https://ormrhl.com/wp-content/uploads/2021/11/wildcats_logo-128x128.png,#D97B29,12,8,4,0,16,77,62,15
Regular Season 2021-2022,2021-2022,regular,2021-12-13,Cobras,https://ormrhl.com/wp-content/uploads/2021/11/Cobras_Logo-128x128.png,#2B8C5C,13,3,9,1,7,54,68,-14
Regular Season 2021-2022,2021-2022,regular,2021-12-13,Eagles,https://ormrhl.com/wp-content/uploads/2021/11/Eagles_logo-128x128.png,#A31E2E,13,10,3,0,20,72,49,23
Regular Season 2021-2022,2021-2022,regular,2021-12-13,Falcons,https://ormrhl.com/wp-content/uploads/2021/11/falcons_icon-128x128.png,#233A6B,12,4,7,1,9,45,58,-13
Regular Season 2021-2022,2021-2022,regular,2021-12-13,Marlins,https://ormrhl.com/wp-content/uploads/2021/11/marlins_logo-128x128.png,#1E8A8A,12,7,5,0,14,60,56,4
Regular Season 2021-2022,2021-2022,regular,2021-12-13,Rhinos,https://ormrhl.com/wp-content/uploads/2021/11/Rhinos_logo-128x128.png,#6B6F76,13,5,8,0,10,74,83,-9
Regular Season 2021-2022,2021-2022,regular,2021-12-13,Wildcats,https://ormrhl.com/wp-content/uploads/2021/11/wildcats_logo-128x128.png,#D97B29,13,8,5,0,16,79,70,9
Regular Season 2021-2022,2021-2022,regular,2022-01-31,Cobras,https://ormrhl.com/wp-content/uploads/2021/11/Cobras_Logo-128x128.png,#2B8C5C,14,3,9,2,8,60,74,-14
Regular Season 2021-2022,2021-2022,regular,2022-01-31,Eagles,https://ormrhl.com/wp-content/uploads/2021/11/Eagles_logo-128x128.png,#A31E2E,14,10,3,1,21,78,55,23
Regular Season 2021-2022,2021-2022,regular,2022-01-31,Falcons,https://ormrhl.com/wp-content/uploads/2021/11/falcons_icon-128x128.png,#233A6B,13,4,8,1,9,52,66,-14
Regular Season 2021-2022,2021-2022,regular,2022-01-31,Marlins,https://ormrhl.com/wp-content/uploads/2021/11/marlins_logo-128x128.png,#1E8A8A,13,8,5,0,16,69,62,7
Regular Season 2021-2022,2021-2022,regular,2022-01-31,Rhinos,https://ormrhl.com/wp-content/uploads/2021/11/Rhinos_logo-128x128.png,#6B6F76,14,5,9,0,10,80,92,-12
Regular Season 2021-2022,2021-2022,regular,2022-01-31,Wildcats,https://ormrhl.com/wp-content/uploads/2021/11/wildcats_logo-128x128.png,#D97B29,14,9,5,0,18,87,77,10
Regular Season 2021-2022,2021-2022,regular,2022-02-03,Cobras,https://ormrhl.com/wp-content/uploads/2021/11/Cobras_Logo-128x128.png,#2B8C5C,15,3,10,2,8,63,82,-19
Regular Season 2021-2022,2021-2022,regular,2022-02-03,Eagles,https://ormrhl.com/wp-content/uploads/2021/11/Eagles_logo-128x128.png,#A31E2E,15,11,3,1,23,90,56,34
Regular Season 2021-2022,2021-2022,regular,2022-02-03,Falcons,https://ormrhl.com/wp-content/uploads/2021/11/falcons_icon-128x128.png,#233A6B,14,5,8,1,11,59,69,-10
Regular Season 2021-2022,2021-2022,regular,2022-02-03,Marlins,https://ormrhl.com/wp-content/uploads/2021/11/marlins_logo-128x128.png,#1E8A8A,14,8,6,0,16,72,69,3
Regular Season 2021-2022,2021-2022,regular,2022-02-03,Rhinos,https://ormrhl.com/wp-content/uploads/2021/11/Rhinos_logo-128x128.png,#6B6F76,15,5,10,0,10,81,104,-23
Regular Season 2021-2022,2021-2022,regular,2022-02-03,Wildcats,https://ormrhl.com/wp-content/uploads/2021/11/wildcats_logo-128x128.png,#D97B29,15,10,5,0,20,95,80,15
Regular Season 2021-2022,2021-2022,regular,2022-02-07,Cobras,https://ormrhl.com/wp-content/uploads/2021/11/Cobras_Logo-128x128.png,#2B8C5C,16,4,10,2,10,66,83,-17
Regular Season 2021-2022,2021-2022,regular,2022-02-07,Eagles,https://ormrhl.com/wp-content/uploads/2021/11/Eagles_logo-128x128.png,#A31E2E,16,12,3,1,25,101,61,40
Regular Season 2021-2022,2021-2022,regular,2022-02-07,Falcons,https://ormrhl.com/wp-content/uploads/2021/11/falcons_icon-128x128.png,#233A6B,15,5,9,1,11,60,72,-12
Regular Season 2021-2022,2021-2022,regular,2022-02-07,Marlins,https://ormrhl.com/wp-content/uploads/2021/11/marlins_logo-128x128.png,#1E8A8A,15,8,7,0,16,77,80,-3
Regular Season 2021-2022,2021-2022,regular,2022-02-07,Rhinos,https://ormrhl.com/wp-content/uploads/2021/11/Rhinos_logo-128x128.png,#6B6F76,16,6,10,0,12,88,109,-21
Regular Season 2021-2022,2021-2022,regular,2022-02-07,Wildcats,https://ormrhl.com/wp-content/uploads/2021/11/wildcats_logo-128x128.png,#D97B29,16,10,6,0,20,100,87,13
Regular Season 2021-2022,2021-2022,regular,2022-02-10,Cobras,https://ormrhl.com/wp-content/uploads/2021/11/Cobras_Logo-128x128.png,#2B8C5C,17,4,11,2,10,68,89,-21
Regular Season 2021-2022,2021-2022,regular,2022-02-10,Eagles,https://ormrhl.com/wp-content/uploads/2021/11/Eagles_logo-128x128.png,#A31E2E,17,12,4,1,25,106,69,37
Regular Season 2021-2022,2021-2022,regular,2022-02-10,Falcons,https://ormrhl.com/wp-content/uploads/2021/11/falcons_icon-128x128.png,#233A6B,16,6,9,1,13,66,76,-10
Regular Season 2021-2022,2021-2022,regular,2022-02-10,Marlins,https://ormrhl.com/wp-content/uploads/2021/11/marlins_logo-128x128.png,#1E8A8A,16,9,7,0,18,83,82,1
Regular Season 2021-2022,2021-2022,regular,2022-02-10,Rhinos,https://ormrhl.com/wp-content/uploads/2021/11/Rhinos_logo-128x128.png,#6B6F76,17,6,11,0,12,92,115,-23
Regular Season 2021-2022,2021-2022,regular,2022-02-10,Wildcats,https://ormrhl.com/wp-content/uploads/2021/11/wildcats_logo-128x128.png,#D97B29,17,11,6,0,22,108,92,16
Regular Season 2021-2022,2021-2022,regular,2022-02-14,Cobras,https://ormrhl.com/wp-content/uploads/2021/11/Cobras_Logo-128x128.png,#2B8C5C,18,5,11,2,12,77,89,-12
Regular Season 2021-2022,2021-2022,regular,2022-02-14,Eagles,https://ormrhl.com/wp-content/uploads/2021/11/Eagles_logo-128x128.png,#A31E2E,18,13,4,1,27,113,71,42
Regular Season 2021-2022,2021-2022,regular,2022-02-14,Falcons,https://ormrhl.com/wp-content/uploads/2021/11/falcons_icon-128x128.png,#233A6B,17,6,10,1,13,68,83,-15
Regular Season 2021-2022,2021-2022,regular,2022-02-14,Marlins,https://ormrhl.com/wp-content/uploads/2021/11/marlins_logo-128x128.png,#1E8A8A,17,10,7,0,20,90,88,2
Regular Season 2021-2022,2021-2022,regular,2022-02-14,Rhinos,https://ormrhl.com/wp-content/uploads/2021/11/Rhinos_logo-128x128.png,#6B6F76,18,6,12,0,12,92,124,-32
Regular Season 2021-2022,2021-2022,regular,2022-02-14,Wildcats,https://ormrhl.com/wp-content/uploads/2021/11/wildcats_logo-128x128.png,#D97B29,18,11,7,0,22,114,99,15
Regular Season 2021-2022,2021-2022,regular,2022-02-17,Cobras,https://ormrhl.com/wp-content/uploads/2021/11/Cobras_Logo-128x128.png,#2B8C5C,19,5,12,2,12,81,98,-17
Regular Season 2021-2022,2021-2022,regular,2022-02-17,Eagles,https://ormrhl.com/wp-content/uploads/2021/11/Eagles_logo-128x128.png,#A31E2E,19,14,4,1,29,122,75,47
Regular Season 2021-2022,2021-2022,regular,2022-02-17,Falcons,https://ormrhl.com/wp-content/uploads/2021/11/falcons_icon-128x128.png,#233A6B,18,6,10,2,14,74,89,-15
Regular Season 2021-2022,2021-2022,regular,2022-02-17,Marlins,https://ormrhl.com/wp-content/uploads/2021/11/marlins_logo-128x128.png,#1E8A8A,18,11,7,0,22,98,94,4
Regular Season 2021-2022,2021-2022,regular,2022-02-17,Rhinos,https://ormrhl.com/wp-content/uploads/2021/11/Rhinos_logo-128x128.png,#6B6F76,19,6,13,0,12,98,132,-34
Regular Season 2021-2022,2021-2022,regular,2022-02-17,Wildcats,https://ormrhl.com/wp-content/uploads/2021/11/wildcats_logo-128x128.png,#D97B29,19,11,7,1,23,120,105,15
Regular Season 2021-2022,2021-2022,regular,2022-02-21,Cobras,https://ormrhl.com/wp-content/uploads/2021/11/Cobras_Logo-128x128.png,#2B8C5C,20,6,12,2,14,88,104,-16
Regular Season 2021-2022,2021-2022,regular,2022-02-21,Eagles,https://ormrhl.com/wp-content/uploads/2021/11/Eagles_logo-128x128.png,#A31E2E,20,14,5,1,29,124,80,44
Regular Season 2021-2022,2021-2022,regular,2022-02-21,Falcons,https://ormrhl.com/wp-content/uploads/2021/11/falcons_icon-128x128.png,#233A6B,19,7,10,2,16,78,92,-14
Regular Season 2021-2022,2021-2022,regular,2022-02-21,Marlins,https://ormrhl.com/wp-content/uploads/2021/11/marlins_logo-128x128.png,#1E8A8A,19,11,8,0,22,101,98,3
Regular Season 2021-2022,2021-2022,regular,2022-02-21,Rhinos,https://ormrhl.com/wp-content/uploads/2021/11/Rhinos_logo-128x128.png,#6B6F76,20,7,13,0,14,103,134,-31
Regular Season 2021-2022,2021-2022,regular,2022-02-21,Wildcats,https://ormrhl.com/wp-content/uploads/2021/11/wildcats_logo-128x128.png,#D97B29,20,11,8,1,23,126,112,14
Regular Season 2021-2022,2021-2022,regular,2022-02-24,Cobras,https://ormrhl.com/wp-content/uploads/2021/11/Cobras_Logo-128x128.png,#2B8C5C,21,6,13,2,14,89,109,-20
Regular Season 2021-2022,2021-2022,regular,2022-02-24,Eagles,https://ormrhl.com/wp-content/uploads/2021/11/Eagles_logo-128x128.png,#A31E2E,21,15,5,1,31,127,82,45
Regular Season 2021-2022,2021-2022,regular,2022-02-24,Falcons,https://ormrhl.com/wp-content/uploads/2021/11/falcons_icon-128x128.png,#233A6B,20,8,10,2,18,83,93,-10
Regular Season 2021-2022,2021-2022,regular,2022-02-24,Marlins,https://ormrhl.com/wp-content/uploads/2021/11/marlins_logo-128x128.png,#1E8A8A,20,11,9,0,22,103,101,2
Regular Season 2021-2022,2021-2022,regular,2022-02-24,Rhinos,https://ormrhl.com/wp-content/uploads/2021/11/Rhinos_logo-128x128.png,#6B6F76,21,8,13,0,16,108,136,-28
Regular Season 2021-2022,2021-2022,regular,2022-02-24,Wildcats,https://ormrhl.com/wp-content/uploads/2021/11/wildcats_logo-128x128.png,#D97B29,21,11,9,1,23,128,117,11
Regular Season 2021-2022,2021-2022,regular,2022-02-28,Cobras,https://ormrhl.com/wp-content/uploads/2021/11/Cobras_Logo-128x128.png,#2B8C5C,22,7,13,2,16,93,111,-18
Regular Season 2021-2022,2021-2022,regular,2022-02-28,Eagles,https://ormrhl.com/wp-content/uploads/2021/11/Eagles_logo-128x128.png,#A31E2E,22,16,5,1,33,134,86,48
Regular Season 2021-2022,2021-2022,regular,2022-02-28,Falcons,https://ormrhl.com/wp-content/uploads/2021/11/falcons_icon-128x128.png,#233A6B,21,9,10,2,20,90,97,-7
Regular Season 2021-2022,2021-2022,regular,2022-02-28,Marlins,https://ormrhl.com/wp-content/uploads/2021/11/marlins_logo-128x128.png,#1E8A8A,21,11,10,0,22,105,105,0
Regular Season 2021-2022,2021-2022,regular,2022-02-28,Rhinos,https://ormrhl.com/wp-content/uploads/2021/11/Rhinos_logo-128x128.png,#6B6F76,22,8,14,0,16,112,143,-31
Regular Season 2021-2022,2021-2022,regular,2022-02-28,Wildcats,https://ormrhl.com/wp-content/uploads/2021/11/wildcats_logo-128x128.png,#D97B29,22,11,10,1,23,132,124,8
Regular Season 2021-2022,2021-2022,regular,2022-03-03,Cobras,https://ormrhl.com/wp-content/uploads/2021/11/Cobras_Logo-128x128.png,#2B8C5C,23,8,13,2,18,97,114,-17
Regular Season 2021-2022,2021-2022,regular,2022-03-03,Eagles,https://ormrhl.com/wp-content/uploads/2021/11/Eagles_logo-128x128.png,#A31E2E,23,17,5,1,35,138,89,49
Regular Season 2021-2022,2021-2022,regular,2022-03-03,Falcons,https://ormrhl.com/wp-content/uploads/2021/11/falcons_icon-128x128.png,#233A6B,22,9,11,2,20,93,101,-8
Regular Season 2021-2022,2021-2022,regular,2022-03-03,Marlins,https://ormrhl.com/wp-content/uploads/2021/11/marlins_logo-128x128.png,#1E8A8A,22,12,10,0,24,111,107,4
Regular Season 2021-2022,2021-2022,regular,2022-03-03,Rhinos,https://ormrhl.com/wp-content/uploads/2021/11/Rhinos_logo-128x128.png,#6B6F76,23,8,15,0,16,115,147,-32
Regular Season 2021-2022,2021-2022,regular,2022-03-03,Wildcats,https://ormrhl.com/wp-content/uploads/2021/11/wildcats_logo-128x128.png,#D97B29,23,11,11,1,23,134,130,4
Regular Season 2021-2022,2021-2022,regular,2022-03-07,Cobras,https://ormrhl.com/wp-content/uploads/2021/11/Cobras_Logo-128x128.png,#2B8C5C,24,8,14,2,18,100,119,-19
Regular Season 2021-2022,2021-2022,regular,2022-03-07,Eagles,https://ormrhl.com/wp-content/uploads/2021/11/Eagles_logo-128x128.png,#A31E2E,24,18,5,1,37,143,92,51
Regular Season 2021-2022,2021-2022,regular,2022-03-07,Falcons,https://ormrhl.com/wp-content/uploads/2021/11/falcons_icon-128x128.png,#233A6B,23,9,12,2,20,95,108,-13
Regular Season 2021-2022,2021-2022,regular,2022-03-07,Marlins,https://ormrhl.com/wp-content/uploads/2021/11/marlins_logo-128x128.png,#1E8A8A,23,13,10,0,26,118,109,9
Regular Season 2021-2022,2021-2022,regular,2022-03-07,Rhinos,https://ormrhl.com/wp-content/uploads/2021/11/Rhinos_logo-128x128.png,#6B6F76,24,8,16,0,16,117,154,-37
Regular Season 2021-2022,2021-2022,regular,2022-03-07,Wildcats,https://ormrhl.com/wp-content/uploads/2021/11/wildcats_logo-128x128.png,#D97B29,24,12,11,1,25,141,132,9
Regular Season 2021-2022,2021-2022,regular,2022-03-10,Cobras,https://ormrhl.com/wp-content/uploads/2021/11/Cobras_Logo-128x128.png,#2B8C5C,25,8,15,2,18,106,126,-20
Regular Season 2021-2022,2021-2022,regular,2022-03-10,Eagles,https://ormrhl.com/wp-content/uploads/2021/11/Eagles_logo-128x128.png,#A31E2E,25,19,5,1,39,149,96,53
Regular Season 2021-2022,2021-2022,regular,2022-03-10,Falcons,https://ormrhl.com/wp-content/uploads/2021/11/falcons_icon-128x128.png,#233A6B,24,9,13,2,20,100,115,-15
Regular Season 2021-2022,2021-2022,regular,2022-03-10,Marlins,https://ormrhl.com/wp-content/uploads/2021/11/marlins_logo-128x128.png,#1E8A8A,24,14,10,0,28,125,114,11
Regular Season 2021-2022,2021-2022,regular,2022-03-10,Rhinos,https://ormrhl.com/wp-content/uploads/2021/11/Rhinos_logo-128x128.png,#6B6F76,25,8,17,0,16,121,160,-39
Regular Season 2021-2022,2021-2022,regular,2022-03-10,Wildcats,https://ormrhl.com/wp-content/uploads/2021/11/wildcats_logo-128x128.png,#D97B29,25,13,11,1,27,148,138,10
Regular Season 2021-2022,2021-2022,regular,2022-03-14,Cobras,https://ormrhl.com/wp-content/uploads/2021/11/Cobras_Logo-128x128.png,#2B8C5C,26,9,15,2,20,116,131,-15
Regular Season 2021-2022,2021-2022,regular,2022-03-14,Eagles,https://ormrhl.com/wp-content/uploads/2021/11/Eagles_logo-128x128.png,#A31E2E,26,19,6,1,39,152,104,48
Regular Season 2021-2022,2021-2022,regular,2022-03-14,Falcons,https://ormrhl.com/wp-content/uploads/2021/11/falcons_icon-128x128.png,#233A6B,25,9,14,2,20,105,125,-20
Regular Season 2021-2022,2021-2022,regular,2022-03-14,Marlins,https://ormrhl.com/wp-content/uploads/2021/11/marlins_logo-128x128.png,#1E8A8A,25,15,10,0,30,133,117,16
Regular Season 2021-2022,2021-2022,regular,2022-03-14,Rhinos,https://ormrhl.com/wp-content/uploads/2021/11/Rhinos_logo-128x128.png,#6B6F76,26,8,18,0,16,127,167,-40
Regular Season 2021-2022,2021-2022,regular,2022-03-14,Wildcats,https://ormrhl.com/wp-content/uploads/2021/11/wildcats_logo-128x128.png,#D97B29,26,14,11,1,29,155,144,11
Regular Season 2021-2022,2021-2022,regular,2022-03-17,Cobras,https://ormrhl.com/wp-content/uploads/2021/11/Cobras_Logo-128x128.png,#2B8C5C,27,9,16,2,20,119,141,-22
Regular Season 2021-2022,2021-2022,regular,2022-03-17,Eagles,https://ormrhl.com/wp-content/uploads/2021/11/Eagles_logo-128x128.png,#A31E2E,27,19,7,1,39,153,106,47
Regular Season 2021-2022,2021-2022,regular,2022-03-17,Falcons,https://ormrhl.com/wp-content/uploads/2021/11/falcons_icon-128x128.png,#233A6B,26,10,14,2,22,107,126,-19
Regular Season 2021-2022,2021-2022,regular,2022-03-17,Marlins,https://ormrhl.com/wp-content/uploads/2021/11/marlins_logo-128x128.png,#1E8A8A,26,16,10,0,32,141,122,19
Regular Season 2021-2022,2021-2022,regular,2022-03-17,Rhinos,https://ormrhl.com/wp-content/uploads/2021/11/Rhinos_logo-128x128.png,#6B6F76,27,9,18,0,18,137,170,-33
Regular Season 2021-2022,2021-2022,regular,2022-03-17,Wildcats,https://ormrhl.com/wp-content/uploads/2021/11/wildcats_logo-128x128.png,#D97B29,27,14,12,1,29,160,152,8
Playoffs 2022-2023,2022-2023,playoffs,2023-03-20,Cobras,https://ormrhl.com/wp-content/uploads/2021/11/Cobras_Logo-128x128.png,#2B8C5C,1,0,1,0,0,0,8,-8
Playoffs 2022-2023,2022-2023,playoffs,2023-03-20,Eagles,https://ormrhl.com/wp-content/uploads/2021/11/Eagles_logo-128x128.png,#A31E2E,1,1,0,0,2,8,0,8
Playoffs 2022-2023,2022-2023,playoffs,2023-03-20,Falcons,https://ormrhl.com/wp-content/uploads/2021/11/falcons_icon-128x128.png,#233A6B,1,0,1,0,0,2,3,-1
Playoffs 2022-2023,2022-2023,playoffs,2023-03-20,Grizzlies,https://ormrhl.com/wp-content/uploads/2022/09/grizzlies-128x128.png,#8B4A26,1,0,0,1,1,2,2,0
Playoffs 2022-2023,2022-2023,playoffs,2023-03-20,Komodo Dragons,https://ormrhl.com/wp-content/uploads/2022/09/komodo-128x128.png,#3B6E2A,1,1,0,0,2,3,2,1
Playoffs 2022-2023,2022-2023,playoffs,2023-03-20,Marlins,https://ormrhl.com/wp-content/uploads/2021/11/marlins_logo-128x128.png,#1E8A8A,1,1,0,0,2,5,4,1
Playoffs 2022-2023,2022-2023,playoffs,2023-03-20,Rhinos,https://ormrhl.com/wp-content/uploads/2021/11/Rhinos_logo-128x128.png,#6B6F76,1,0,1,0,0,4,5,-1
Playoffs 2022-2023,2022-2023,playoffs,2023-03-20,Wildcats,https://ormrhl.com/wp-content/uploads/2021/11/wildcats_logo-128x128.png,#D97B29,1,0,0,1,1,2,2,0
Playoffs 2022-2023,2022-2023,playoffs,2023-03-23,Cobras,https://ormrhl.com/wp-content/uploads/2021/11/Cobras_Logo-128x128.png,#2B8C5C,2,0,1,1,1,5,13,-8
Playoffs 2022-2023,2022-2023,playoffs,2023-03-23,Eagles,https://ormrhl.com/wp-content/uploads/2021/11/Eagles_logo-128x128.png,#A31E2E,2,2,0,0,4,14,5,9
Playoffs 2022-2023,2022-2023,playoffs,2023-03-23,Falcons,https://ormrhl.com/wp-content/uploads/2021/11/falcons_icon-128x128.png,#233A6B,2,0,2,0,0,4,6,-2
Playoffs 2022-2023,2022-2023,playoffs,2023-03-23,Grizzlies,https://ormrhl.com/wp-content/uploads/2022/09/grizzlies-128x128.png,#8B4A26,2,0,1,1,1,3,6,-3
Playoffs 2022-2023,2022-2023,playoffs,2023-03-23,Komodo Dragons,https://ormrhl.com/wp-content/uploads/2022/09/komodo-128x128.png,#3B6E2A,2,2,0,0,4,7,3,4
Playoffs 2022-2023,2022-2023,playoffs,2023-03-23,Marlins,https://ormrhl.com/wp-content/uploads/2021/11/marlins_logo-128x128.png,#1E8A8A,2,1,0,1,3,10,9,1
Playoffs 2022-2023,2022-2023,playoffs,2023-03-23,Rhinos,https://ormrhl.com/wp-content/uploads/2021/11/Rhinos_logo-128x128.png,#6B6F76,2,0,2,0,0,9,11,-2
Playoffs 2022-2023,2022-2023,playoffs,2023-03-23,Wildcats,https://ormrhl.com/wp-content/uploads/2021/11/wildcats_logo-128x128.png,#D97B29,2,1,0,1,3,5,4,1
Playoffs 2022-2023,2022-2023,playoffs,2023-03-27,Cobras,https://ormrhl.com/wp-content/uploads/2021/11/Cobras_Logo-128x128.png,#2B8C5C,3,0,2,1,1,9,20,-11
Playoffs 2022-2023,2022-2023,playoffs,2023-03-27,Eagles,https://ormrhl.com/wp-content/uploads/2021/11/Eagles_logo-128x128.png,#A31E2E,3,3,0,0,6,20,8,12
Playoffs 2022-2023,2022-2023,playoffs,2023-03-27,Falcons,https://ormrhl.com/wp-content/uploads/2021/11/falcons_icon-128x128.png,#233A6B,3,1,2,0,2,11,10,1
Playoffs 2022-2023,2022-2023,playoffs,2023-03-27,Grizzlies,https://ormrhl.com/wp-content/uploads/2022/09/grizzlies-128x128.png,#8B4A26,3,1,1,1,3,9,8,1
Playoffs 2022-2023,2022-2023,playoffs,2023-03-27,Komodo Dragons,https://ormrhl.com/wp-content/uploads/2022/09/komodo-128x128.png,#3B6E2A,3,2,1,0,4,9,6,3
Playoffs 2022-2023,2022-2023,playoffs,2023-03-27,Marlins,https://ormrhl.com/wp-content/uploads/2021/11/marlins_logo-128x128.png,#1E8A8A,3,1,1,1,3,13,15,-2
Playoffs 2022-2023,2022-2023,playoffs,2023-03-27,Rhinos,https://ormrhl.com/wp-content/uploads/2021/11/Rhinos_logo-128x128.png,#6B6F76,3,0,3,0,0,11,17,-6
Playoffs 2022-2023,2022-2023,playoffs,2023-03-27,Wildcats,https://ormrhl.com/wp-content/uploads/2021/11/wildcats_logo-128x128.png,#D97B29,3,2,0,1,5,8,6,2
Playoffs 2022-2023,2022-2023,playoffs,2023-03-30,Cobras,https://ormrhl.com/wp-content/uploads/2021/11/Cobras_Logo-128x128.png,#2B8C5C,4,1,2,1,3,13,21,-8
Playoffs 2022-2023,2022-2023,playoffs,2023-03-30,Eagles,https://ormrhl.com/wp-content/uploads/2021/11/Eagles_logo-128x128.png,#A31E2E,4,4,0,0,8,26,9,17
Playoffs 2022-2023,2022-2023,playoffs,2023-03-30,Falcons,https://ormrhl.com/wp-content/uploads/2021/11/falcons_icon-128x128.png,#233A6B,4,1,2,1,3,13,12,1
Playoffs 2022-2023,2022-2023,playoffs,2023-03-30,Grizzlies,https://ormrhl.com/wp-content/uploads/2022/09/grizzlies-128x128.png,#8B4A26,4,1,1,2,4,11,10,1
Playoffs 2022-2023,2022-2023,playoffs,2023-03-30,Komodo Dragons,https://ormrhl.com/wp-content/uploads/2022/09/komodo-128x128.png,#3B6E2A,4,2,2,0,4,10,12,-2
Playoffs 2022-2023,2022-2023,playoffs,2023-03-30,Marlins,https://ormrhl.com/wp-content/uploads/2021/11/marlins_logo-128x128.png,#1E8A8A,4,1,1,2,4,16,18,-2
Playoffs 2022-2023,2022-2023,playoffs,2023-03-30,Rhinos,https://ormrhl.com/wp-content/uploads/2021/11/Rhinos_logo-128x128.png,#6B6F76,4,0,4,0,0,12,21,-9
Playoffs 2022-2023,2022-2023,playoffs,2023-03-30,Wildcats,https://ormrhl.com/wp-content/uploads/2021/11/wildcats_logo-128x128.png,#D97B29,4,2,0,2,6,11,9,2
Playoffs 2022-2023,2022-2023,playoffs,2023-04-03,Cobras,https://ormrhl.com/wp-content/uploads/2021/11/Cobras_Logo-128x128.png,#2B8C5C,5,1,3,1,3,14,26,-12
Playoffs 2022-2023,2022-2023,playoffs,2023-04-03,Eagles,https://ormrhl.com/wp-content/uploads/2021/11/Eagles_logo-128x128.png,#A31E2E,5,4,1,0,8,29,14,15
Playoffs 2022-2023,2022-2023,playoffs,2023-04-03,Falcons,https://ormrhl.com/wp-content/uploads/2021/11/falcons_icon-128x128.png,#233A6B,5,2,2,1,5,18,15,3
Playoffs 2022-2023,2022-2023,playoffs,2023-04-03,Grizzlies,https://ormrhl.com/wp-content/uploads/2022/09/grizzlies-128x128.png,#8B4A26,5,1,1,3,5,16,15,1
Playoffs 2022-2023,2022-2023,playoffs,2023-04-03,Komodo Dragons,https://ormrhl.com/wp-content/uploads/2022/09/komodo-128x128.png,#3B6E2A,5,3,2,0,6,15,13,2
Playoffs 2022-2023,2022-2023,playoffs,2023-04-03,Marlins,https://ormrhl.com/wp-content/uploads/2021/11/marlins_logo-128x128.png,#1E8A8A,5,1,1,3,5,21,23,-2
Playoffs 2022-2023,2022-2023,playoffs,2023-04-03,Rhinos,https://ormrhl.com/wp-content/uploads/2021/11/Rhinos_logo-128x128.png,#6B6F76,5,0,5,0,0,17,32,-15
Playoffs 2022-2023,2022-2023,playoffs,2023-04-03,Wildcats,https://ormrhl.com/wp-content/uploads/2021/11/wildcats_logo-128x128.png,#D97B29,5,3,0,2,8,22,14,8
Playoffs 2022-2023,2022-2023,playoffs,2023-04-06,Cobras,https://ormrhl.com/wp-content/uploads/2021/11/Cobras_Logo-128x128.png,#2B8C5C,6,2,3,1,5,24,29,-5
Playoffs 2022-2023,2022-2023,playoffs,2023-04-06,Eagles,https://ormrhl.com/wp-content/uploads/2021/11/Eagles_logo-128x128.png,#A31E2E,6,5,1,0,10,33,17,16
Playoffs 2022-2023,2022-2023,playoffs,2023-04-06,Falcons,https://ormrhl.com/wp-content/uploads/2021/11/falcons_icon-128x128.png,#233A6B,6,2,3,1,5,21,19,2
Playoffs 2022-2023,2022-2023,playoffs,2023-04-06,Grizzlies,https://ormrhl.com/wp-content/uploads/2022/09/grizzlies-128x128.png,#8B4A26,6,1,2,3,5,19,25,-6
Playoffs 2022-2023,2022-2023,playoffs,2023-04-06,Komodo Dragons,https://ormrhl.com/wp-content/uploads/2022/09/komodo-128x128.png,#3B6E2A,6,4,2,0,8,21,15,6
Playoffs 2022-2023,2022-2023,playoffs,2023-04-06,Marlins,https://ormrhl.com/wp-content/uploads/2021/11/marlins_logo-128x128.png,#1E8A8A,6,1,2,3,5,23,29,-6
Playoffs 2022-2023,2022-2023,playoffs,2023-04-06,Rhinos,https://ormrhl.com/wp-content/uploads/2021/11/Rhinos_logo-128x128.png,#6B6F76,6,1,5,0,2,21,35,-14
Playoffs 2022-2023,2022-2023,playoffs,2023-04-06,Wildcats,https://ormrhl.com/wp-content/uploads/2021/11/wildcats_logo-128x128.png,#D97B29,6,3,1,2,8,25,18,7
Playoffs 2022-2023,2022-2023,playoffs,2023-04-10,Cobras,https://ormrhl.com/wp-content/uploads/2021/11/Cobras_Logo-128x128.png,#2B8C5C,7,2,4,1,5,27,39,-12
Playoffs 2022-2023,2022-2023,playoffs,2023-04-10,Eagles,https://ormrhl.com/wp-content/uploads/2021/11/Eagles_logo-128x128.png,#A31E2E,7,5,2,0,10,36,23,13
Playoffs 2022-2023,2022-2023,playoffs,2023-04-10,Falcons,https://ormrhl.com/wp-content/uploads/2021/11/falcons_icon-128x128.png,#233A6B,7,3,3,1,7,24,21,3
Playoffs 2022-2023,2022-2023,playoffs,2023-04-10,Grizzlies,https://ormrhl.com/wp-content/uploads/2022/09/grizzlies-128x128.png,#8B4A26,7,2,2,3,7,25,28,-3
Playoffs 2022-2023,2022-2023,playoffs,2023-04-10,Komodo Dragons,https://ormrhl.com/wp-content/uploads/2022/09/komodo-128x128.png,#3B6E2A,7,5,2,0,10,30,21,9
Playoffs 2022-2023,2022-2023,playoffs,2023-04-10,Marlins,https://ormrhl.com/wp-content/uploads/2021/11/marlins_logo-128x128.png,#1E8A8A,7,1,3,3,5,25,32,-7
Playoffs 2022-2023,2022-2023,playoffs,2023-04-10,Rhinos,https://ormrhl.com/wp-content/uploads/2021/11/Rhinos_logo-128x128.png,#6B6F76,7,1,6,0,2,27,44,-17
Playoffs 2022-2023,2022-2023,playoffs,2023-04-10,Wildcats,https://ormrhl.com/wp-content/uploads/2021/11/wildcats_logo-128x128.png,#D97B29,7,4,1,2,10,35,21,14
Playoffs 2022-2023,2022-2023,playoffs,2023-04-12,Cobras,https://ormrhl.com/wp-content/uploads/2021/11/Cobras_Logo-128x128.png,#2B8C5C,8,2,5,1,5,30,43,-13
Playoffs 2022-2023,2022-2023,playoffs,2023-04-12,Eagles,https://ormrhl.com/wp-content/uploads/2021/11/Eagles_logo-128x128.png,#A31E2E,8,5,2,1,11,39,26,13
Playoffs 2022-2023,2022-2023,playoffs,2023-04-12,Falcons,https://ormrhl.com/wp-content/uploads/2021/11/falcons_icon-128x128.png,#233A6B,8,4,3,1,9,30,22,8
Playoffs 2022-2023,2022-2023,playoffs,2023-04-12,Grizzlies,https://ormrhl.com/wp-content/uploads/2022/09/grizzlies-128x128.png,#8B4A26,8,2,3,3,7,27,31,-4
Playoffs 2022-2023,2022-2023,playoffs,2023-04-12,Komodo Dragons,https://ormrhl.com/wp-content/uploads/2022/09/komodo-128x128.png,#3B6E2A,8,5,2,1,11,33,24,9
Playoffs 2022-2023,2022-2023,playoffs,2023-04-12,Marlins,https://ormrhl.com/wp-content/uploads/2021/11/marlins_logo-128x128.png,#1E8A8A,8,2,3,3,7,29,35,-6
Playoffs 2022-2023,2022-2023,playoffs,2023-04-12,Rhinos,https://ormrhl.com/wp-content/uploads/2021/11/Rhinos_logo-128x128.png,#6B6F76,8,1,7,0,2,28,50,-22
Playoffs 2022-2023,2022-2023,playoffs,2023-04-12,Wildcats,https://ormrhl.com/wp-content/uploads/2021/11/wildcats_logo-128x128.png,#D97B29,8,5,1,2,12,38,23,15
Playoffs 2022-2023,2022-2023,playoffs,2023-04-17,Cobras,https://ormrhl.com/wp-content/uploads/2021/11/Cobras_Logo-128x128.png,#2B8C5C,9,2,5,2,6,36,49,-13
Playoffs 2022-2023,2022-2023,playoffs,2023-04-17,Eagles,https://ormrhl.com/wp-content/uploads/2021/11/Eagles_logo-128x128.png,#A31E2E,9,6,2,1,13,45,28,17
Playoffs 2022-2023,2022-2023,playoffs,2023-04-17,Falcons,https://ormrhl.com/wp-content/uploads/2021/11/falcons_icon-128x128.png,#233A6B,9,4,3,2,10,36,28,8
Playoffs 2022-2023,2022-2023,playoffs,2023-04-17,Grizzlies,https://ormrhl.com/wp-content/uploads/2022/09/grizzlies-128x128.png,#8B4A26,9,2,4,3,7,29,37,-8
Playoffs 2022-2023,2022-2023,playoffs,2023-04-17,Komodo Dragons,https://ormrhl.com/wp-content/uploads/2022/09/komodo-128x128.png,#3B6E2A,9,5,3,1,11,37,29,8
Playoffs 2022-2023,2022-2023,playoffs,2023-04-17,Marlins,https://ormrhl.com/wp-content/uploads/2021/11/marlins_logo-128x128.png,#1E8A8A,9,3,3,3,9,31,36,-5
Playoffs 2022-2023,2022-2023,playoffs,2023-04-17,Rhinos,https://ormrhl.com/wp-content/uploads/2021/11/Rhinos_logo-128x128.png,#6B6F76,9,1,8,0,2,29,52,-23
Playoffs 2022-2023,2022-2023,playoffs,2023-04-17,Wildcats,https://ormrhl.com/wp-content/uploads/2021/11/wildcats_logo-128x128.png,#D97B29,9,6,1,2,14,43,27,16
Playoffs 2022-2023,2022-2023,playoffs,2023-04-19,Cobras,https://ormrhl.com/wp-content/uploads/2021/11/Cobras_Logo-128x128.png,#2B8C5C,10,3,5,2,8,48,53,-5
Playoffs 2022-2023,2022-2023,playoffs,2023-04-19,Eagles,https://ormrhl.com/wp-content/uploads/2021/11/Eagles_logo-128x128.png,#A31E2E,10,6,3,1,13,48,34,14
Playoffs 2022-2023,2022-2023,playoffs,2023-04-19,Falcons,https://ormrhl.com/wp-content/uploads/2021/11/falcons_icon-128x128.png,#233A6B,9,4,3,2,10,36,28,8
Playoffs 2022-2023,2022-2023,playoffs,2023-04-19,Grizzlies,https://ormrhl.com/wp-content/uploads/2022/09/grizzlies-128x128.png,#8B4A26,10,2,5,3,7,32,42,-10
Playoffs 2022-2023,2022-2023,playoffs,2023-04-19,Komodo Dragons,https://ormrhl.com/wp-content/uploads/2022/09/komodo-128x128.png,#3B6E2A,10,6,3,1,13,42,32,10
Playoffs 2022-2023,2022-2023,playoffs,2023-04-19,Marlins,https://ormrhl.com/wp-content/uploads/2021/11/marlins_logo-128x128.png,#1E8A8A,9,3,3,3,9,31,36,-5
Playoffs 2022-2023,2022-2023,playoffs,2023-04-19,Rhinos,https://ormrhl.com/wp-content/uploads/2021/11/Rhinos_logo-128x128.png,#6B6F76,10,1,9,0,2,33,64,-31
Playoffs 2022-2023,2022-2023,playoffs,2023-04-19,Wildcats,https://ormrhl.com/wp-content/uploads/2021/11/wildcats_logo-128x128.png,#D97B29,10,7,1,2,16,49,30,19
Playoffs 2022-2023,2022-2023,playoffs,2023-04-22,Cobras,https://ormrhl.com/wp-content/uploads/2021/11/Cobras_Logo-128x128.png,#2B8C5C,11,4,5,2,10,56,58,-2
Playoffs 2022-2023,2022-2023,playoffs,2023-04-22,Eagles,https://ormrhl.com/wp-content/uploads/2021/11/Eagles_logo-128x128.png,#A31E2E,11,7,3,1,15,57,40,17
Playoffs 2022-2023,2022-2023,playoffs,2023-04-22,Falcons,https://ormrhl.com/wp-content/uploads/2021/11/falcons_icon-128x128.png,#233A6B,10,5,3,2,12,43,31,12
Playoffs 2022-2023,2022-2023,playoffs,2023-04-22,Grizzlies,https://ormrhl.com/wp-content/uploads/2022/09/grizzlies-128x128.png,#8B4A26,11,2,6,3,7,38,51,-13
Playoffs 2022-2023,2022-2023,playoffs,2023-04-22,Komodo Dragons,https://ormrhl.com/wp-content/uploads/2022/09/komodo-128x128.png,#3B6E2A,11,7,3,1,15,49,38,11
Playoffs 2022-2023,2022-2023,playoffs,2023-04-22,Marlins,https://ormrhl.com/wp-content/uploads/2021/11/marlins_logo-128x128.png,#1E8A8A,10,3,4,3,9,34,43,-9
Playoffs 2022-2023,2022-2023,playoffs,2023-04-22,Rhinos,https://ormrhl.com/wp-content/uploads/2021/11/Rhinos_logo-128x128.png,#6B6F76,11,1,10,0,2,38,72,-34
Playoffs 2022-2023,2022-2023,playoffs,2023-04-22,Wildcats,https://ormrhl.com/wp-content/uploads/2021/11/wildcats_logo-128x128.png,#D97B29,11,7,2,2,16,55,37,18
Regular Season 2022-2023,2022-2023,regular,2022-09-19,Cobras,https://ormrhl.com/wp-content/uploads/2021/11/Cobras_Logo-128x128.png,#2B8C5C,1,0,1,0,0,4,6,-2
Regular Season 2022-2023,2022-2023,regular,2022-09-19,Eagles,https://ormrhl.com/wp-content/uploads/2021/11/Eagles_logo-128x128.png,#A31E2E,1,0,1,0,0,2,3,-1
Regular Season 2022-2023,2022-2023,regular,2022-09-19,Falcons,https://ormrhl.com/wp-content/uploads/2021/11/falcons_icon-128x128.png,#233A6B,1,1,0,0,2,6,4,2
Regular Season 2022-2023,2022-2023,regular,2022-09-19,Grizzlies,https://ormrhl.com/wp-content/uploads/2022/09/grizzlies-128x128.png,#8B4A26,1,0,1,0,0,4,6,-2
Regular Season 2022-2023,2022-2023,regular,2022-09-19,Komodo Dragons,https://ormrhl.com/wp-content/uploads/2022/09/komodo-128x128.png,#3B6E2A,1,1,0,0,2,3,2,1
Regular Season 2022-2023,2022-2023,regular,2022-09-19,Marlins,https://ormrhl.com/wp-content/uploads/2021/11/marlins_logo-128x128.png,#1E8A8A,1,0,1,0,0,4,8,-4
Regular Season 2022-2023,2022-2023,regular,2022-09-19,Rhinos,https://ormrhl.com/wp-content/uploads/2021/11/Rhinos_logo-128x128.png,#6B6F76,1,1,0,0,2,6,4,2
Regular Season 2022-2023,2022-2023,regular,2022-09-19,Wildcats,https://ormrhl.com/wp-content/uploads/2021/11/wildcats_logo-128x128.png,#D97B29,1,1,0,0,2,8,4,4
Regular Season 2022-2023,2022-2023,regular,2022-09-22,Cobras,https://ormrhl.com/wp-content/uploads/2021/11/Cobras_Logo-128x128.png,#2B8C5C,2,1,1,0,2,11,12,-1
Regular Season 2022-2023,2022-2023,regular,2022-09-22,Eagles,https://ormrhl.com/wp-content/uploads/2021/11/Eagles_logo-128x128.png,#A31E2E,2,0,2,0,0,7,10,-3
Regular Season 2022-2023,2022-2023,regular,2022-09-22,Falcons,https://ormrhl.com/wp-content/uploads/2021/11/falcons_icon-128x128.png,#233A6B,2,2,0,0,4,13,9,4
Regular Season 2022-2023,2022-2023,regular,2022-09-22,Grizzlies,https://ormrhl.com/wp-content/uploads/2022/09/grizzlies-128x128.png,#8B4A26,2,0,2,0,0,5,13,-8
Regular Season 2022-2023,2022-2023,regular,2022-09-22,Komodo Dragons,https://ormrhl.com/wp-content/uploads/2022/09/komodo-128x128.png,#3B6E2A,2,1,1,0,2,9,9,0
Regular Season 2022-2023,2022-2023,regular,2022-09-22,Marlins,https://ormrhl.com/wp-content/uploads/2021/11/marlins_logo-128x128.png,#1E8A8A,2,1,1,0,2,11,9,2
Regular Season 2022-2023,2022-2023,regular,2022-09-22,Rhinos,https://ormrhl.com/wp-content/uploads/2021/11/Rhinos_logo-128x128.png,#6B6F76,2,1,1,0,2,10,10,0
Regular Season 2022-2023,2022-2023,regular,2022-09-22,Wildcats,https://ormrhl.com/wp-content/uploads/2021/11/wildcats_logo-128x128.png,#D97B29,2,2,0,0,4,14,8,6
Regular Season 2022-2023,2022-2023,regular,2022-09-26,Cobras,https://ormrhl.com/wp-content/uploads/2021/11/Cobras_Logo-128x128.png,#2B8C5C,3,1,2,0,2,14,17,-3
Regular Season 2022-2023,2022-2023,regular,2022-09-26,Eagles,https://ormrhl.com/wp-content/uploads/2021/11/Eagles_logo-128x128.png,#A31E2E,3,0,3,0,0,11,19,-8
Regular Season 2022-2023,2022-2023,regular,2022-09-26,Falcons,https://ormrhl.com/wp-content/uploads/2021/11/falcons_icon-128x128.png,#233A6B,3,3,0,0,6,18,13,5
Regular Season 2022-2023,2022-2023,regular,2022-09-26,Grizzlies,https://ormrhl.com/wp-content/uploads/2022/09/grizzlies-128x128.png,#8B4A26,3,1,2,0,2,10,16,-6
Regular Season 2022-2023,2022-2023,regular,2022-09-26,Komodo Dragons,https://ormrhl.com/wp-content/uploads/2022/09/komodo-128x128.png,#3B6E2A,3,2,1,0,4,15,10,5
Regular Season 2022-2023,2022-2023,regular,2022-09-26,Marlins,https://ormrhl.com/wp-content/uploads/2021/11/marlins_logo-128x128.png,#1E8A8A,3,1,2,0,2,12,15,-3
Regular Season 2022-2023,2022-2023,regular,2022-09-26,Rhinos,https://ormrhl.com/wp-content/uploads/2021/11/Rhinos_logo-128x128.png,#6B6F76,3,1,2,0,2,14,15,-1
Regular Season 2022-2023,2022-2023,regular,2022-09-26,Wildcats,https://ormrhl.com/wp-content/uploads/2021/11/wildcats_logo-128x128.png,#D97B29,3,3,0,0,6,23,12,11
Regular Season 2022-2023,2022-2023,regular,2022-09-29,Cobras,https://ormrhl.com/wp-content/uploads/2021/11/Cobras_Logo-128x128.png,#2B8C5C,4,2,2,0,4,18,20,-2
Regular Season 2022-2023,2022-2023,regular,2022-09-29,Eagles,https://ormrhl.com/wp-content/uploads/2021/11/Eagles_logo-128x128.png,#A31E2E,4,1,3,0,2,16,22,-6
Regular Season 2022-2023,2022-2023,regular,2022-09-29,Falcons,https://ormrhl.com/wp-content/uploads/2021/11/falcons_icon-128x128.png,#233A6B,4,4,0,0,8,24,16,8
Regular Season 2022-2023,2022-2023,regular,2022-09-29,Grizzlies,https://ormrhl.com/wp-content/uploads/2022/09/grizzlies-128x128.png,#8B4A26,4,1,3,0,2,13,21,-8
Regular Season 2022-2023,2022-2023,regular,2022-09-29,Komodo Dragons,https://ormrhl.com/wp-content/uploads/2022/09/komodo-128x128.png,#3B6E2A,4,3,1,0,6,22,15,7
Regular Season 2022-2023,2022-2023,regular,2022-09-29,Marlins,https://ormrhl.com/wp-content/uploads/2021/11/marlins_logo-128x128.png,#1E8A8A,4,1,3,0,2,15,21,-6
Regular Season 2022-2023,2022-2023,regular,2022-09-29,Rhinos,https://ormrhl.com/wp-content/uploads/2021/11/Rhinos_logo-128x128.png,#6B6F76,4,1,3,0,2,19,22,-3
Regular Season 2022-2023,2022-2023,regular,2022-09-29,Wildcats,https://ormrhl.com/wp-content/uploads/2021/11/wildcats_logo-128x128.png,#D97B29,4,3,1,0,6,26,16,10
Regular Season 2022-2023,2022-2023,regular,2022-10-03,Cobras,https://ormrhl.com/wp-content/uploads/2021/11/Cobras_Logo-128x128.png,#2B8C5C,5,2,3,0,4,24,27,-3
Regular Season 2022-2023,2022-2023,regular,2022-10-03,Eagles,https://ormrhl.com/wp-content/uploads/2021/11/Eagles_logo-128x128.png,#A31E2E,5,2,3,0,4,23,28,-5
Regular Season 2022-2023,2022-2023,regular,2022-10-03,Falcons,https://ormrhl.com/wp-content/uploads/2021/11/falcons_icon-128x128.png,#233A6B,5,4,0,1,9,29,21,8
Regular Season 2022-2023,2022-2023,regular,2022-10-03,Grizzlies,https://ormrhl.com/wp-content/uploads/2022/09/grizzlies-128x128.png,#8B4A26,5,1,4,0,2,15,29,-14
Regular Season 2022-2023,2022-2023,regular,2022-10-03,Komodo Dragons,https://ormrhl.com/wp-content/uploads/2022/09/komodo-128x128.png,#3B6E2A,5,3,1,1,7,27,20,7
Regular Season 2022-2023,2022-2023,regular,2022-10-03,Marlins,https://ormrhl.com/wp-content/uploads/2021/11/marlins_logo-128x128.png,#1E8A8A,5,2,3,0,4,21,24,-3
Regular Season 2022-2023,2022-2023,regular,2022-10-03,Rhinos,https://ormrhl.com/wp-content/uploads/2021/11/Rhinos_logo-128x128.png,#6B6F76,5,1,4,0,2,22,28,-6
Regular Season 2022-2023,2022-2023,regular,2022-10-03,Wildcats,https://ormrhl.com/wp-content/uploads/2021/11/wildcats_logo-128x128.png,#D97B29,5,4,1,0,8,34,18,16
Regular Season 2022-2023,2022-2023,regular,2022-10-06,Cobras,https://ormrhl.com/wp-content/uploads/2021/11/Cobras_Logo-128x128.png,#2B8C5C,6,2,4,0,4,26,35,-9
Regular Season 2022-2023,2022-2023,regular,2022-10-06,Eagles,https://ormrhl.com/wp-content/uploads/2021/11/Eagles_logo-128x128.png,#A31E2E,6,3,3,0,6,27,30,-3
Regular Season 2022-2023,2022-2023,regular,2022-10-06,Falcons,https://ormrhl.com/wp-content/uploads/2021/11/falcons_icon-128x128.png,#233A6B,6,4,1,1,9,36,32,4
Regular Season 2022-2023,2022-2023,regular,2022-10-06,Grizzlies,https://ormrhl.com/wp-content/uploads/2022/09/grizzlies-128x128.png,#8B4A26,6,1,5,0,2,21,37,-16
Regular Season 2022-2023,2022-2023,regular,2022-10-06,Komodo Dragons,https://ormrhl.com/wp-content/uploads/2022/09/komodo-128x128.png,#3B6E2A,6,4,1,1,9,35,26,9
Regular Season 2022-2023,2022-2023,regular,2022-10-06,Marlins,https://ormrhl.com/wp-content/uploads/2021/11/marlins_logo-128x128.png,#1E8A8A,6,3,3,0,6,29,26,3
Regular Season 2022-2023,2022-2023,regular,2022-10-06,Rhinos,https://ormrhl.com/wp-content/uploads/2021/11/Rhinos_logo-128x128.png,#6B6F76,6,1,5,0,2,24,32,-8
Regular Season 2022-2023,2022-2023,regular,2022-10-06,Wildcats,https://ormrhl.com/wp-content/uploads/2021/11/wildcats_logo-128x128.png,#D97B29,6,5,1,0,10,45,25,20
Regular Season 2022-2023,2022-2023,regular,2022-10-10,Cobras,https://ormrhl.com/wp-content/uploads/2021/11/Cobras_Logo-128x128.png,#2B8C5C,7,2,5,0,4,29,39,-10
Regular Season 2022-2023,2022-2023,regular,2022-10-10,Eagles,https://ormrhl.com/wp-content/uploads/2021/11/Eagles_logo-128x128.png,#A31E2E,7,3,4,0,6,33,37,-4
Regular Season 2022-2023,2022-2023,regular,2022-10-10,Falcons,https://ormrhl.com/wp-content/uploads/2021/11/falcons_icon-128x128.png,#233A6B,7,5,1,1,11,40,35,5
Regular Season 2022-2023,2022-2023,regular,2022-10-10,Grizzlies,https://ormrhl.com/wp-content/uploads/2022/09/grizzlies-128x128.png,#8B4A26,7,1,5,1,3,21,37,-16
Regular Season 2022-2023,2022-2023,regular,2022-10-10,Komodo Dragons,https://ormrhl.com/wp-content/uploads/2022/09/komodo-128x128.png,#3B6E2A,7,5,1,1,11,42,32,10
Regular Season 2022-2023,2022-2023,regular,2022-10-10,Marlins,https://ormrhl.com/wp-content/uploads/2021/11/marlins_logo-128x128.png,#1E8A8A,7,4,3,0,8,36,32,4
Regular Season 2022-2023,2022-2023,regular,2022-10-10,Rhinos,https://ormrhl.com/wp-content/uploads/2021/11/Rhinos_logo-128x128.png,#6B6F76,7,1,5,1,3,24,32,-8
Regular Season 2022-2023,2022-2023,regular,2022-10-10,Wildcats,https://ormrhl.com/wp-content/uploads/2021/11/wildcats_logo-128x128.png,#D97B29,7,5,2,0,10,51,32,19
Regular Season 2022-2023,2022-2023,regular,2022-10-13,Cobras,https://ormrhl.com/wp-content/uploads/2021/11/Cobras_Logo-128x128.png,#2B8C5C,8,3,5,0,6,38,43,-5
Regular Season 2022-2023,2022-2023,regular,2022-10-13,Eagles,https://ormrhl.com/wp-content/uploads/2021/11/Eagles_logo-128x128.png,#A31E2E,8,3,5,0,6,35,41,-6
Regular Season 2022-2023,2022-2023,regular,2022-10-13,Falcons,https://ormrhl.com/wp-content/uploads/2021/11/falcons_icon-128x128.png,#233A6B,8,6,1,1,13,45,36,9
Regular Season 2022-2023,2022-2023,regular,2022-10-13,Grizzlies,https://ormrhl.com/wp-content/uploads/2022/09/grizzlies-128x128.png,#8B4A26,8,1,6,1,3,22,42,-20
Regular Season 2022-2023,2022-2023,regular,2022-10-13,Komodo Dragons,https://ormrhl.com/wp-content/uploads/2022/09/komodo-128x128.png,#3B6E2A,8,6,1,1,13,46,34,12
Regular Season 2022-2023,2022-2023,regular,2022-10-13,Marlins,https://ormrhl.com/wp-content/uploads/2021/11/marlins_logo-128x128.png,#1E8A8A,8,4,4,0,8,36,40,-4
Regular Season 2022-2023,2022-2023,regular,2022-10-13,Rhinos,https://ormrhl.com/wp-content/uploads/2021/11/Rhinos_logo-128x128.png,#6B6F76,8,1,6,1,3,28,41,-13
Regular Season 2022-2023,2022-2023,regular,2022-10-13,Wildcats,https://ormrhl.com/wp-content/uploads/2021/11/wildcats_logo-128x128.png,#D97B29,8,6,2,0,12,59,32,27
Regular Season 2022-2023,2022-2023,regular,2022-10-17,Cobras,https://ormrhl.com/wp-content/uploads/2021/11/Cobras_Logo-128x128.png,#2B8C5C,9,3,6,0,6,44,54,-10
Regular Season 2022-2023,2022-2023,regular,2022-10-17,Eagles,https://ormrhl.com/wp-content/uploads/2021/11/Eagles_logo-128x128.png,#A31E2E,9,4,5,0,8,39,43,-4
Regular Season 2022-2023,2022-2023,regular,2022-10-17,Falcons,https://ormrhl.com/wp-content/uploads/2021/11/falcons_icon-128x128.png,#233A6B,9,6,2,1,13,47,40,7
Regular Season 2022-2023,2022-2023,regular,2022-10-17,Grizzlies,https://ormrhl.com/wp-content/uploads/2022/09/grizzlies-128x128.png,#8B4A26,9,2,6,1,5,27,45,-18
Regular Season 2022-2023,2022-2023,regular,2022-10-17,Komodo Dragons,https://ormrhl.com/wp-content/uploads/2022/09/komodo-128x128.png,#3B6E2A,9,7,1,1,15,57,40,17
Regular Season 2022-2023,2022-2023,regular,2022-10-17,Marlins,https://ormrhl.com/wp-content/uploads/2021/11/marlins_logo-128x128.png,#1E8A8A,9,4,5,0,8,39,45,-6
Regular Season 2022-2023,2022-2023,regular,2022-10-17,Rhinos,https://ormrhl.com/wp-content/uploads/2021/11/Rhinos_logo-128x128.png,#6B6F76,9,1,7,1,3,33,49,-16
Regular Season 2022-2023,2022-2023,regular,2022-10-17,Wildcats,https://ormrhl.com/wp-content/uploads/2021/11/wildcats_logo-128x128.png,#D97B29,9,7,2,0,14,67,37,30
Regular Season 2022-2023,2022-2023,regular,2022-10-20,Cobras,https://ormrhl.com/wp-content/uploads/2021/11/Cobras_Logo-128x128.png,#2B8C5C,10,4,6,0,8,46,55,-9
Regular Season 2022-2023,2022-2023,regular,2022-10-20,Eagles,https://ormrhl.com/wp-content/uploads/2021/11/Eagles_logo-128x128.png,#A31E2E,10,4,6,0,8,44,52,-8
Regular Season 2022-2023,2022-2023,regular,2022-10-20,Falcons,https://ormrhl.com/wp-content/uploads/2021/11/falcons_icon-128x128.png,#233A6B,10,7,2,1,15,51,43,8
Regular Season 2022-2023,2022-2023,regular,2022-10-20,Grizzlies,https://ormrhl.com/wp-content/uploads/2022/09/grizzlies-128x128.png,#8B4A26,10,2,7,1,5,28,47,-19
Regular Season 2022-2023,2022-2023,regular,2022-10-20,Komodo Dragons,https://ormrhl.com/wp-content/uploads/2022/09/komodo-128x128.png,#3B6E2A,10,8,1,1,17,61,43,18
Regular Season 2022-2023,2022-2023,regular,2022-10-20,Marlins,https://ormrhl.com/wp-content/uploads/2021/11/marlins_logo-128x128.png,#1E8A8A,10,4,6,0,8,42,49,-7
Regular Season 2022-2023,2022-2023,regular,2022-10-20,Rhinos,https://ormrhl.com/wp-content/uploads/2021/11/Rhinos_logo-128x128.png,#6B6F76,10,1,8,1,3,36,53,-17
Regular Season 2022-2023,2022-2023,regular,2022-10-20,Wildcats,https://ormrhl.com/wp-content/uploads/2021/11/wildcats_logo-128x128.png,#D97B29,10,8,2,0,16,76,42,34
Regular Season 2022-2023,2022-2023,regular,2022-10-24,Cobras,https://ormrhl.com/wp-content/uploads/2021/11/Cobras_Logo-128x128.png,#2B8C5C,11,4,7,0,8,53,63,-10
Regular Season 2022-2023,2022-2023,regular,2022-10-24,Eagles,https://ormrhl.com/wp-content/uploads/2021/11/Eagles_logo-128x128.png,#A31E2E,11,4,7,0,8,46,55,-9
Regular Season 2022-2023,2022-2023,regular,2022-10-24,Falcons,https://ormrhl.com/wp-content/uploads/2021/11/falcons_icon-128x128.png,#233A6B,11,8,2,1,17,58,46,12
Regular Season 2022-2023,2022-2023,regular,2022-10-24,Grizzlies,https://ormrhl.com/wp-content/uploads/2022/09/grizzlies-128x128.png,#8B4A26,11,3,7,1,7,31,49,-18
Regular Season 2022-2023,2022-2023,regular,2022-10-24,Komodo Dragons,https://ormrhl.com/wp-content/uploads/2022/09/komodo-128x128.png,#3B6E2A,11,9,1,1,19,69,48,21
Regular Season 2022-2023,2022-2023,regular,2022-10-24,Marlins,https://ormrhl.com/wp-content/uploads/2021/11/marlins_logo-128x128.png,#1E8A8A,11,4,7,0,8,45,56,-11
Regular Season 2022-2023,2022-2023,regular,2022-10-24,Rhinos,https://ormrhl.com/wp-content/uploads/2021/11/Rhinos_logo-128x128.png,#6B6F76,11,1,9,1,3,41,61,-20
Regular Season 2022-2023,2022-2023,regular,2022-10-24,Wildcats,https://ormrhl.com/wp-content/uploads/2021/11/wildcats_logo-128x128.png,#D97B29,11,9,2,0,18,84,49,35
Regular Season 2022-2023,2022-2023,regular,2022-10-27,Cobras,https://ormrhl.com/wp-content/uploads/2021/11/Cobras_Logo-128x128.png,#2B8C5C,12,5,7,0,10,60,68,-8
Regular Season 2022-2023,2022-2023,regular,2022-10-27,Eagles,https://ormrhl.com/wp-content/uploads/2021/11/Eagles_logo-128x128.png,#A31E2E,12,4,8,0,8,51,62,-11
Regular Season 2022-2023,2022-2023,regular,2022-10-27,Falcons,https://ormrhl.com/wp-content/uploads/2021/11/falcons_icon-128x128.png,#233A6B,12,8,3,1,17,60,52,8
Regular Season 2022-2023,2022-2023,regular,2022-10-27,Grizzlies,https://ormrhl.com/wp-content/uploads/2022/09/grizzlies-128x128.png,#8B4A26,12,3,8,1,7,33,54,-21
Regular Season 2022-2023,2022-2023,regular,2022-10-27,Komodo Dragons,https://ormrhl.com/wp-content/uploads/2022/09/komodo-128x128.png,#3B6E2A,12,10,1,1,21,75,50,25
Regular Season 2022-2023,2022-2023,regular,2022-10-27,Marlins,https://ormrhl.com/wp-content/uploads/2021/11/marlins_logo-128x128.png,#1E8A8A,12,4,8,0,8,46,59,-13
Regular Season 2022-2023,2022-2023,regular,2022-10-27,Rhinos,https://ormrhl.com/wp-content/uploads/2021/11/Rhinos_logo-128x128.png,#6B6F76,12,2,9,1,5,44,62,-18
Regular Season 2022-2023,2022-2023,regular,2022-10-27,Wildcats,https://ormrhl.com/wp-content/uploads/2021/11/wildcats_logo-128x128.png,#D97B29,12,10,2,0,20,89,51,38
Regular Season 2022-2023,2022-2023,regular,2022-10-31,Cobras,https://ormrhl.com/wp-content/uploads/2021/11/Cobras_Logo-128x128.png,#2B8C5C,13,5,8,0,10,65,74,-9
Regular Season 2022-2023,2022-2023,regular,2022-10-31,Eagles,https://ormrhl.com/wp-content/uploads/2021/11/Eagles_logo-128x128.png,#A31E2E,13,4,9,0,8,53,69,-16
Regular Season 2022-2023,2022-2023,regular,2022-10-31,Falcons,https://ormrhl.com/wp-content/uploads/2021/11/falcons_icon-128x128.png,#233A6B,13,8,4,1,17,64,60,4
Regular Season 2022-2023,2022-2023,regular,2022-10-31,Grizzlies,https://ormrhl.com/wp-content/uploads/2022/09/grizzlies-128x128.png,#8B4A26,13,3,9,1,7,34,58,-24
Regular Season 2022-2023,2022-2023,regular,2022-10-31,Komodo Dragons,https://ormrhl.com/wp-content/uploads/2022/09/komodo-128x128.png,#3B6E2A,13,11,1,1,23,79,51,28
Regular Season 2022-2023,2022-2023,regular,2022-10-31,Marlins,https://ormrhl.com/wp-content/uploads/2021/11/marlins_logo-128x128.png,#1E8A8A,13,5,8,0,10,52,64,-12
Regular Season 2022-2023,2022-2023,regular,2022-10-31,Rhinos,https://ormrhl.com/wp-content/uploads/2021/11/Rhinos_logo-128x128.png,#6B6F76,13,3,9,1,7,51,64,-13
Regular Season 2022-2023,2022-2023,regular,2022-10-31,Wildcats,https://ormrhl.com/wp-content/uploads/2021/11/wildcats_logo-128x128.png,#D97B29,13,11,2,0,22,97,55,42
Regular Season 2022-2023,2022-2023,regular,2022-11-03,Cobras,https://ormrhl.com/wp-content/uploads/2021/11/Cobras_Logo-128x128.png,#2B8C5C,14,6,8,0,12,69,75,-6
Regular Season 2022-2023,2022-2023,regular,2022-11-03,Eagles,https://ormrhl.com/wp-content/uploads/2021/11/Eagles_logo-128x128.png,#A31E2E,14,4,10,0,8,56,73,-17
Regular Season 2022-2023,2022-2023,regular,2022-11-03,Falcons,https://ormrhl.com/wp-content/uploads/2021/11/falcons_icon-128x128.png,#233A6B,14,8,5,1,17,65,64,1
Regular Season 2022-2023,2022-2023,regular,2022-11-03,Grizzlies,https://ormrhl.com/wp-content/uploads/2022/09/grizzlies-128x128.png,#8B4A26,14,4,9,1,9,39,61,-22
Regular Season 2022-2023,2022-2023,regular,2022-11-03,Komodo Dragons,https://ormrhl.com/wp-content/uploads/2022/09/komodo-128x128.png,#3B6E2A,14,12,1,1,25,85,53,32
Regular Season 2022-2023,2022-2023,regular,2022-11-03,Marlins,https://ormrhl.com/wp-content/uploads/2021/11/marlins_logo-128x128.png,#1E8A8A,14,6,8,0,12,56,67,-11
Regular Season 2022-2023,2022-2023,regular,2022-11-03,Rhinos,https://ormrhl.com/wp-content/uploads/2021/11/Rhinos_logo-128x128.png,#6B6F76,14,3,10,1,7,54,69,-15
Regular Season 2022-2023,2022-2023,regular,2022-11-03,Wildcats,https://ormrhl.com/wp-content/uploads/2021/11/wildcats_logo-128x128.png,#D97B29,14,11,3,0,22,99,61,38
Regular Season 2022-2023,2022-2023,regular,2022-11-07,Cobras,https://ormrhl.com/wp-content/uploads/2021/11/Cobras_Logo-128x128.png,#2B8C5C,15,6,9,0,12,74,81,-7
Regular Season 2022-2023,2022-2023,regular,2022-11-07,Eagles,https://ormrhl.com/wp-content/uploads/2021/11/Eagles_logo-128x128.png,#A31E2E,15,5,10,0,10,63,76,-13
Regular Season 2022-2023,2022-2023,regular,2022-11-07,Falcons,https://ormrhl.com/wp-content/uploads/2021/11/falcons_icon-128x128.png,#233A6B,15,9,5,1,19,71,68,3
Regular Season 2022-2023,2022-2023,regular,2022-11-07,Grizzlies,https://ormrhl.com/wp-content/uploads/2022/09/grizzlies-128x128.png,#8B4A26,15,4,10,1,9,43,67,-24
Regular Season 2022-2023,2022-2023,regular,2022-11-07,Komodo Dragons,https://ormrhl.com/wp-content/uploads/2022/09/komodo-128x128.png,#3B6E2A,15,12,2,1,25,88,60,28
Regular Season 2022-2023,2022-2023,regular,2022-11-07,Marlins,https://ormrhl.com/wp-content/uploads/2021/11/marlins_logo-128x128.png,#1E8A8A,15,6,9,0,12,58,76,-18
Regular Season 2022-2023,2022-2023,regular,2022-11-07,Rhinos,https://ormrhl.com/wp-content/uploads/2021/11/Rhinos_logo-128x128.png,#6B6F76,15,4,10,1,9,60,74,-14
Regular Season 2022-2023,2022-2023,regular,2022-11-07,Wildcats,https://ormrhl.com/wp-content/uploads/2021/11/wildcats_logo-128x128.png,#D97B29,15,12,3,0,24,108,63,45
Regular Season 2022-2023,2022-2023,regular,2022-11-10,Cobras,https://ormrhl.com/wp-content/uploads/2021/11/Cobras_Logo-128x128.png,#2B8C5C,16,6,10,0,12,76,85,-9
Regular Season 2022-2023,2022-2023,regular,2022-11-10,Eagles,https://ormrhl.com/wp-content/uploads/2021/11/Eagles_logo-128x128.png,#A31E2E,16,6,10,0,12,69,77,-8
Regular Season 2022-2023,2022-2023,regular,2022-11-10,Falcons,https://ormrhl.com/wp-content/uploads/2021/11/falcons_icon-128x128.png,#233A6B,16,9,6,1,19,72,74,-2
Regular Season 2022-2023,2022-2023,regular,2022-11-10,Grizzlies,https://ormrhl.com/wp-content/uploads/2022/09/grizzlies-128x128.png,#8B4A26,16,4,11,1,9,43,68,-25
Regular Season 2022-2023,2022-2023,regular,2022-11-10,Komodo Dragons,https://ormrhl.com/wp-content/uploads/2022/09/komodo-128x128.png,#3B6E2A,16,13,2,1,27,92,62,30
Regular Season 2022-2023,2022-2023,regular,2022-11-10,Marlins,https://ormrhl.com/wp-content/uploads/2021/11/marlins_logo-128x128.png,#1E8A8A,16,7,9,0,14,59,76,-17
Regular Season 2022-2023,2022-2023,regular,2022-11-10,Rhinos,https://ormrhl.com/wp-content/uploads/2021/11/Rhinos_logo-128x128.png,#6B6F76,16,5,10,1,11,65,75,-10
Regular Season 2022-2023,2022-2023,regular,2022-11-10,Wildcats,https://ormrhl.com/wp-content/uploads/2021/11/wildcats_logo-128x128.png,#D97B29,16,12,4,0,24,109,68,41
Regular Season 2022-2023,2022-2023,regular,2022-11-14,Cobras,https://ormrhl.com/wp-content/uploads/2021/11/Cobras_Logo-128x128.png,#2B8C5C,17,6,11,0,12,80,93,-13
Regular Season 2022-2023,2022-2023,regular,2022-11-14,Eagles,https://ormrhl.com/wp-content/uploads/2021/11/Eagles_logo-128x128.png,#A31E2E,17,7,10,0,14,77,82,-5
Regular Season 2022-2023,2022-2023,regular,2022-11-14,Falcons,https://ormrhl.com/wp-content/uploads/2021/11/falcons_icon-128x128.png,#233A6B,17,10,6,1,21,77,76,1
Regular Season 2022-2023,2022-2023,regular,2022-11-14,Grizzlies,https://ormrhl.com/wp-content/uploads/2022/09/grizzlies-128x128.png,#8B4A26,17,5,11,1,11,51,72,-21
Regular Season 2022-2023,2022-2023,regular,2022-11-14,Komodo Dragons,https://ormrhl.com/wp-content/uploads/2022/09/komodo-128x128.png,#3B6E2A,17,13,3,1,27,95,67,28
Regular Season 2022-2023,2022-2023,regular,2022-11-14,Marlins,https://ormrhl.com/wp-content/uploads/2021/11/marlins_logo-128x128.png,#1E8A8A,17,8,9,0,16,64,79,-15
Regular Season 2022-2023,2022-2023,regular,2022-11-14,Rhinos,https://ormrhl.com/wp-content/uploads/2021/11/Rhinos_logo-128x128.png,#6B6F76,17,5,11,1,11,67,80,-13
Regular Season 2022-2023,2022-2023,regular,2022-11-14,Wildcats,https://ormrhl.com/wp-content/uploads/2021/11/wildcats_logo-128x128.png,#D97B29,17,12,5,0,24,114,76,38
Regular Season 2022-2023,2022-2023,regular,2022-11-17,Cobras,https://ormrhl.com/wp-content/uploads/2021/11/Cobras_Logo-128x128.png,#2B8C5C,18,6,12,0,12,83,98,-15
Regular Season 2022-2023,2022-2023,regular,2022-11-17,Eagles,https://ormrhl.com/wp-content/uploads/2021/11/Eagles_logo-128x128.png,#A31E2E,18,8,10,0,16,84,86,-2
Regular Season 2022-2023,2022-2023,regular,2022-11-17,Falcons,https://ormrhl.com/wp-content/uploads/2021/11/falcons_icon-128x128.png,#233A6B,18,10,7,1,21,81,85,-4
Regular Season 2022-2023,2022-2023,regular,2022-11-17,Grizzlies,https://ormrhl.com/wp-content/uploads/2022/09/grizzlies-128x128.png,#8B4A26,18,5,12,1,11,55,79,-24
Regular Season 2022-2023,2022-2023,regular,2022-11-17,Komodo Dragons,https://ormrhl.com/wp-content/uploads/2022/09/komodo-128x128.png,#3B6E2A,18,13,4,1,27,97,70,27
Regular Season 2022-2023,2022-2023,regular,2022-11-17,Marlins,https://ormrhl.com/wp-content/uploads/2021/11/marlins_logo-128x128.png,#1E8A8A,18,9,9,0,18,73,83,-10
Regular Season 2022-2023,2022-2023,regular,2022-11-17,Rhinos,https://ormrhl.com/wp-content/uploads/2021/11/Rhinos_logo-128x128.png,#6B6F76,18,6,11,1,13,70,82,-12
Regular Season 2022-2023,2022-2023,regular,2022-11-17,Wildcats,https://ormrhl.com/wp-content/uploads/2021/11/wildcats_logo-128x128.png,#D97B29,18,13,5,0,26,119,79,40
Regular Season 2022-2023,2022-2023,regular,2022-11-21,Cobras,https://ormrhl.com/wp-content/uploads/2021/11/Cobras_Logo-128x128.png,#2B8C5C,19,6,13,0,12,90,107,-17
Regular Season 2022-2023,2022-2023,regular,2022-11-21,Eagles,https://ormrhl.com/wp-content/uploads/2021/11/Eagles_logo-128x128.png,#A31E2E,19,9,10,0,18,93,93,0
Regular Season 2022-2023,2022-2023,regular,2022-11-21,Falcons,https://ormrhl.com/wp-content/uploads/2021/11/falcons_icon-128x128.png,#233A6B,19,10,8,1,21,83,91,-8
Regular Season 2022-2023,2022-2023,regular,2022-11-21,Grizzlies,https://ormrhl.com/wp-content/uploads/2022/09/grizzlies-128x128.png,#8B4A26,19,5,13,1,11,56,81,-25
Regular Season 2022-2023,2022-2023,regular,2022-11-21,Komodo Dragons,https://ormrhl.com/wp-content/uploads/2022/09/komodo-128x128.png,#3B6E2A,19,14,4,1,29,103,72,31
Regular Season 2022-2023,2022-2023,regular,2022-11-21,Marlins,https://ormrhl.com/wp-content/uploads/2021/11/marlins_logo-128x128.png,#1E8A8A,19,10,9,0,20,77,85,-8
Regular Season 2022-2023,2022-2023,regular,2022-11-21,Rhinos,https://ormrhl.com/wp-content/uploads/2021/11/Rhinos_logo-128x128.png,#6B6F76,19,6,12,1,13,72,86,-14
Regular Season 2022-2023,2022-2023,regular,2022-11-21,Wildcats,https://ormrhl.com/wp-content/uploads/2021/11/wildcats_logo-128x128.png,#D97B29,19,14,5,0,28,121,80,41
Regular Season 2022-2023,2022-2023,regular,2022-11-24,Cobras,https://ormrhl.com/wp-content/uploads/2021/11/Cobras_Logo-128x128.png,#2B8C5C,20,6,14,0,12,95,113,-18
Regular Season 2022-2023,2022-2023,regular,2022-11-24,Eagles,https://ormrhl.com/wp-content/uploads/2021/11/Eagles_logo-128x128.png,#A31E2E,20,10,10,0,20,101,95,6
Regular Season 2022-2023,2022-2023,regular,2022-11-24,Falcons,https://ormrhl.com/wp-content/uploads/2021/11/falcons_icon-128x128.png,#233A6B,20,11,8,1,23,90,95,-5
Regular Season 2022-2023,2022-2023,regular,2022-11-24,Grizzlies,https://ormrhl.com/wp-content/uploads/2022/09/grizzlies-128x128.png,#8B4A26,20,5,14,1,11,60,86,-26
Regular Season 2022-2023,2022-2023,regular,2022-11-24,Komodo Dragons,https://ormrhl.com/wp-content/uploads/2022/09/komodo-128x128.png,#3B6E2A,20,15,4,1,31,108,76,32
Regular Season 2022-2023,2022-2023,regular,2022-11-24,Marlins,https://ormrhl.com/wp-content/uploads/2021/11/marlins_logo-128x128.png,#1E8A8A,20,11,9,0,22,83,90,-7
Regular Season 2022-2023,2022-2023,regular,2022-11-24,Rhinos,https://ormrhl.com/wp-content/uploads/2021/11/Rhinos_logo-128x128.png,#6B6F76,20,6,13,1,13,74,94,-20
Regular Season 2022-2023,2022-2023,regular,2022-11-24,Wildcats,https://ormrhl.com/wp-content/uploads/2021/11/wildcats_logo-128x128.png,#D97B29,20,14,6,0,28,125,87,38
Regular Season 2022-2023,2022-2023,regular,2022-11-28,Cobras,https://ormrhl.com/wp-content/uploads/2021/11/Cobras_Logo-128x128.png,#2B8C5C,21,7,14,0,14,101,117,-16
Regular Season 2022-2023,2022-2023,regular,2022-11-28,Eagles,https://ormrhl.com/wp-content/uploads/2021/11/Eagles_logo-128x128.png,#A31E2E,21,10,11,0,20,102,99,3
Regular Season 2022-2023,2022-2023,regular,2022-11-28,Falcons,https://ormrhl.com/wp-content/uploads/2021/11/falcons_icon-128x128.png,#233A6B,21,11,9,1,23,94,101,-7
Regular Season 2022-2023,2022-2023,regular,2022-11-28,Grizzlies,https://ormrhl.com/wp-content/uploads/2022/09/grizzlies-128x128.png,#8B4A26,21,6,14,1,13,67,88,-21
Regular Season 2022-2023,2022-2023,regular,2022-11-28,Komodo Dragons,https://ormrhl.com/wp-content/uploads/2022/09/komodo-128x128.png,#3B6E2A,21,16,4,1,33,114,79,35
Regular Season 2022-2023,2022-2023,regular,2022-11-28,Marlins,https://ormrhl.com/wp-content/uploads/2021/11/marlins_logo-128x128.png,#1E8A8A,21,12,9,0,24,87,91,-4
Regular Season 2022-2023,2022-2023,regular,2022-11-28,Rhinos,https://ormrhl.com/wp-content/uploads/2021/11/Rhinos_logo-128x128.png,#6B6F76,21,6,14,1,13,76,101,-25
Regular Season 2022-2023,2022-2023,regular,2022-11-28,Wildcats,https://ormrhl.com/wp-content/uploads/2021/11/wildcats_logo-128x128.png,#D97B29,21,14,7,0,28,128,93,35
Regular Season 2022-2023,2022-2023,regular,2022-12-01,Cobras,https://ormrhl.com/wp-content/uploads/2021/11/Cobras_Logo-128x128.png,#2B8C5C,22,8,14,0,16,108,119,-11
Regular Season 2022-2023,2022-2023,regular,2022-12-01,Eagles,https://ormrhl.com/wp-content/uploads/2021/11/Eagles_logo-128x128.png,#A31E2E,22,10,12,0,20,105,106,-1
Regular Season 2022-2023,2022-2023,regular,2022-12-01,Falcons,https://ormrhl.com/wp-content/uploads/2021/11/falcons_icon-128x128.png,#233A6B,22,11,10,1,23,99,107,-8
Regular Season 2022-2023,2022-2023,regular,2022-12-01,Grizzlies,https://ormrhl.com/wp-content/uploads/2022/09/grizzlies-128x128.png,#8B4A26,22,7,14,1,15,73,93,-20
Regular Season 2022-2023,2022-2023,regular,2022-12-01,Komodo Dragons,https://ormrhl.com/wp-content/uploads/2022/09/komodo-128x128.png,#3B6E2A,22,17,4,1,35,121,82,39
Regular Season 2022-2023,2022-2023,regular,2022-12-01,Marlins,https://ormrhl.com/wp-content/uploads/2021/11/marlins_logo-128x128.png,#1E8A8A,22,13,9,0,26,91,93,-2
Regular Season 2022-2023,2022-2023,regular,2022-12-01,Rhinos,https://ormrhl.com/wp-content/uploads/2021/11/Rhinos_logo-128x128.png,#6B6F76,22,6,15,1,13,78,108,-30
Regular Season 2022-2023,2022-2023,regular,2022-12-01,Wildcats,https://ormrhl.com/wp-content/uploads/2021/11/wildcats_logo-128x128.png,#D97B29,22,14,8,0,28,130,97,33
Regular Season 2022-2023,2022-2023,regular,2022-12-05,Cobras,https://ormrhl.com/wp-content/uploads/2021/11/Cobras_Logo-128x128.png,#2B8C5C,23,9,14,0,18,116,122,-6
Regular Season 2022-2023,2022-2023,regular,2022-12-05,Eagles,https://ormrhl.com/wp-content/uploads/2021/11/Eagles_logo-128x128.png,#A31E2E,23,10,13,0,20,109,112,-3
Regular Season 2022-2023,2022-2023,regular,2022-12-05,Falcons,https://ormrhl.com/wp-content/uploads/2021/11/falcons_icon-128x128.png,#233A6B,23,12,10,1,25,105,111,-6
Regular Season 2022-2023,2022-2023,regular,2022-12-05,Grizzlies,https://ormrhl.com/wp-content/uploads/2022/09/grizzlies-128x128.png,#8B4A26,23,7,15,1,15,80,101,-21
Regular Season 2022-2023,2022-2023,regular,2022-12-05,Komodo Dragons,https://ormrhl.com/wp-content/uploads/2022/09/komodo-128x128.png,#3B6E2A,23,17,5,1,35,124,90,34
Regular Season 2022-2023,2022-2023,regular,2022-12-05,Marlins,https://ormrhl.com/wp-content/uploads/2021/11/marlins_logo-128x128.png,#1E8A8A,23,14,9,0,28,99,100,-1
Regular Season 2022-2023,2022-2023,regular,2022-12-05,Rhinos,https://ormrhl.com/wp-content/uploads/2021/11/Rhinos_logo-128x128.png,#6B6F76,23,6,16,1,13,81,113,-32
Regular Season 2022-2023,2022-2023,regular,2022-12-05,Wildcats,https://ormrhl.com/wp-content/uploads/2021/11/wildcats_logo-128x128.png,#D97B29,23,15,8,0,30,135,100,35
Regular Season 2022-2023,2022-2023,regular,2022-12-08,Cobras,https://ormrhl.com/wp-content/uploads/2021/11/Cobras_Logo-128x128.png,#2B8C5C,24,9,15,0,18,119,126,-7
Regular Season 2022-2023,2022-2023,regular,2022-12-08,Eagles,https://ormrhl.com/wp-content/uploads/2021/11/Eagles_logo-128x128.png,#A31E2E,24,10,14,0,20,113,119,-6
Regular Season 2022-2023,2022-2023,regular,2022-12-08,Falcons,https://ormrhl.com/wp-content/uploads/2021/11/falcons_icon-128x128.png,#233A6B,24,13,10,1,27,113,115,-2
Regular Season 2022-2023,2022-2023,regular,2022-12-08,Grizzlies,https://ormrhl.com/wp-content/uploads/2022/09/grizzlies-128x128.png,#8B4A26,24,8,15,1,17,84,104,-20
Regular Season 2022-2023,2022-2023,regular,2022-12-08,Komodo Dragons,https://ormrhl.com/wp-content/uploads/2022/09/komodo-128x128.png,#3B6E2A,24,17,6,1,35,127,94,33
Regular Season 2022-2023,2022-2023,regular,2022-12-08,Marlins,https://ormrhl.com/wp-content/uploads/2021/11/marlins_logo-128x128.png,#1E8A8A,24,15,9,0,30,103,103,0
Regular Season 2022-2023,2022-2023,regular,2022-12-08,Rhinos,https://ormrhl.com/wp-content/uploads/2021/11/Rhinos_logo-128x128.png,#6B6F76,24,6,17,1,13,85,121,-36
Regular Season 2022-2023,2022-2023,regular,2022-12-08,Wildcats,https://ormrhl.com/wp-content/uploads/2021/11/wildcats_logo-128x128.png,#D97B29,24,16,8,0,32,142,104,38
Regular Season 2022-2023,2022-2023,regular,2022-12-12,Cobras,https://ormrhl.com/wp-content/uploads/2021/11/Cobras_Logo-128x128.png,#2B8C5C,25,10,15,0,20,126,131,-5
Regular Season 2022-2023,2022-2023,regular,2022-12-12,Eagles,https://ormrhl.com/wp-content/uploads/2021/11/Eagles_logo-128x128.png,#A31E2E,25,11,14,0,22,119,121,-2
Regular Season 2022-2023,2022-2023,regular,2022-12-12,Falcons,https://ormrhl.com/wp-content/uploads/2021/11/falcons_icon-128x128.png,#233A6B,25,13,11,1,27,118,124,-6
Regular Season 2022-2023,2022-2023,regular,2022-12-12,Grizzlies,https://ormrhl.com/wp-content/uploads/2022/09/grizzlies-128x128.png,#8B4A26,25,8,15,2,18,84,104,-20
Regular Season 2022-2023,2022-2023,regular,2022-12-12,Komodo Dragons,https://ormrhl.com/wp-content/uploads/2022/09/komodo-128x128.png,#3B6E2A,25,17,6,2,36,127,94,33
Regular Season 2022-2023,2022-2023,regular,2022-12-12,Marlins,https://ormrhl.com/wp-content/uploads/2021/11/marlins_logo-128x128.png,#1E8A8A,25,15,10,0,30,108,110,-2
Regular Season 2022-2023,2022-2023,regular,2022-12-12,Rhinos,https://ormrhl.com/wp-content/uploads/2021/11/Rhinos_logo-128x128.png,#6B6F76,25,6,18,1,13,87,127,-40
Regular Season 2022-2023,2022-2023,regular,2022-12-12,Wildcats,https://ormrhl.com/wp-content/uploads/2021/11/wildcats_logo-128x128.png,#D97B29,25,17,8,0,34,151,109,42
Regular Season 2022-2023,2022-2023,regular,2022-12-15,Cobras,https://ormrhl.com/wp-content/uploads/2021/11/Cobras_Logo-128x128.png,#2B8C5C,26,11,15,0,22,134,136,-2
Regular Season 2022-2023,2022-2023,regular,2022-12-15,Eagles,https://ormrhl.com/wp-content/uploads/2021/11/Eagles_logo-128x128.png,#A31E2E,26,11,15,0,22,124,129,-5
Regular Season 2022-2023,2022-2023,regular,2022-12-15,Falcons,https://ormrhl.com/wp-content/uploads/2021/11/falcons_icon-128x128.png,#233A6B,26,13,12,1,27,118,129,-11
Regular Season 2022-2023,2022-2023,regular,2022-12-15,Grizzlies,https://ormrhl.com/wp-content/uploads/2022/09/grizzlies-128x128.png,#8B4A26,26,8,16,2,18,88,110,-22
Regular Season 2022-2023,2022-2023,regular,2022-12-15,Komodo Dragons,https://ormrhl.com/wp-content/uploads/2022/09/komodo-128x128.png,#3B6E2A,26,18,6,2,38,132,94,38
Regular Season 2022-2023,2022-2023,regular,2022-12-15,Marlins,https://ormrhl.com/wp-content/uploads/2021/11/marlins_logo-128x128.png,#1E8A8A,26,15,11,0,30,111,114,-3
Regular Season 2022-2023,2022-2023,regular,2022-12-15,Rhinos,https://ormrhl.com/wp-content/uploads/2021/11/Rhinos_logo-128x128.png,#6B6F76,26,7,18,1,15,91,130,-39
Regular Season 2022-2023,2022-2023,regular,2022-12-15,Wildcats,https://ormrhl.com/wp-content/uploads/2021/11/wildcats_logo-128x128.png,#D97B29,26,18,8,0,36,157,113,44
Regular Season 2022-2023,2022-2023,regular,2022-12-19,Cobras,https://ormrhl.com/wp-content/uploads/2021/11/Cobras_Logo-128x128.png,#2B8C5C,27,12,15,0,24,143,137,6
Regular Season 2022-2023,2022-2023,regular,2022-12-19,Eagles,https://ormrhl.com/wp-content/uploads/2021/11/Eagles_logo-128x128.png,#A31E2E,27,11,16,0,22,126,136,-10
Regular Season 2022-2023,2022-2023,regular,2022-12-19,Falcons,https://ormrhl.com/wp-content/uploads/2021/11/falcons_icon-128x128.png,#233A6B,27,13,13,1,27,119,138,-19
Regular Season 2022-2023,2022-2023,regular,2022-12-19,Grizzlies,https://ormrhl.com/wp-content/uploads/2022/09/grizzlies-128x128.png,#8B4A26,27,8,17,2,18,91,115,-24
Regular Season 2022-2023,2022-2023,regular,2022-12-19,Komodo Dragons,https://ormrhl.com/wp-content/uploads/2022/09/komodo-128x128.png,#3B6E2A,27,18,7,2,38,135,100,35
Regular Season 2022-2023,2022-2023,regular,2022-12-19,Marlins,https://ormrhl.com/wp-content/uploads/2021/11/marlins_logo-128x128.png,#1E8A8A,27,16,11,0,32,118,116,2
Regular Season 2022-2023,2022-2023,regular,2022-12-19,Rhinos,https://ormrhl.com/wp-content/uploads/2021/11/Rhinos_logo-128x128.png,#6B6F76,27,8,18,1,17,96,133,-37
Regular Season 2022-2023,2022-2023,regular,2022-12-19,Wildcats,https://ormrhl.com/wp-content/uploads/2021/11/wildcats_logo-128x128.png,#D97B29,27,19,8,0,38,163,116,47
Regular Season 2022-2023,2022-2023,regular,2022-12-22,Cobras,https://ormrhl.com/wp-content/uploads/2021/11/Cobras_Logo-128x128.png,#2B8C5C,28,13,15,0,26,152,143,9
Regular Season 2022-2023,2022-2023,regular,2022-12-22,Eagles,https://ormrhl.com/wp-content/uploads/2021/11/Eagles_logo-128x128.png,#A31E2E,28,12,16,0,24,132,141,-9
Regular Season 2022-2023,2022-2023,regular,2022-12-22,Falcons,https://ormrhl.com/wp-content/uploads/2021/11/falcons_icon-128x128.png,#233A6B,28,13,14,1,27,122,147,-25
Regular Season 2022-2023,2022-2023,regular,2022-12-22,Grizzlies,https://ormrhl.com/wp-content/uploads/2022/09/grizzlies-128x128.png,#8B4A26,28,8,18,2,18,96,121,-25
Regular Season 2022-2023,2022-2023,regular,2022-12-22,Komodo Dragons,https://ormrhl.com/wp-content/uploads/2022/09/komodo-128x128.png,#3B6E2A,28,19,7,2,40,140,102,38
Regular Season 2022-2023,2022-2023,regular,2022-12-22,Marlins,https://ormrhl.com/wp-content/uploads/2021/11/marlins_logo-128x128.png,#1E8A8A,28,17,11,0,34,127,119,8
Regular Season 2022-2023,2022-2023,regular,2022-12-22,Rhinos,https://ormrhl.com/wp-content/uploads/2021/11/Rhinos_logo-128x128.png,#6B6F76,28,8,19,1,17,98,138,-40
Regular Season 2022-2023,2022-2023,regular,2022-12-22,Wildcats,https://ormrhl.com/wp-content/uploads/2021/11/wildcats_logo-128x128.png,#D97B29,28,19,9,0,38,169,125,44
Regular Season 2022-2023,2022-2023,regular,2023-01-05,Cobras,https://ormrhl.com/wp-content/uploads/2021/11/Cobras_Logo-128x128.png,#2B8C5C,29,13,16,0,26,154,149,5
Regular Season 2022-2023,2022-2023,regular,2023-01-05,Eagles,https://ormrhl.com/wp-content/uploads/2021/11/Eagles_logo-128x128.png,#A31E2E,29,13,16,0,26,138,143,-5
Regular Season 2022-2023,2022-2023,regular,2023-01-05,Falcons,https://ormrhl.com/wp-content/uploads/2021/11/falcons_icon-128x128.png,#233A6B,29,14,14,1,29,125,149,-24
Regular Season 2022-2023,2022-2023,regular,2023-01-05,Grizzlies,https://ormrhl.com/wp-content/uploads/2022/09/grizzlies-128x128.png,#8B4A26,29,9,18,2,20,101,123,-22
Regular Season 2022-2023,2022-2023,regular,2023-01-05,Komodo Dragons,https://ormrhl.com/wp-content/uploads/2022/09/komodo-128x128.png,#3B6E2A,29,19,8,2,40,142,105,37
Regular Season 2022-2023,2022-2023,regular,2023-01-05,Marlins,https://ormrhl.com/wp-content/uploads/2021/11/marlins_logo-128x128.png,#1E8A8A,29,17,12,0,34,130,124,6
Regular Season 2022-2023,2022-2023,regular,2023-01-05,Rhinos,https://ormrhl.com/wp-content/uploads/2021/11/Rhinos_logo-128x128.png,#6B6F76,29,9,19,1,19,103,141,-38
Regular Season 2022-2023,2022-2023,regular,2023-01-05,Wildcats,https://ormrhl.com/wp-content/uploads/2021/11/wildcats_logo-128x128.png,#D97B29,29,19,10,0,38,171,130,41
Regular Season 2022-2023,2022-2023,regular,2023-01-09,Cobras,https://ormrhl.com/wp-content/uploads/2021/11/Cobras_Logo-128x128.png,#2B8C5C,30,13,17,0,26,155,152,3
Regular Season 2022-2023,2022-2023,regular,2023-01-09,Eagles,https://ormrhl.com/wp-content/uploads/2021/11/Eagles_logo-128x128.png,#A31E2E,30,14,16,0,28,146,147,-1
Regular Season 2022-2023,2022-2023,regular,2023-01-09,Falcons,https://ormrhl.com/wp-content/uploads/2021/11/falcons_icon-128x128.png,#233A6B,30,15,14,1,31,130,151,-21
Regular Season 2022-2023,2022-2023,regular,2023-01-09,Grizzlies,https://ormrhl.com/wp-content/uploads/2022/09/grizzlies-128x128.png,#8B4A26,30,9,19,2,20,106,132,-26
Regular Season 2022-2023,2022-2023,regular,2023-01-09,Komodo Dragons,https://ormrhl.com/wp-content/uploads/2022/09/komodo-128x128.png,#3B6E2A,30,20,8,2,42,151,110,41
Regular Season 2022-2023,2022-2023,regular,2023-01-09,Marlins,https://ormrhl.com/wp-content/uploads/2021/11/marlins_logo-128x128.png,#1E8A8A,30,18,12,0,36,133,125,8
Regular Season 2022-2023,2022-2023,regular,2023-01-09,Rhinos,https://ormrhl.com/wp-content/uploads/2021/11/Rhinos_logo-128x128.png,#6B6F76,30,9,20,1,19,107,149,-42
Regular Season 2022-2023,2022-2023,regular,2023-01-09,Wildcats,https://ormrhl.com/wp-content/uploads/2021/11/wildcats_logo-128x128.png,#D97B29,30,19,11,0,38,173,135,38
Regular Season 2022-2023,2022-2023,regular,2023-01-12,Cobras,https://ormrhl.com/wp-content/uploads/2021/11/Cobras_Logo-128x128.png,#2B8C5C,31,13,18,0,26,161,159,2
Regular Season 2022-2023,2022-2023,regular,2023-01-12,Eagles,https://ormrhl.com/wp-content/uploads/2021/11/Eagles_logo-128x128.png,#A31E2E,31,15,16,0,30,150,149,1
Regular Season 2022-2023,2022-2023,regular,2023-01-12,Falcons,https://ormrhl.com/wp-content/uploads/2021/11/falcons_icon-128x128.png,#233A6B,31,16,14,1,33,137,157,-20
Regular Season 2022-2023,2022-2023,regular,2023-01-12,Grizzlies,https://ormrhl.com/wp-content/uploads/2022/09/grizzlies-128x128.png,#8B4A26,31,10,19,2,22,113,138,-25
Regular Season 2022-2023,2022-2023,regular,2023-01-12,Komodo Dragons,https://ormrhl.com/wp-content/uploads/2022/09/komodo-128x128.png,#3B6E2A,31,20,9,2,42,156,118,38
Regular Season 2022-2023,2022-2023,regular,2023-01-12,Marlins,https://ormrhl.com/wp-content/uploads/2021/11/marlins_logo-128x128.png,#1E8A8A,31,18,13,0,36,135,129,6
Regular Season 2022-2023,2022-2023,regular,2023-01-12,Rhinos,https://ormrhl.com/wp-content/uploads/2021/11/Rhinos_logo-128x128.png,#6B6F76,31,9,21,1,19,113,156,-43
Regular Season 2022-2023,2022-2023,regular,2023-01-12,Wildcats,https://ormrhl.com/wp-content/uploads/2021/11/wildcats_logo-128x128.png,#D97B29,31,20,11,0,40,181,140,41
Regular Season 2022-2023,2022-2023,regular,2023-01-16,Cobras,https://ormrhl.com/wp-content/uploads/2021/11/Cobras_Logo-128x128.png,#2B8C5C,32,13,19,0,26,166,165,1
Regular Season 2022-2023,2022-2023,regular,2023-01-16,Eagles,https://ormrhl.com/wp-content/uploads/2021/11/Eagles_logo-128x128.png,#A31E2E,32,15,17,0,30,152,152,0
Regular Season 2022-2023,2022-2023,regular,2023-01-16,Falcons,https://ormrhl.com/wp-content/uploads/2021/11/falcons_icon-128x128.png,#233A6B,32,17,14,1,35,140,159,-19
Regular Season 2022-2023,2022-2023,regular,2023-01-16,Grizzlies,https://ormrhl.com/wp-content/uploads/2022/09/grizzlies-128x128.png,#8B4A26,32,10,20,2,22,116,143,-27
Regular Season 2022-2023,2022-2023,regular,2023-01-16,Komodo Dragons,https://ormrhl.com/wp-content/uploads/2022/09/komodo-128x128.png,#3B6E2A,32,21,9,2,44,162,123,39
Regular Season 2022-2023,2022-2023,regular,2023-01-16,Marlins,https://ormrhl.com/wp-content/uploads/2021/11/marlins_logo-128x128.png,#1E8A8A,32,19,13,0,38,140,132,8
Regular Season 2022-2023,2022-2023,regular,2023-01-16,Rhinos,https://ormrhl.com/wp-content/uploads/2021/11/Rhinos_logo-128x128.png,#6B6F76,32,9,22,1,19,118,162,-44
Regular Season 2022-2023,2022-2023,regular,2023-01-16,Wildcats,https://ormrhl.com/wp-content/uploads/2021/11/wildcats_logo-128x128.png,#D97B29,32,21,11,0,42,187,145,42
Regular Season 2022-2023,2022-2023,regular,2023-01-19,Cobras,https://ormrhl.com/wp-content/uploads/2021/11/Cobras_Logo-128x128.png,#2B8C5C,33,14,19,0,28,171,168,3
Regular Season 2022-2023,2022-2023,regular,2023-01-19,Eagles,https://ormrhl.com/wp-content/uploads/2021/11/Eagles_logo-128x128.png,#A31E2E,33,16,17,0,32,161,157,4
Regular Season 2022-2023,2022-2023,regular,2023-01-19,Falcons,https://ormrhl.com/wp-content/uploads/2021/11/falcons_icon-128x128.png,#233A6B,33,17,15,1,35,142,166,-24
Regular Season 2022-2023,2022-2023,regular,2023-01-19,Grizzlies,https://ormrhl.com/wp-content/uploads/2022/09/grizzlies-128x128.png,#8B4A26,33,11,20,2,24,123,145,-22
Regular Season 2022-2023,2022-2023,regular,2023-01-19,Komodo Dragons,https://ormrhl.com/wp-content/uploads/2022/09/komodo-128x128.png,#3B6E2A,33,21,10,2,44,167,132,35
Regular Season 2022-2023,2022-2023,regular,2023-01-19,Marlins,https://ormrhl.com/wp-content/uploads/2021/11/marlins_logo-128x128.png,#1E8A8A,33,20,13,0,40,144,135,9
Regular Season 2022-2023,2022-2023,regular,2023-01-19,Rhinos,https://ormrhl.com/wp-content/uploads/2021/11/Rhinos_logo-128x128.png,#6B6F76,33,9,23,1,19,121,167,-46
Regular Season 2022-2023,2022-2023,regular,2023-01-19,Wildcats,https://ormrhl.com/wp-content/uploads/2021/11/wildcats_logo-128x128.png,#D97B29,33,21,12,0,42,190,149,41
Regular Season 2022-2023,2022-2023,regular,2023-01-23,Cobras,https://ormrhl.com/wp-content/uploads/2021/11/Cobras_Logo-128x128.png,#2B8C5C,34,14,20,0,28,175,177,-2
Regular Season 2022-2023,2022-2023,regular,2023-01-23,Eagles,https://ormrhl.com/wp-content/uploads/2021/11/Eagles_logo-128x128.png,#A31E2E,34,16,18,0,32,162,163,-1
Regular Season 2022-2023,2022-2023,regular,2023-01-23,Falcons,https://ormrhl.com/wp-content/uploads/2021/11/falcons_icon-128x128.png,#233A6B,34,18,15,1,37,148,171,-23
Regular Season 2022-2023,2022-2023,regular,2023-01-23,Grizzlies,https://ormrhl.com/wp-content/uploads/2022/09/grizzlies-128x128.png,#8B4A26,34,12,20,2,26,129,146,-17
Regular Season 2022-2023,2022-2023,regular,2023-01-23,Komodo Dragons,https://ormrhl.com/wp-content/uploads/2022/09/komodo-128x128.png,#3B6E2A,34,22,10,2,46,176,135,41
Regular Season 2022-2023,2022-2023,regular,2023-01-23,Marlins,https://ormrhl.com/wp-content/uploads/2021/11/marlins_logo-128x128.png,#1E8A8A,34,20,14,0,40,149,141,8
Regular Season 2022-2023,2022-2023,regular,2023-01-23,Rhinos,https://ormrhl.com/wp-content/uploads/2021/11/Rhinos_logo-128x128.png,#6B6F76,34,9,24,1,19,124,176,-52
Regular Season 2022-2023,2022-2023,regular,2023-01-23,Wildcats,https://ormrhl.com/wp-content/uploads/2021/11/wildcats_logo-128x128.png,#D97B29,34,22,12,0,44,199,153,46
Regular Season 2022-2023,2022-2023,regular,2023-01-26,Cobras,https://ormrhl.com/wp-content/uploads/2021/11/Cobras_Logo-128x128.png,#2B8C5C,35,15,20,0,30,180,181,-1
Regular Season 2022-2023,2022-2023,regular,2023-01-26,Eagles,https://ormrhl.com/wp-content/uploads/2021/11/Eagles_logo-128x128.png,#A31E2E,35,17,18,0,34,169,167,2
Regular Season 2022-2023,2022-2023,regular,2023-01-26,Falcons,https://ormrhl.com/wp-content/uploads/2021/11/falcons_icon-128x128.png,#233A6B,35,18,16,1,37,152,179,-27
Regular Season 2022-2023,2022-2023,regular,2023-01-26,Grizzlies,https://ormrhl.com/wp-content/uploads/2022/09/grizzlies-128x128.png,#8B4A26,35,12,21,2,26,133,151,-18
Regular Season 2022-2023,2022-2023,regular,2023-01-26,Komodo Dragons,https://ormrhl.com/wp-content/uploads/2022/09/komodo-128x128.png,#3B6E2A,35,22,11,2,46,178,139,39
Regular Season 2022-2023,2022-2023,regular,2023-01-26,Marlins,https://ormrhl.com/wp-content/uploads/2021/11/marlins_logo-128x128.png,#1E8A8A,35,21,14,0,42,153,143,10
Regular Season 2022-2023,2022-2023,regular,2023-01-26,Rhinos,https://ormrhl.com/wp-content/uploads/2021/11/Rhinos_logo-128x128.png,#6B6F76,35,10,24,1,21,132,180,-48
Regular Season 2022-2023,2022-2023,regular,2023-01-26,Wildcats,https://ormrhl.com/wp-content/uploads/2021/11/wildcats_logo-128x128.png,#D97B29,35,22,13,0,44,203,160,43
Regular Season 2022-2023,2022-2023,regular,2023-01-30,Cobras,https://ormrhl.com/wp-content/uploads/2021/11/Cobras_Logo-128x128.png,#2B8C5C,36,16,20,0,32,184,183,1
Regular Season 2022-2023,2022-2023,regular,2023-01-30,Eagles,https://ormrhl.com/wp-content/uploads/2021/11/Eagles_logo-128x128.png,#A31E2E,36,18,18,0,36,175,170,5
Regular Season 2022-2023,2022-2023,regular,2023-01-30,Falcons,https://ormrhl.com/wp-content/uploads/2021/11/falcons_icon-128x128.png,#233A6B,36,18,17,1,37,156,186,-30
Regular Season 2022-2023,2022-2023,regular,2023-01-30,Grizzlies,https://ormrhl.com/wp-content/uploads/2022/09/grizzlies-128x128.png,#8B4A26,36,13,21,2,28,138,152,-14
Regular Season 2022-2023,2022-2023,regular,2023-01-30,Komodo Dragons,https://ormrhl.com/wp-content/uploads/2022/09/komodo-128x128.png,#3B6E2A,36,22,12,2,46,179,144,35
Regular Season 2022-2023,2022-2023,regular,2023-01-30,Marlins,https://ormrhl.com/wp-content/uploads/2021/11/marlins_logo-128x128.png,#1E8A8A,36,21,15,0,42,155,147,8
Regular Season 2022-2023,2022-2023,regular,2023-01-30,Rhinos,https://ormrhl.com/wp-content/uploads/2021/11/Rhinos_logo-128x128.png,#6B6F76,36,10,25,1,21,135,186,-51
Regular Season 2022-2023,2022-2023,regular,2023-01-30,Wildcats,https://ormrhl.com/wp-content/uploads/2021/11/wildcats_logo-128x128.png,#D97B29,36,23,13,0,46,210,164,46
Regular Season 2022-2023,2022-2023,regular,2023-02-02,Cobras,https://ormrhl.com/wp-content/uploads/2021/11/Cobras_Logo-128x128.png,#2B8C5C,37,16,21,0,32,189,192,-3
Regular Season 2022-2023,2022-2023,regular,2023-02-02,Eagles,https://ormrhl.com/wp-content/uploads/2021/11/Eagles_logo-128x128.png,#A31E2E,37,19,18,0,38,184,175,9
Regular Season 2022-2023,2022-2023,regular,2023-02-02,Falcons,https://ormrhl.com/wp-content/uploads/2021/11/falcons_icon-128x128.png,#233A6B,37,18,18,1,37,156,191,-35
Regular Season 2022-2023,2022-2023,regular,2023-02-02,Grizzlies,https://ormrhl.com/wp-content/uploads/2022/09/grizzlies-128x128.png,#8B4A26,37,14,21,2,30,142,153,-11
Regular Season 2022-2023,2022-2023,regular,2023-02-02,Komodo Dragons,https://ormrhl.com/wp-content/uploads/2022/09/komodo-128x128.png,#3B6E2A,37,23,12,2,48,184,144,40
Regular Season 2022-2023,2022-2023,regular,2023-02-02,Marlins,https://ormrhl.com/wp-content/uploads/2021/11/marlins_logo-128x128.png,#1E8A8A,37,21,16,0,42,161,154,7
Regular Season 2022-2023,2022-2023,regular,2023-02-02,Rhinos,https://ormrhl.com/wp-content/uploads/2021/11/Rhinos_logo-128x128.png,#6B6F76,37,11,25,1,23,142,192,-50
Regular Season 2022-2023,2022-2023,regular,2023-02-02,Wildcats,https://ormrhl.com/wp-content/uploads/2021/11/wildcats_logo-128x128.png,#D97B29,37,23,14,0,46,211,168,43
Regular Season 2022-2023,2022-2023,regular,2023-02-06,Cobras,https://ormrhl.com/wp-content/uploads/2021/11/Cobras_Logo-128x128.png,#2B8C5C,38,16,22,0,32,195,199,-4
Regular Season 2022-2023,2022-2023,regular,2023-02-06,Eagles,https://ormrhl.com/wp-content/uploads/2021/11/Eagles_logo-128x128.png,#A31E2E,38,20,18,0,40,189,179,10
Regular Season 2022-2023,2022-2023,regular,2023-02-06,Falcons,https://ormrhl.com/wp-content/uploads/2021/11/falcons_icon-128x128.png,#233A6B,38,19,18,1,39,163,194,-31
Regular Season 2022-2023,2022-2023,regular,2023-02-06,Grizzlies,https://ormrhl.com/wp-content/uploads/2022/09/grizzlies-128x128.png,#8B4A26,38,14,22,2,30,145,160,-15
Regular Season 2022-2023,2022-2023,regular,2023-02-06,Komodo Dragons,https://ormrhl.com/wp-content/uploads/2022/09/komodo-128x128.png,#3B6E2A,38,23,13,2,48,188,149,39
Regular Season 2022-2023,2022-2023,regular,2023-02-06,Marlins,https://ormrhl.com/wp-content/uploads/2021/11/marlins_logo-128x128.png,#1E8A8A,38,21,17,0,42,165,160,5
Regular Season 2022-2023,2022-2023,regular,2023-02-06,Rhinos,https://ormrhl.com/wp-content/uploads/2021/11/Rhinos_logo-128x128.png,#6B6F76,38,12,25,1,25,149,198,-49
Regular Season 2022-2023,2022-2023,regular,2023-02-06,Wildcats,https://ormrhl.com/wp-content/uploads/2021/11/wildcats_logo-128x128.png,#D97B29,38,24,14,0,48,217,172,45
Regular Season 2022-2023,2022-2023,regular,2023-02-09,Cobras,https://ormrhl.com/wp-content/uploads/2021/11/Cobras_Logo-128x128.png,#2B8C5C,39,17,22,0,34,202,202,0
Regular Season 2022-2023,2022-2023,regular,2023-02-09,Eagles,https://ormrhl.com/wp-content/uploads/2021/11/Eagles_logo-128x128.png,#A31E2E,39,21,18,0,42,195,183,12
Regular Season 2022-2023,2022-2023,regular,2023-02-09,Falcons,https://ormrhl.com/wp-content/uploads/2021/11/falcons_icon-128x128.png,#233A6B,39,19,19,1,39,166,201,-35
Regular Season 2022-2023,2022-2023,regular,2023-02-09,Grizzlies,https://ormrhl.com/wp-content/uploads/2022/09/grizzlies-128x128.png,#8B4A26,39,15,22,2,32,153,166,-13
Regular Season 2022-2023,2022-2023,regular,2023-02-09,Komodo Dragons,https://ormrhl.com/wp-content/uploads/2022/09/komodo-128x128.png,#3B6E2A,39,23,14,2,48,189,151,38
Regular Season 2022-2023,2022-2023,regular,2023-02-09,Marlins,https://ormrhl.com/wp-content/uploads/2021/11/marlins_logo-128x128.png,#1E8A8A,39,21,18,0,42,169,166,3
Regular Season 2022-2023,2022-2023,regular,2023-02-09,Rhinos,https://ormrhl.com/wp-content/uploads/2021/11/Rhinos_logo-128x128.png,#6B6F76,39,12,26,1,25,155,206,-51
Regular Season 2022-2023,2022-2023,regular,2023-02-09,Wildcats,https://ormrhl.com/wp-content/uploads/2021/11/wildcats_logo-128x128.png,#D97B29,39,25,14,0,50,219,173,46
Regular Season 2022-2023,2022-2023,regular,2023-02-13,Cobras,https://ormrhl.com/wp-content/uploads/2021/11/Cobras_Logo-128x128.png,#2B8C5C,40,18,22,0,36,207,204,3
Regular Season 2022-2023,2022-2023,regular,2023-02-13,Eagles,https://ormrhl.com/wp-content/uploads/2021/11/Eagles_logo-128x128.png,#A31E2E,40,22,18,0,44,204,185,19
Regular Season 2022-2023,2022-2023,regular,2023-02-13,Falcons,https://ormrhl.com/wp-content/uploads/2021/11/falcons_icon-128x128.png,#233A6B,40,19,20,1,39,168,210,-42
Regular Season 2022-2023,2022-2023,regular,2023-02-13,Grizzlies,https://ormrhl.com/wp-content/uploads/2022/09/grizzlies-128x128.png,#8B4A26,40,16,22,2,34,160,166,-6
Regular Season 2022-2023,2022-2023,regular,2023-02-13,Komodo Dragons,https://ormrhl.com/wp-content/uploads/2022/09/komodo-128x128.png,#3B6E2A,40,23,15,2,48,191,156,35
Regular Season 2022-2023,2022-2023,regular,2023-02-13,Marlins,https://ormrhl.com/wp-content/uploads/2021/11/marlins_logo-128x128.png,#1E8A8A,40,21,19,0,42,169,173,-4
Regular Season 2022-2023,2022-2023,regular,2023-02-13,Rhinos,https://ormrhl.com/wp-content/uploads/2021/11/Rhinos_logo-128x128.png,#6B6F76,40,13,26,1,27,163,210,-47
Regular Season 2022-2023,2022-2023,regular,2023-02-13,Wildcats,https://ormrhl.com/wp-content/uploads/2021/11/wildcats_logo-128x128.png,#D97B29,40,25,15,0,50,223,181,42
Regular Season 2022-2023,2022-2023,regular,2023-02-16,Cobras,https://ormrhl.com/wp-content/uploads/2021/11/Cobras_Logo-128x128.png,#2B8C5C,41,18,22,1,37,207,204,3
Regular Season 2022-2023,2022-2023,regular,2023-02-16,Eagles,https://ormrhl.com/wp-content/uploads/2021/11/Eagles_logo-128x128.png,#A31E2E,41,22,19,0,44,209,191,18
Regular Season 2022-2023,2022-2023,regular,2023-02-16,Falcons,https://ormrhl.com/wp-content/uploads/2021/11/falcons_icon-128x128.png,#233A6B,41,20,20,1,41,174,214,-40
Regular Season 2022-2023,2022-2023,regular,2023-02-16,Grizzlies,https://ormrhl.com/wp-content/uploads/2022/09/grizzlies-128x128.png,#8B4A26,41,16,22,3,35,160,166,-6
Regular Season 2022-2023,2022-2023,regular,2023-02-16,Komodo Dragons,https://ormrhl.com/wp-content/uploads/2022/09/komodo-128x128.png,#3B6E2A,41,24,15,2,50,194,156,38
Regular Season 2022-2023,2022-2023,regular,2023-02-16,Marlins,https://ormrhl.com/wp-content/uploads/2021/11/marlins_logo-128x128.png,#1E8A8A,41,21,20,0,42,169,176,-7
Regular Season 2022-2023,2022-2023,regular,2023-02-16,Rhinos,https://ormrhl.com/wp-content/uploads/2021/11/Rhinos_logo-128x128.png,#6B6F76,41,13,27,1,27,167,216,-49
Regular Season 2022-2023,2022-2023,regular,2023-02-16,Wildcats,https://ormrhl.com/wp-content/uploads/2021/11/wildcats_logo-128x128.png,#D97B29,41,26,15,0,52,229,186,43
Regular Season 2022-2023,2022-2023,regular,2023-02-20,Cobras,https://ormrhl.com/wp-content/uploads/2021/11/Cobras_Logo-128x128.png,#2B8C5C,42,18,23,1,37,211,209,2
Regular Season 2022-2023,2022-2023,regular,2023-02-20,Eagles,https://ormrhl.com/wp-content/uploads/2021/11/Eagles_logo-128x128.png,#A31E2E,42,23,19,0,46,219,193,26
Regular Season 2022-2023,2022-2023,regular,2023-02-20,Falcons,https://ormrhl.com/wp-content/uploads/2021/11/falcons_icon-128x128.png,#233A6B,42,20,21,1,41,176,221,-45
Regular Season 2022-2023,2022-2023,regular,2023-02-20,Grizzlies,https://ormrhl.com/wp-content/uploads/2022/09/grizzlies-128x128.png,#8B4A26,42,16,23,3,35,162,176,-14
Regular Season 2022-2023,2022-2023,regular,2023-02-20,Komodo Dragons,https://ormrhl.com/wp-content/uploads/2022/09/komodo-128x128.png,#3B6E2A,42,25,15,2,52,203,162,41
Regular Season 2022-2023,2022-2023,regular,2023-02-20,Marlins,https://ormrhl.com/wp-content/uploads/2021/11/marlins_logo-128x128.png,#1E8A8A,42,22,20,0,44,176,178,-2
Regular Season 2022-2023,2022-2023,regular,2023-02-20,Rhinos,https://ormrhl.com/wp-content/uploads/2021/11/Rhinos_logo-128x128.png,#6B6F76,42,13,28,1,27,173,225,-52
Regular Season 2022-2023,2022-2023,regular,2023-02-20,Wildcats,https://ormrhl.com/wp-content/uploads/2021/11/wildcats_logo-128x128.png,#D97B29,42,27,15,0,54,234,190,44
Regular Season 2022-2023,2022-2023,regular,2023-02-23,Cobras,https://ormrhl.com/wp-content/uploads/2021/11/Cobras_Logo-128x128.png,#2B8C5C,43,19,23,1,39,224,213,11
Regular Season 2022-2023,2022-2023,regular,2023-02-23,Eagles,https://ormrhl.com/wp-content/uploads/2021/11/Eagles_logo-128x128.png,#A31E2E,43,23,20,0,46,223,206,17
Regular Season 2022-2023,2022-2023,regular,2023-02-23,Falcons,https://ormrhl.com/wp-content/uploads/2021/11/falcons_icon-128x128.png,#233A6B,43,21,21,1,43,181,225,-44
Regular Season 2022-2023,2022-2023,regular,2023-02-23,Grizzlies,https://ormrhl.com/wp-content/uploads/2022/09/grizzlies-128x128.png,#8B4A26,43,17,23,3,37,168,180,-12
Regular Season 2022-2023,2022-2023,regular,2023-02-23,Komodo Dragons,https://ormrhl.com/wp-content/uploads/2022/09/komodo-128x128.png,#3B6E2A,43,25,16,2,52,207,167,40
Regular Season 2022-2023,2022-2023,regular,2023-02-23,Marlins,https://ormrhl.com/wp-content/uploads/2021/11/marlins_logo-128x128.png,#1E8A8A,43,22,21,0,44,176,181,-5
Regular Season 2022-2023,2022-2023,regular,2023-02-23,Rhinos,https://ormrhl.com/wp-content/uploads/2021/11/Rhinos_logo-128x128.png,#6B6F76,43,14,28,1,29,176,225,-49
Regular Season 2022-2023,2022-2023,regular,2023-02-23,Wildcats,https://ormrhl.com/wp-content/uploads/2021/11/wildcats_logo-128x128.png,#D97B29,43,27,16,0,54,238,196,42
Regular Season 2022-2023,2022-2023,regular,2023-02-27,Cobras,https://ormrhl.com/wp-content/uploads/2021/11/Cobras_Logo-128x128.png,#2B8C5C,44,19,24,1,39,227,217,10
Regular Season 2022-2023,2022-2023,regular,2023-02-27,Eagles,https://ormrhl.com/wp-content/uploads/2021/11/Eagles_logo-128x128.png,#A31E2E,44,24,20,0,48,230,209,21
Regular Season 2022-2023,2022-2023,regular,2023-02-27,Falcons,https://ormrhl.com/wp-content/uploads/2021/11/falcons_icon-128x128.png,#233A6B,44,21,22,1,43,183,237,-54
Regular Season 2022-2023,2022-2023,regular,2023-02-27,Grizzlies,https://ormrhl.com/wp-content/uploads/2022/09/grizzlies-128x128.png,#8B4A26,44,17,24,3,37,172,186,-14
Regular Season 2022-2023,2022-2023,regular,2023-02-27,Komodo Dragons,https://ormrhl.com/wp-content/uploads/2022/09/komodo-128x128.png,#3B6E2A,44,26,16,2,54,213,171,42
Regular Season 2022-2023,2022-2023,regular,2023-02-27,Marlins,https://ormrhl.com/wp-content/uploads/2021/11/marlins_logo-128x128.png,#1E8A8A,44,23,21,0,46,180,184,-4
Regular Season 2022-2023,2022-2023,regular,2023-02-27,Rhinos,https://ormrhl.com/wp-content/uploads/2021/11/Rhinos_logo-128x128.png,#6B6F76,44,14,29,1,29,179,232,-53
Regular Season 2022-2023,2022-2023,regular,2023-02-27,Wildcats,https://ormrhl.com/wp-content/uploads/2021/11/wildcats_logo-128x128.png,#D97B29,44,28,16,0,56,250,198,52
Regular Season 2022-2023,2022-2023,regular,2023-03-02,Cobras,https://ormrhl.com/wp-content/uploads/2021/11/Cobras_Logo-128x128.png,#2B8C5C,45,19,25,1,39,229,221,8
Regular Season 2022-2023,2022-2023,regular,2023-03-02,Eagles,https://ormrhl.com/wp-content/uploads/2021/11/Eagles_logo-128x128.png,#A31E2E,45,25,20,0,50,234,211,23
Regular Season 2022-2023,2022-2023,regular,2023-03-02,Falcons,https://ormrhl.com/wp-content/uploads/2021/11/falcons_icon-128x128.png,#233A6B,45,22,22,1,45,187,239,-52
Regular Season 2022-2023,2022-2023,regular,2023-03-02,Grizzlies,https://ormrhl.com/wp-content/uploads/2022/09/grizzlies-128x128.png,#8B4A26,45,18,24,3,39,179,190,-11
Regular Season 2022-2023,2022-2023,regular,2023-03-02,Komodo Dragons,https://ormrhl.com/wp-content/uploads/2022/09/komodo-128x128.png,#3B6E2A,45,27,16,2,56,220,173,47
Regular Season 2022-2023,2022-2023,regular,2023-03-02,Marlins,https://ormrhl.com/wp-content/uploads/2021/11/marlins_logo-128x128.png,#1E8A8A,45,23,22,0,46,182,188,-6
Regular Season 2022-2023,2022-2023,regular,2023-03-02,Rhinos,https://ormrhl.com/wp-content/uploads/2021/11/Rhinos_logo-128x128.png,#6B6F76,45,14,30,1,29,183,239,-56
Regular Season 2022-2023,2022-2023,regular,2023-03-02,Wildcats,https://ormrhl.com/wp-content/uploads/2021/11/wildcats_logo-128x128.png,#D97B29,45,28,17,0,56,252,205,47
Regular Season 2022-2023,2022-2023,regular,2023-03-06,Cobras,https://ormrhl.com/wp-content/uploads/2021/11/Cobras_Logo-128x128.png,#2B8C5C,46,19,26,1,39,232,227,5
Regular Season 2022-2023,2022-2023,regular,2023-03-06,Eagles,https://ormrhl.com/wp-content/uploads/2021/11/Eagles_logo-128x128.png,#A31E2E,46,26,20,0,52,241,216,25
Regular Season 2022-2023,2022-2023,regular,2023-03-06,Falcons,https://ormrhl.com/wp-content/uploads/2021/11/falcons_icon-128x128.png,#233A6B,46,22,22,2,46,187,239,-52
Regular Season 2022-2023,2022-2023,regular,2023-03-06,Grizzlies,https://ormrhl.com/wp-content/uploads/2022/09/grizzlies-128x128.png,#8B4A26,46,18,24,4,40,179,190,-11
Regular Season 2022-2023,2022-2023,regular,2023-03-06,Komodo Dragons,https://ormrhl.com/wp-content/uploads/2022/09/komodo-128x128.png,#3B6E2A,46,27,17,2,56,225,180,45
Regular Season 2022-2023,2022-2023,regular,2023-03-06,Marlins,https://ormrhl.com/wp-content/uploads/2021/11/marlins_logo-128x128.png,#1E8A8A,46,24,22,0,48,189,194,-5
Regular Season 2022-2023,2022-2023,regular,2023-03-06,Rhinos,https://ormrhl.com/wp-content/uploads/2021/11/Rhinos_logo-128x128.png,#6B6F76,46,15,30,1,31,189,242,-53
Regular Season 2022-2023,2022-2023,regular,2023-03-06,Wildcats,https://ormrhl.com/wp-content/uploads/2021/11/wildcats_logo-128x128.png,#D97B29,46,28,18,0,56,258,212,46
Regular Season 2022-2023,2022-2023,regular,2023-03-09,Cobras,https://ormrhl.com/wp-content/uploads/2021/11/Cobras_Logo-128x128.png,#2B8C5C,47,20,26,1,41,236,230,6
Regular Season 2022-2023,2022-2023,regular,2023-03-09,Eagles,https://ormrhl.com/wp-content/uploads/2021/11/Eagles_logo-128x128.png,#A31E2E,47,27,20,0,54,247,218,29
Regular Season 2022-2023,2022-2023,regular,2023-03-09,Falcons,https://ormrhl.com/wp-content/uploads/2021/11/falcons_icon-128x128.png,#233A6B,47,22,23,2,46,189,245,-56
Regular Season 2022-2023,2022-2023,regular,2023-03-09,Grizzlies,https://ormrhl.com/wp-content/uploads/2022/09/grizzlies-128x128.png,#8B4A26,47,18,25,4,40,180,192,-12
Regular Season 2022-2023,2022-2023,regular,2023-03-09,Komodo Dragons,https://ormrhl.com/wp-content/uploads/2022/09/komodo-128x128.png,#3B6E2A,47,27,18,2,56,228,184,44
Regular Season 2022-2023,2022-2023,regular,2023-03-09,Marlins,https://ormrhl.com/wp-content/uploads/2021/11/marlins_logo-128x128.png,#1E8A8A,47,25,22,0,50,191,195,-4
Regular Season 2022-2023,2022-2023,regular,2023-03-09,Rhinos,https://ormrhl.com/wp-content/uploads/2021/11/Rhinos_logo-128x128.png,#6B6F76,47,15,31,1,31,192,253,-61
Regular Season 2022-2023,2022-2023,regular,2023-03-09,Wildcats,https://ormrhl.com/wp-content/uploads/2021/11/wildcats_logo-128x128.png,#D97B29,47,29,18,0,58,269,215,54
Playoffs 2023-2024,2023-2024,playoffs,2024-03-18,Cobras,https://ormrhl.com/wp-content/uploads/2021/11/Cobras_Logo-128x128.png,#2B8C5C,1,0,0,1,1,4,4,0
Playoffs 2023-2024,2023-2024,playoffs,2024-03-18,Eagles,https://ormrhl.com/wp-content/uploads/2021/11/Eagles_logo-128x128.png,#A31E2E,1,0,0,1,1,4,4,0
Playoffs 2023-2024,2023-2024,playoffs,2024-03-18,Falcons,https://ormrhl.com/wp-content/uploads/2021/11/falcons_icon-128x128.png,#233A6B,1,1,0,0,2,3,2,1
Playoffs 2023-2024,2023-2024,playoffs,2024-03-18,Grizzlies,https://ormrhl.com/wp-content/uploads/2022/09/grizzlies-128x128.png,#8B4A26,1,0,0,1,1,3,3,0
Playoffs 2023-2024,2023-2024,playoffs,2024-03-18,Komodo Dragons,https://ormrhl.com/wp-content/uploads/2022/09/komodo-128x128.png,#3B6E2A,1,1,0,0,2,8,5,3
Playoffs 2023-2024,2023-2024,playoffs,2024-03-18,Marlins,https://ormrhl.com/wp-content/uploads/2021/11/marlins_logo-128x128.png,#1E8A8A,1,0,1,0,0,5,8,-3
Playoffs 2023-2024,2023-2024,playoffs,2024-03-18,Rhinos,https://ormrhl.com/wp-content/uploads/2021/11/Rhinos_logo-128x128.png,#6B6F76,1,0,0,1,1,3,3,0
Playoffs 2023-2024,2023-2024,playoffs,2024-03-18,Wildcats,https://ormrhl.com/wp-content/uploads/2021/11/wildcats_logo-128x128.png,#D97B29,1,0,1,0,0,2,3,-1
Playoffs 2023-2024,2023-2024,playoffs,2024-03-21,Cobras,https://ormrhl.com/wp-content/uploads/2021/11/Cobras_Logo-128x128.png,#2B8C5C,2,1,0,1,3,9,7,2
Playoffs 2023-2024,2023-2024,playoffs,2024-03-21,Eagles,https://ormrhl.com/wp-content/uploads/2021/11/Eagles_logo-128x128.png,#A31E2E,2,1,0,1,3,10,6,4
Playoffs 2023-2024,2023-2024,playoffs,2024-03-21,Falcons,https://ormrhl.com/wp-content/uploads/2021/11/falcons_icon-128x128.png,#233A6B,2,1,0,1,3,6,5,1
Playoffs 2023-2024,2023-2024,playoffs,2024-03-21,Grizzlies,https://ormrhl.com/wp-content/uploads/2022/09/grizzlies-128x128.png,#8B4A26,2,0,1,1,1,6,8,-2
Playoffs 2023-2024,2023-2024,playoffs,2024-03-21,Komodo Dragons,https://ormrhl.com/wp-content/uploads/2022/09/komodo-128x128.png,#3B6E2A,2,2,0,0,4,17,8,9
Playoffs 2023-2024,2023-2024,playoffs,2024-03-21,Marlins,https://ormrhl.com/wp-content/uploads/2021/11/marlins_logo-128x128.png,#1E8A8A,2,0,1,1,1,8,11,-3
Playoffs 2023-2024,2023-2024,playoffs,2024-03-21,Rhinos,https://ormrhl.com/wp-content/uploads/2021/11/Rhinos_logo-128x128.png,#6B6F76,2,0,1,1,1,5,9,-4
Playoffs 2023-2024,2023-2024,playoffs,2024-03-21,Wildcats,https://ormrhl.com/wp-content/uploads/2021/11/wildcats_logo-128x128.png,#D97B29,2,0,2,0,0,5,12,-7
Playoffs 2023-2024,2023-2024,playoffs,2024-03-25,Cobras,https://ormrhl.com/wp-content/uploads/2021/11/Cobras_Logo-128x128.png,#2B8C5C,3,2,0,1,5,15,9,6
Playoffs 2023-2024,2023-2024,playoffs,2024-03-25,Eagles,https://ormrhl.com/wp-content/uploads/2021/11/Eagles_logo-128x128.png,#A31E2E,3,1,1,1,3,14,13,1
Playoffs 2023-2024,2023-2024,playoffs,2024-03-25,Falcons,https://ormrhl.com/wp-content/uploads/2021/11/falcons_icon-128x128.png,#233A6B,3,1,1,1,3,8,11,-3
Playoffs 2023-2024,2023-2024,playoffs,2024-03-25,Grizzlies,https://ormrhl.com/wp-content/uploads/2022/09/grizzlies-128x128.png,#8B4A26,3,1,1,1,3,13,12,1
Playoffs 2023-2024,2023-2024,playoffs,2024-03-25,Komodo Dragons,https://ormrhl.com/wp-content/uploads/2022/09/komodo-128x128.png,#3B6E2A,3,2,1,0,4,19,12,7
Playoffs 2023-2024,2023-2024,playoffs,2024-03-25,Marlins,https://ormrhl.com/wp-content/uploads/2021/11/marlins_logo-128x128.png,#1E8A8A,3,1,1,1,3,13,15,-2
Playoffs 2023-2024,2023-2024,playoffs,2024-03-25,Rhinos,https://ormrhl.com/wp-content/uploads/2021/11/Rhinos_logo-128x128.png,#6B6F76,3,1,1,1,3,9,11,-2
Playoffs 2023-2024,2023-2024,playoffs,2024-03-25,Wildcats,https://ormrhl.com/wp-content/uploads/2021/11/wildcats_logo-128x128.png,#D97B29,3,0,3,0,0,9,17,-8
Playoffs 2023-2024,2023-2024,playoffs,2024-03-28,Cobras,https://ormrhl.com/wp-content/uploads/2021/11/Cobras_Logo-128x128.png,#2B8C5C,4,2,0,2,6,19,13,6
Playoffs 2023-2024,2023-2024,playoffs,2024-03-28,Eagles,https://ormrhl.com/wp-content/uploads/2021/11/Eagles_logo-128x128.png,#A31E2E,4,2,1,1,5,19,14,5
Playoffs 2023-2024,2023-2024,playoffs,2024-03-28,Falcons,https://ormrhl.com/wp-content/uploads/2021/11/falcons_icon-128x128.png,#233A6B,4,1,2,1,3,10,16,-6
Playoffs 2023-2024,2023-2024,playoffs,2024-03-28,Grizzlies,https://ormrhl.com/wp-content/uploads/2022/09/grizzlies-128x128.png,#8B4A26,4,1,2,1,3,14,16,-2
Playoffs 2023-2024,2023-2024,playoffs,2024-03-28,Komodo Dragons,https://ormrhl.com/wp-content/uploads/2022/09/komodo-128x128.png,#3B6E2A,4,3,1,0,6,24,14,10
Playoffs 2023-2024,2023-2024,playoffs,2024-03-28,Marlins,https://ormrhl.com/wp-content/uploads/2021/11/marlins_logo-128x128.png,#1E8A8A,4,2,1,1,5,17,16,1
Playoffs 2023-2024,2023-2024,playoffs,2024-03-28,Rhinos,https://ormrhl.com/wp-content/uploads/2021/11/Rhinos_logo-128x128.png,#6B6F76,4,1,1,2,4,13,15,-2
Playoffs 2023-2024,2023-2024,playoffs,2024-03-28,Wildcats,https://ormrhl.com/wp-content/uploads/2021/11/wildcats_logo-128x128.png,#D97B29,4,0,4,0,0,10,22,-12
Playoffs 2023-2024,2023-2024,playoffs,2024-04-01,Cobras,https://ormrhl.com/wp-content/uploads/2021/11/Cobras_Logo-128x128.png,#2B8C5C,5,3,0,2,8,27,18,9
Playoffs 2023-2024,2023-2024,playoffs,2024-04-01,Eagles,https://ormrhl.com/wp-content/uploads/2021/11/Eagles_logo-128x128.png,#A31E2E,5,3,1,1,7,23,15,8
Playoffs 2023-2024,2023-2024,playoffs,2024-04-01,Falcons,https://ormrhl.com/wp-content/uploads/2021/11/falcons_icon-128x128.png,#233A6B,5,1,3,1,3,11,20,-9
Playoffs 2023-2024,2023-2024,playoffs,2024-04-01,Grizzlies,https://ormrhl.com/wp-content/uploads/2022/09/grizzlies-128x128.png,#8B4A26,5,1,3,1,3,16,20,-4
Playoffs 2023-2024,2023-2024,playoffs,2024-04-01,Komodo Dragons,https://ormrhl.com/wp-content/uploads/2022/09/komodo-128x128.png,#3B6E2A,5,4,1,0,8,28,16,12
Playoffs 2023-2024,2023-2024,playoffs,2024-04-01,Marlins,https://ormrhl.com/wp-content/uploads/2021/11/marlins_logo-128x128.png,#1E8A8A,5,2,2,1,5,17,21,-4
Playoffs 2023-2024,2023-2024,playoffs,2024-04-01,Rhinos,https://ormrhl.com/wp-content/uploads/2021/11/Rhinos_logo-128x128.png,#6B6F76,5,2,1,2,6,18,15,3
Playoffs 2023-2024,2023-2024,playoffs,2024-04-01,Wildcats,https://ormrhl.com/wp-content/uploads/2021/11/wildcats_logo-128x128.png,#D97B29,5,0,5,0,0,15,30,-15
Playoffs 2023-2024,2023-2024,playoffs,2024-04-04,Cobras,https://ormrhl.com/wp-content/uploads/2021/11/Cobras_Logo-128x128.png,#2B8C5C,6,3,1,2,8,30,23,7
Playoffs 2023-2024,2023-2024,playoffs,2024-04-04,Eagles,https://ormrhl.com/wp-content/uploads/2021/11/Eagles_logo-128x128.png,#A31E2E,6,3,2,1,7,25,20,5
Playoffs 2023-2024,2023-2024,playoffs,2024-04-04,Falcons,https://ormrhl.com/wp-content/uploads/2021/11/falcons_icon-128x128.png,#233A6B,6,1,4,1,3,12,23,-11
Playoffs 2023-2024,2023-2024,playoffs,2024-04-04,Grizzlies,https://ormrhl.com/wp-content/uploads/2022/09/grizzlies-128x128.png,#8B4A26,6,2,3,1,5,21,24,-3
Playoffs 2023-2024,2023-2024,playoffs,2024-04-04,Komodo Dragons,https://ormrhl.com/wp-content/uploads/2022/09/komodo-128x128.png,#3B6E2A,6,5,1,0,10,33,19,14
Playoffs 2023-2024,2023-2024,playoffs,2024-04-04,Marlins,https://ormrhl.com/wp-content/uploads/2021/11/marlins_logo-128x128.png,#1E8A8A,6,3,2,1,7,22,23,-1
Playoffs 2023-2024,2023-2024,playoffs,2024-04-04,Rhinos,https://ormrhl.com/wp-content/uploads/2021/11/Rhinos_logo-128x128.png,#6B6F76,6,3,1,2,8,21,16,5
Playoffs 2023-2024,2023-2024,playoffs,2024-04-04,Wildcats,https://ormrhl.com/wp-content/uploads/2021/11/wildcats_logo-128x128.png,#D97B29,6,0,6,0,0,19,35,-16
Playoffs 2023-2024,2023-2024,playoffs,2024-04-08,Cobras,https://ormrhl.com/wp-content/uploads/2021/11/Cobras_Logo-128x128.png,#2B8C5C,7,4,1,2,10,36,26,10
Playoffs 2023-2024,2023-2024,playoffs,2024-04-08,Eagles,https://ormrhl.com/wp-content/uploads/2021/11/Eagles_logo-128x128.png,#A31E2E,7,4,2,1,9,28,22,6
Playoffs 2023-2024,2023-2024,playoffs,2024-04-08,Falcons,https://ormrhl.com/wp-content/uploads/2021/11/falcons_icon-128x128.png,#233A6B,7,2,4,1,5,15,24,-9
Playoffs 2023-2024,2023-2024,playoffs,2024-04-08,Grizzlies,https://ormrhl.com/wp-content/uploads/2022/09/grizzlies-128x128.png,#8B4A26,7,2,4,1,5,22,27,-5
Playoffs 2023-2024,2023-2024,playoffs,2024-04-08,Komodo Dragons,https://ormrhl.com/wp-content/uploads/2022/09/komodo-128x128.png,#3B6E2A,7,5,2,0,10,35,22,13
Playoffs 2023-2024,2023-2024,playoffs,2024-04-08,Marlins,https://ormrhl.com/wp-content/uploads/2021/11/marlins_logo-128x128.png,#1E8A8A,7,3,3,1,7,25,29,-4
Playoffs 2023-2024,2023-2024,playoffs,2024-04-08,Rhinos,https://ormrhl.com/wp-content/uploads/2021/11/Rhinos_logo-128x128.png,#6B6F76,7,4,1,2,10,25,19,6
Playoffs 2023-2024,2023-2024,playoffs,2024-04-08,Wildcats,https://ormrhl.com/wp-content/uploads/2021/11/wildcats_logo-128x128.png,#D97B29,7,0,7,0,0,22,39,-17
Regular Season 2023-2024,2023-2024,regular,2023-09-18,Cobras,https://ormrhl.com/wp-content/uploads/2021/11/Cobras_Logo-128x128.png,#2B8C5C,1,0,1,0,0,3,5,-2
Regular Season 2023-2024,2023-2024,regular,2023-09-18,Eagles,https://ormrhl.com/wp-content/uploads/2021/11/Eagles_logo-128x128.png,#A31E2E,1,1,0,0,2,5,3,2
Regular Season 2023-2024,2023-2024,regular,2023-09-18,Falcons,https://ormrhl.com/wp-content/uploads/2021/11/falcons_icon-128x128.png,#233A6B,1,1,0,0,2,5,2,3
Regular Season 2023-2024,2023-2024,regular,2023-09-18,Grizzlies,https://ormrhl.com/wp-content/uploads/2022/09/grizzlies-128x128.png,#8B4A26,1,1,0,0,2,7,1,6
Regular Season 2023-2024,2023-2024,regular,2023-09-18,Komodo Dragons,https://ormrhl.com/wp-content/uploads/2022/09/komodo-128x128.png,#3B6E2A,1,0,1,0,0,2,5,-3
Regular Season 2023-2024,2023-2024,regular,2023-09-18,Marlins,https://ormrhl.com/wp-content/uploads/2021/11/marlins_logo-128x128.png,#1E8A8A,1,0,1,0,0,1,7,-6
Regular Season 2023-2024,2023-2024,regular,2023-09-18,Rhinos,https://ormrhl.com/wp-content/uploads/2021/11/Rhinos_logo-128x128.png,#6B6F76,1,1,0,0,2,5,3,2
Regular Season 2023-2024,2023-2024,regular,2023-09-18,Wildcats,https://ormrhl.com/wp-content/uploads/2021/11/wildcats_logo-128x128.png,#D97B29,1,0,1,0,0,3,5,-2
Regular Season 2023-2024,2023-2024,regular,2023-09-21,Cobras,https://ormrhl.com/wp-content/uploads/2021/11/Cobras_Logo-128x128.png,#2B8C5C,2,1,1,0,2,9,9,0
Regular Season 2023-2024,2023-2024,regular,2023-09-21,Eagles,https://ormrhl.com/wp-content/uploads/2021/11/Eagles_logo-128x128.png,#A31E2E,2,1,1,0,2,7,10,-3
Regular Season 2023-2024,2023-2024,regular,2023-09-21,Falcons,https://ormrhl.com/wp-content/uploads/2021/11/falcons_icon-128x128.png,#233A6B,2,2,0,0,4,12,4,8
Regular Season 2023-2024,2023-2024,regular,2023-09-21,Grizzlies,https://ormrhl.com/wp-content/uploads/2022/09/grizzlies-128x128.png,#8B4A26,2,1,1,0,2,7,9,-2
Regular Season 2023-2024,2023-2024,regular,2023-09-21,Komodo Dragons,https://ormrhl.com/wp-content/uploads/2022/09/komodo-128x128.png,#3B6E2A,2,1,1,0,2,10,5,5
Regular Season 2023-2024,2023-2024,regular,2023-09-21,Marlins,https://ormrhl.com/wp-content/uploads/2021/11/marlins_logo-128x128.png,#1E8A8A,2,0,2,0,0,4,12,-8
Regular Season 2023-2024,2023-2024,regular,2023-09-21,Rhinos,https://ormrhl.com/wp-content/uploads/2021/11/Rhinos_logo-128x128.png,#6B6F76,2,2,0,0,4,10,6,4
Regular Season 2023-2024,2023-2024,regular,2023-09-21,Wildcats,https://ormrhl.com/wp-content/uploads/2021/11/wildcats_logo-128x128.png,#D97B29,2,0,2,0,0,7,11,-4
Regular Season 2023-2024,2023-2024,regular,2023-09-25,Cobras,https://ormrhl.com/wp-content/uploads/2021/11/Cobras_Logo-128x128.png,#2B8C5C,3,1,2,0,2,12,15,-3
Regular Season 2023-2024,2023-2024,regular,2023-09-25,Eagles,https://ormrhl.com/wp-content/uploads/2021/11/Eagles_logo-128x128.png,#A31E2E,3,2,1,0,4,15,14,1
Regular Season 2023-2024,2023-2024,regular,2023-09-25,Falcons,https://ormrhl.com/wp-content/uploads/2021/11/falcons_icon-128x128.png,#233A6B,3,3,0,0,6,18,5,13
Regular Season 2023-2024,2023-2024,regular,2023-09-25,Grizzlies,https://ormrhl.com/wp-content/uploads/2022/09/grizzlies-128x128.png,#8B4A26,3,1,2,0,2,8,16,-8
Regular Season 2023-2024,2023-2024,regular,2023-09-25,Komodo Dragons,https://ormrhl.com/wp-content/uploads/2022/09/komodo-128x128.png,#3B6E2A,3,2,1,0,4,16,8,8
Regular Season 2023-2024,2023-2024,regular,2023-09-25,Marlins,https://ormrhl.com/wp-content/uploads/2021/11/marlins_logo-128x128.png,#1E8A8A,3,0,3,0,0,8,20,-12
Regular Season 2023-2024,2023-2024,regular,2023-09-25,Rhinos,https://ormrhl.com/wp-content/uploads/2021/11/Rhinos_logo-128x128.png,#6B6F76,3,2,1,0,4,11,12,-1
Regular Season 2023-2024,2023-2024,regular,2023-09-25,Wildcats,https://ormrhl.com/wp-content/uploads/2021/11/wildcats_logo-128x128.png,#D97B29,3,1,2,0,2,14,12,2
Regular Season 2023-2024,2023-2024,regular,2023-09-28,Cobras,https://ormrhl.com/wp-content/uploads/2021/11/Cobras_Logo-128x128.png,#2B8C5C,4,2,2,0,4,21,17,4
Regular Season 2023-2024,2023-2024,regular,2023-09-28,Eagles,https://ormrhl.com/wp-content/uploads/2021/11/Eagles_logo-128x128.png,#A31E2E,4,2,2,0,4,19,19,0
Regular Season 2023-2024,2023-2024,regular,2023-09-28,Falcons,https://ormrhl.com/wp-content/uploads/2021/11/falcons_icon-128x128.png,#233A6B,4,4,0,0,8,21,7,14
Regular Season 2023-2024,2023-2024,regular,2023-09-28,Grizzlies,https://ormrhl.com/wp-content/uploads/2022/09/grizzlies-128x128.png,#8B4A26,4,1,3,0,2,10,19,-9
Regular Season 2023-2024,2023-2024,regular,2023-09-28,Komodo Dragons,https://ormrhl.com/wp-content/uploads/2022/09/komodo-128x128.png,#3B6E2A,4,3,1,0,6,21,12,9
Regular Season 2023-2024,2023-2024,regular,2023-09-28,Marlins,https://ormrhl.com/wp-content/uploads/2021/11/marlins_logo-128x128.png,#1E8A8A,4,0,4,0,0,10,29,-19
Regular Season 2023-2024,2023-2024,regular,2023-09-28,Rhinos,https://ormrhl.com/wp-content/uploads/2021/11/Rhinos_logo-128x128.png,#6B6F76,4,2,2,0,4,15,17,-2
Regular Season 2023-2024,2023-2024,regular,2023-09-28,Wildcats,https://ormrhl.com/wp-content/uploads/2021/11/wildcats_logo-128x128.png,#D97B29,4,2,2,0,4,19,16,3
Regular Season 2023-2024,2023-2024,regular,2023-10-02,Cobras,https://ormrhl.com/wp-content/uploads/2021/11/Cobras_Logo-128x128.png,#2B8C5C,5,3,2,0,6,29,23,6
Regular Season 2023-2024,2023-2024,regular,2023-10-02,Eagles,https://ormrhl.com/wp-content/uploads/2021/11/Eagles_logo-128x128.png,#A31E2E,5,2,3,0,4,25,27,-2
Regular Season 2023-2024,2023-2024,regular,2023-10-02,Falcons,https://ormrhl.com/wp-content/uploads/2021/11/falcons_icon-128x128.png,#233A6B,5,4,1,0,8,26,13,13
Regular Season 2023-2024,2023-2024,regular,2023-10-02,Grizzlies,https://ormrhl.com/wp-content/uploads/2022/09/grizzlies-128x128.png,#8B4A26,5,1,4,0,2,15,25,-10
Regular Season 2023-2024,2023-2024,regular,2023-10-02,Komodo Dragons,https://ormrhl.com/wp-content/uploads/2022/09/komodo-128x128.png,#3B6E2A,5,4,1,0,8,22,12,10
Regular Season 2023-2024,2023-2024,regular,2023-10-02,Marlins,https://ormrhl.com/wp-content/uploads/2021/11/marlins_logo-128x128.png,#1E8A8A,5,0,5,0,0,10,30,-20
Regular Season 2023-2024,2023-2024,regular,2023-10-02,Rhinos,https://ormrhl.com/wp-content/uploads/2021/11/Rhinos_logo-128x128.png,#6B6F76,5,3,2,0,6,21,22,-1
Regular Season 2023-2024,2023-2024,regular,2023-10-02,Wildcats,https://ormrhl.com/wp-content/uploads/2021/11/wildcats_logo-128x128.png,#D97B29,5,3,2,0,6,25,21,4
Regular Season 2023-2024,2023-2024,regular,2023-10-05,Cobras,https://ormrhl.com/wp-content/uploads/2021/11/Cobras_Logo-128x128.png,#2B8C5C,6,4,2,0,8,36,26,10
Regular Season 2023-2024,2023-2024,regular,2023-10-05,Eagles,https://ormrhl.com/wp-content/uploads/2021/11/Eagles_logo-128x128.png,#A31E2E,6,3,3,0,6,29,30,-1
Regular Season 2023-2024,2023-2024,regular,2023-10-05,Falcons,https://ormrhl.com/wp-content/uploads/2021/11/falcons_icon-128x128.png,#233A6B,6,4,2,0,8,29,18,11
Regular Season 2023-2024,2023-2024,regular,2023-10-05,Grizzlies,https://ormrhl.com/wp-content/uploads/2022/09/grizzlies-128x128.png,#8B4A26,6,1,5,0,2,18,32,-14
Regular Season 2023-2024,2023-2024,regular,2023-10-05,Komodo Dragons,https://ormrhl.com/wp-content/uploads/2022/09/komodo-128x128.png,#3B6E2A,6,5,1,0,10,27,15,12
Regular Season 2023-2024,2023-2024,regular,2023-10-05,Marlins,https://ormrhl.com/wp-content/uploads/2021/11/marlins_logo-128x128.png,#1E8A8A,6,1,5,0,2,15,33,-18
Regular Season 2023-2024,2023-2024,regular,2023-10-05,Rhinos,https://ormrhl.com/wp-content/uploads/2021/11/Rhinos_logo-128x128.png,#6B6F76,6,3,3,0,6,24,26,-2
Regular Season 2023-2024,2023-2024,regular,2023-10-05,Wildcats,https://ormrhl.com/wp-content/uploads/2021/11/wildcats_logo-128x128.png,#D97B29,6,3,3,0,6,28,26,2
Regular Season 2023-2024,2023-2024,regular,2023-10-12,Cobras,https://ormrhl.com/wp-content/uploads/2021/11/Cobras_Logo-128x128.png,#2B8C5C,7,5,2,0,10,42,29,13
Regular Season 2023-2024,2023-2024,regular,2023-10-12,Eagles,https://ormrhl.com/wp-content/uploads/2021/11/Eagles_logo-128x128.png,#A31E2E,7,4,3,0,8,35,35,0
Regular Season 2023-2024,2023-2024,regular,2023-10-12,Falcons,https://ormrhl.com/wp-content/uploads/2021/11/falcons_icon-128x128.png,#233A6B,7,5,2,0,10,37,19,18
Regular Season 2023-2024,2023-2024,regular,2023-10-12,Grizzlies,https://ormrhl.com/wp-content/uploads/2022/09/grizzlies-128x128.png,#8B4A26,7,1,6,0,2,21,36,-15
Regular Season 2023-2024,2023-2024,regular,2023-10-12,Komodo Dragons,https://ormrhl.com/wp-content/uploads/2022/09/komodo-128x128.png,#3B6E2A,7,5,2,0,10,28,23,5
Regular Season 2023-2024,2023-2024,regular,2023-10-12,Marlins,https://ormrhl.com/wp-content/uploads/2021/11/marlins_logo-128x128.png,#1E8A8A,7,2,5,0,4,19,36,-17
Regular Season 2023-2024,2023-2024,regular,2023-10-12,Rhinos,https://ormrhl.com/wp-content/uploads/2021/11/Rhinos_logo-128x128.png,#6B6F76,7,3,4,0,6,27,32,-5
Regular Season 2023-2024,2023-2024,regular,2023-10-12,Wildcats,https://ormrhl.com/wp-content/uploads/2021/11/wildcats_logo-128x128.png,#D97B29,7,3,4,0,6,33,32,1
Regular Season 2023-2024,2023-2024,regular,2023-10-16,Cobras,https://ormrhl.com/wp-content/uploads/2021/11/Cobras_Logo-128x128.png,#2B8C5C,8,5,3,0,10,47,38,9
Regular Season 2023-2024,2023-2024,regular,2023-10-16,Eagles,https://ormrhl.com/wp-content/uploads/2021/11/Eagles_logo-128x128.png,#A31E2E,8,4,4,0,8,39,40,-1
Regular Season 2023-2024,2023-2024,regular,2023-10-16,Falcons,https://ormrhl.com/wp-content/uploads/2021/11/falcons_icon-128x128.png,#233A6B,8,6,2,0,12,42,23,19
Regular Season 2023-2024,2023-2024,regular,2023-10-16,Grizzlies,https://ormrhl.com/wp-content/uploads/2022/09/grizzlies-128x128.png,#8B4A26,8,1,7,0,2,22,39,-17
Regular Season 2023-2024,2023-2024,regular,2023-10-16,Komodo Dragons,https://ormrhl.com/wp-content/uploads/2022/09/komodo-128x128.png,#3B6E2A,8,6,2,0,12,31,24,7
Regular Season 2023-2024,2023-2024,regular,2023-10-16,Marlins,https://ormrhl.com/wp-content/uploads/2021/11/marlins_logo-128x128.png,#1E8A8A,8,2,6,0,4,22,42,-20
Regular Season 2023-2024,2023-2024,regular,2023-10-16,Rhinos,https://ormrhl.com/wp-content/uploads/2021/11/Rhinos_logo-128x128.png,#6B6F76,8,4,4,0,8,33,35,-2
Regular Season 2023-2024,2023-2024,regular,2023-10-16,Wildcats,https://ormrhl.com/wp-content/uploads/2021/11/wildcats_logo-128x128.png,#D97B29,8,4,4,0,8,42,37,5
Regular Season 2023-2024,2023-2024,regular,2023-10-19,Cobras,https://ormrhl.com/wp-content/uploads/2021/11/Cobras_Logo-128x128.png,#2B8C5C,9,5,4,0,10,51,50,1
Regular Season 2023-2024,2023-2024,regular,2023-10-19,Eagles,https://ormrhl.com/wp-content/uploads/2021/11/Eagles_logo-128x128.png,#A31E2E,9,5,4,0,10,46,40,6
Regular Season 2023-2024,2023-2024,regular,2023-10-19,Falcons,https://ormrhl.com/wp-content/uploads/2021/11/falcons_icon-128x128.png,#233A6B,9,7,2,0,14,45,24,21
Regular Season 2023-2024,2023-2024,regular,2023-10-19,Grizzlies,https://ormrhl.com/wp-content/uploads/2022/09/grizzlies-128x128.png,#8B4A26,9,2,7,0,4,35,41,-6
Regular Season 2023-2024,2023-2024,regular,2023-10-19,Komodo Dragons,https://ormrhl.com/wp-content/uploads/2022/09/komodo-128x128.png,#3B6E2A,9,7,2,0,14,43,28,15
Regular Season 2023-2024,2023-2024,regular,2023-10-19,Marlins,https://ormrhl.com/wp-content/uploads/2021/11/marlins_logo-128x128.png,#1E8A8A,9,2,7,0,4,22,49,-27
Regular Season 2023-2024,2023-2024,regular,2023-10-19,Rhinos,https://ormrhl.com/wp-content/uploads/2021/11/Rhinos_logo-128x128.png,#6B6F76,9,4,5,0,8,34,38,-4
Regular Season 2023-2024,2023-2024,regular,2023-10-19,Wildcats,https://ormrhl.com/wp-content/uploads/2021/11/wildcats_logo-128x128.png,#D97B29,9,4,5,0,8,44,50,-6
Regular Season 2023-2024,2023-2024,regular,2023-10-23,Cobras,https://ormrhl.com/wp-content/uploads/2021/11/Cobras_Logo-128x128.png,#2B8C5C,10,5,5,0,10,56,58,-2
Regular Season 2023-2024,2023-2024,regular,2023-10-23,Eagles,https://ormrhl.com/wp-content/uploads/2021/11/Eagles_logo-128x128.png,#A31E2E,10,5,5,0,10,51,46,5
Regular Season 2023-2024,2023-2024,regular,2023-10-23,Falcons,https://ormrhl.com/wp-content/uploads/2021/11/falcons_icon-128x128.png,#233A6B,10,7,2,1,15,46,25,21
Regular Season 2023-2024,2023-2024,regular,2023-10-23,Grizzlies,https://ormrhl.com/wp-content/uploads/2022/09/grizzlies-128x128.png,#8B4A26,10,2,7,1,5,36,42,-6
Regular Season 2023-2024,2023-2024,regular,2023-10-23,Komodo Dragons,https://ormrhl.com/wp-content/uploads/2022/09/komodo-128x128.png,#3B6E2A,10,8,2,0,16,49,33,16
Regular Season 2023-2024,2023-2024,regular,2023-10-23,Marlins,https://ormrhl.com/wp-content/uploads/2021/11/marlins_logo-128x128.png,#1E8A8A,10,3,7,0,6,30,54,-24
Regular Season 2023-2024,2023-2024,regular,2023-10-23,Rhinos,https://ormrhl.com/wp-content/uploads/2021/11/Rhinos_logo-128x128.png,#6B6F76,10,5,5,0,10,39,42,-3
Regular Season 2023-2024,2023-2024,regular,2023-10-23,Wildcats,https://ormrhl.com/wp-content/uploads/2021/11/wildcats_logo-128x128.png,#D97B29,10,4,6,0,8,48,55,-7
Regular Season 2023-2024,2023-2024,regular,2023-10-26,Cobras,https://ormrhl.com/wp-content/uploads/2021/11/Cobras_Logo-128x128.png,#2B8C5C,11,6,5,0,12,67,62,5
Regular Season 2023-2024,2023-2024,regular,2023-10-26,Eagles,https://ormrhl.com/wp-content/uploads/2021/11/Eagles_logo-128x128.png,#A31E2E,11,5,6,0,10,55,57,-2
Regular Season 2023-2024,2023-2024,regular,2023-10-26,Falcons,https://ormrhl.com/wp-content/uploads/2021/11/falcons_icon-128x128.png,#233A6B,11,8,2,1,17,51,26,25
Regular Season 2023-2024,2023-2024,regular,2023-10-26,Grizzlies,https://ormrhl.com/wp-content/uploads/2022/09/grizzlies-128x128.png,#8B4A26,11,2,8,1,5,41,48,-7
Regular Season 2023-2024,2023-2024,regular,2023-10-26,Komodo Dragons,https://ormrhl.com/wp-content/uploads/2022/09/komodo-128x128.png,#3B6E2A,11,9,2,0,18,55,37,18
Regular Season 2023-2024,2023-2024,regular,2023-10-26,Marlins,https://ormrhl.com/wp-content/uploads/2021/11/marlins_logo-128x128.png,#1E8A8A,11,3,8,0,6,34,60,-26
Regular Season 2023-2024,2023-2024,regular,2023-10-26,Rhinos,https://ormrhl.com/wp-content/uploads/2021/11/Rhinos_logo-128x128.png,#6B6F76,11,6,5,0,12,45,47,-2
Regular Season 2023-2024,2023-2024,regular,2023-10-26,Wildcats,https://ormrhl.com/wp-content/uploads/2021/11/wildcats_logo-128x128.png,#D97B29,11,4,7,0,8,49,60,-11
Regular Season 2023-2024,2023-2024,regular,2023-10-30,Cobras,https://ormrhl.com/wp-content/uploads/2021/11/Cobras_Logo-128x128.png,#2B8C5C,12,6,6,0,12,71,67,4
Regular Season 2023-2024,2023-2024,regular,2023-10-30,Eagles,https://ormrhl.com/wp-content/uploads/2021/11/Eagles_logo-128x128.png,#A31E2E,12,5,7,0,10,58,67,-9
Regular Season 2023-2024,2023-2024,regular,2023-10-30,Falcons,https://ormrhl.com/wp-content/uploads/2021/11/falcons_icon-128x128.png,#233A6B,12,9,2,1,19,56,30,26
Regular Season 2023-2024,2023-2024,regular,2023-10-30,Grizzlies,https://ormrhl.com/wp-content/uploads/2022/09/grizzlies-128x128.png,#8B4A26,12,3,8,1,7,46,52,-6
Regular Season 2023-2024,2023-2024,regular,2023-10-30,Komodo Dragons,https://ormrhl.com/wp-content/uploads/2022/09/komodo-128x128.png,#3B6E2A,12,9,3,0,18,57,43,14
Regular Season 2023-2024,2023-2024,regular,2023-10-30,Marlins,https://ormrhl.com/wp-content/uploads/2021/11/marlins_logo-128x128.png,#1E8A8A,12,3,9,0,6,38,65,-27
Regular Season 2023-2024,2023-2024,regular,2023-10-30,Rhinos,https://ormrhl.com/wp-content/uploads/2021/11/Rhinos_logo-128x128.png,#6B6F76,12,7,5,0,14,55,50,5
Regular Season 2023-2024,2023-2024,regular,2023-10-30,Wildcats,https://ormrhl.com/wp-content/uploads/2021/11/wildcats_logo-128x128.png,#D97B29,12,5,7,0,10,55,62,-7
Regular Season 2023-2024,2023-2024,regular,2023-11-02,Cobras,https://ormrhl.com/wp-content/uploads/2021/11/Cobras_Logo-128x128.png,#2B8C5C,13,7,6,0,14,77,71,6
Regular Season 2023-2024,2023-2024,regular,2023-11-02,Eagles,https://ormrhl.com/wp-content/uploads/2021/11/Eagles_logo-128x128.png,#A31E2E,13,6,7,0,12,62,70,-8
Regular Season 2023-2024,2023-2024,regular,2023-11-02,Falcons,https://ormrhl.com/wp-content/uploads/2021/11/falcons_icon-128x128.png,#233A6B,13,9,3,1,19,60,36,24
Regular Season 2023-2024,2023-2024,regular,2023-11-02,Grizzlies,https://ormrhl.com/wp-content/uploads/2022/09/grizzlies-128x128.png,#8B4A26,13,3,9,1,7,49,56,-7
Regular Season 2023-2024,2023-2024,regular,2023-11-02,Komodo Dragons,https://ormrhl.com/wp-content/uploads/2022/09/komodo-128x128.png,#3B6E2A,13,9,4,0,18,58,46,12
Regular Season 2023-2024,2023-2024,regular,2023-11-02,Marlins,https://ormrhl.com/wp-content/uploads/2021/11/marlins_logo-128x128.png,#1E8A8A,13,3,10,0,6,38,70,-32
Regular Season 2023-2024,2023-2024,regular,2023-11-02,Rhinos,https://ormrhl.com/wp-content/uploads/2021/11/Rhinos_logo-128x128.png,#6B6F76,13,8,5,0,16,58,51,7
Regular Season 2023-2024,2023-2024,regular,2023-11-02,Wildcats,https://ormrhl.com/wp-content/uploads/2021/11/wildcats_logo-128x128.png,#D97B29,13,6,7,0,12,60,62,-2
Regular Season 2023-2024,2023-2024,regular,2023-11-06,Cobras,https://ormrhl.com/wp-content/uploads/2021/11/Cobras_Logo-128x128.png,#2B8C5C,14,8,6,0,16,85,77,8
Regular Season 2023-2024,2023-2024,regular,2023-11-06,Eagles,https://ormrhl.com/wp-content/uploads/2021/11/Eagles_logo-128x128.png,#A31E2E,14,6,8,0,12,65,74,-9
Regular Season 2023-2024,2023-2024,regular,2023-11-06,Falcons,https://ormrhl.com/wp-content/uploads/2021/11/falcons_icon-128x128.png,#233A6B,14,10,3,1,21,68,37,31
Regular Season 2023-2024,2023-2024,regular,2023-11-06,Grizzlies,https://ormrhl.com/wp-content/uploads/2022/09/grizzlies-128x128.png,#8B4A26,14,4,9,1,9,55,60,-5
Regular Season 2023-2024,2023-2024,regular,2023-11-06,Komodo Dragons,https://ormrhl.com/wp-content/uploads/2022/09/komodo-128x128.png,#3B6E2A,14,9,5,0,18,59,54,5
Regular Season 2023-2024,2023-2024,regular,2023-11-06,Marlins,https://ormrhl.com/wp-content/uploads/2021/11/marlins_logo-128x128.png,#1E8A8A,14,3,11,0,6,42,76,-34
Regular Season 2023-2024,2023-2024,regular,2023-11-06,Rhinos,https://ormrhl.com/wp-content/uploads/2021/11/Rhinos_logo-128x128.png,#6B6F76,14,8,6,0,16,64,59,5
Regular Season 2023-2024,2023-2024,regular,2023-11-06,Wildcats,https://ormrhl.com/wp-content/uploads/2021/11/wildcats_logo-128x128.png,#D97B29,14,7,7,0,14,64,65,-1
Regular Season 2023-2024,2023-2024,regular,2023-11-09,Cobras,https://ormrhl.com/wp-content/uploads/2021/11/Cobras_Logo-128x128.png,#2B8C5C,15,8,7,0,16,92,85,7
Regular Season 2023-2024,2023-2024,regular,2023-11-09,Eagles,https://ormrhl.com/wp-content/uploads/2021/11/Eagles_logo-128x128.png,#A31E2E,15,7,8,0,14,74,78,-4
Regular Season 2023-2024,2023-2024,regular,2023-11-09,Falcons,https://ormrhl.com/wp-content/uploads/2021/11/falcons_icon-128x128.png,#233A6B,15,10,4,1,21,72,46,26
Regular Season 2023-2024,2023-2024,regular,2023-11-09,Grizzlies,https://ormrhl.com/wp-content/uploads/2022/09/grizzlies-128x128.png,#8B4A26,15,5,9,1,11,58,61,-3
Regular Season 2023-2024,2023-2024,regular,2023-11-09,Komodo Dragons,https://ormrhl.com/wp-content/uploads/2022/09/komodo-128x128.png,#3B6E2A,15,9,6,0,18,60,57,3
Regular Season 2023-2024,2023-2024,regular,2023-11-09,Marlins,https://ormrhl.com/wp-content/uploads/2021/11/marlins_logo-128x128.png,#1E8A8A,15,4,11,0,8,46,79,-33
Regular Season 2023-2024,2023-2024,regular,2023-11-09,Rhinos,https://ormrhl.com/wp-content/uploads/2021/11/Rhinos_logo-128x128.png,#6B6F76,15,8,7,0,16,67,63,4
Regular Season 2023-2024,2023-2024,regular,2023-11-09,Wildcats,https://ormrhl.com/wp-content/uploads/2021/11/wildcats_logo-128x128.png,#D97B29,15,8,7,0,16,72,72,0
Regular Season 2023-2024,2023-2024,regular,2023-11-13,Cobras,https://ormrhl.com/wp-content/uploads/2021/11/Cobras_Logo-128x128.png,#2B8C5C,16,8,8,0,16,95,89,6
Regular Season 2023-2024,2023-2024,regular,2023-11-13,Eagles,https://ormrhl.com/wp-content/uploads/2021/11/Eagles_logo-128x128.png,#A31E2E,16,8,8,0,16,83,83,0
Regular Season 2023-2024,2023-2024,regular,2023-11-13,Falcons,https://ormrhl.com/wp-content/uploads/2021/11/falcons_icon-128x128.png,#233A6B,16,10,5,1,21,74,49,25
Regular Season 2023-2024,2023-2024,regular,2023-11-13,Grizzlies,https://ormrhl.com/wp-content/uploads/2022/09/grizzlies-128x128.png,#8B4A26,16,5,10,1,11,60,64,-4
Regular Season 2023-2024,2023-2024,regular,2023-11-13,Komodo Dragons,https://ormrhl.com/wp-content/uploads/2022/09/komodo-128x128.png,#3B6E2A,16,10,6,0,20,64,60,4
Regular Season 2023-2024,2023-2024,regular,2023-11-13,Marlins,https://ormrhl.com/wp-content/uploads/2021/11/marlins_logo-128x128.png,#1E8A8A,16,4,12,0,8,51,88,-37
Regular Season 2023-2024,2023-2024,regular,2023-11-13,Rhinos,https://ormrhl.com/wp-content/uploads/2021/11/Rhinos_logo-128x128.png,#6B6F76,16,9,7,0,18,70,65,5
Regular Season 2023-2024,2023-2024,regular,2023-11-13,Wildcats,https://ormrhl.com/wp-content/uploads/2021/11/wildcats_logo-128x128.png,#D97B29,16,9,7,0,18,75,74,1
Regular Season 2023-2024,2023-2024,regular,2023-11-16,Cobras,https://ormrhl.com/wp-content/uploads/2021/11/Cobras_Logo-128x128.png,#2B8C5C,17,9,8,0,18,101,94,7
Regular Season 2023-2024,2023-2024,regular,2023-11-16,Eagles,https://ormrhl.com/wp-content/uploads/2021/11/Eagles_logo-128x128.png,#A31E2E,17,9,8,0,18,88,86,2
Regular Season 2023-2024,2023-2024,regular,2023-11-16,Falcons,https://ormrhl.com/wp-content/uploads/2021/11/falcons_icon-128x128.png,#233A6B,17,10,5,2,22,75,50,25
Regular Season 2023-2024,2023-2024,regular,2023-11-16,Grizzlies,https://ormrhl.com/wp-content/uploads/2022/09/grizzlies-128x128.png,#8B4A26,17,5,10,2,12,61,65,-4
Regular Season 2023-2024,2023-2024,regular,2023-11-16,Komodo Dragons,https://ormrhl.com/wp-content/uploads/2022/09/komodo-128x128.png,#3B6E2A,17,10,7,0,20,67,65,2
Regular Season 2023-2024,2023-2024,regular,2023-11-16,Marlins,https://ormrhl.com/wp-content/uploads/2021/11/marlins_logo-128x128.png,#1E8A8A,17,4,13,0,8,56,94,-38
Regular Season 2023-2024,2023-2024,regular,2023-11-16,Rhinos,https://ormrhl.com/wp-content/uploads/2021/11/Rhinos_logo-128x128.png,#6B6F76,17,9,8,0,18,74,71,3
Regular Season 2023-2024,2023-2024,regular,2023-11-16,Wildcats,https://ormrhl.com/wp-content/uploads/2021/11/wildcats_logo-128x128.png,#D97B29,17,10,7,0,20,81,78,3
Regular Season 2023-2024,2023-2024,regular,2023-11-20,Cobras,https://ormrhl.com/wp-content/uploads/2021/11/Cobras_Logo-128x128.png,#2B8C5C,18,9,8,1,19,106,99,7
Regular Season 2023-2024,2023-2024,regular,2023-11-20,Eagles,https://ormrhl.com/wp-content/uploads/2021/11/Eagles_logo-128x128.png,#A31E2E,18,9,8,1,19,93,91,2
Regular Season 2023-2024,2023-2024,regular,2023-11-20,Falcons,https://ormrhl.com/wp-content/uploads/2021/11/falcons_icon-128x128.png,#233A6B,18,10,6,2,22,78,54,24
Regular Season 2023-2024,2023-2024,regular,2023-11-20,Grizzlies,https://ormrhl.com/wp-content/uploads/2022/09/grizzlies-128x128.png,#8B4A26,18,5,11,2,12,63,73,-10
Regular Season 2023-2024,2023-2024,regular,2023-11-20,Komodo Dragons,https://ormrhl.com/wp-content/uploads/2022/09/komodo-128x128.png,#3B6E2A,18,10,8,0,20,70,71,-1
Regular Season 2023-2024,2023-2024,regular,2023-11-20,Marlins,https://ormrhl.com/wp-content/uploads/2021/11/marlins_logo-128x128.png,#1E8A8A,18,5,13,0,10,62,97,-35
Regular Season 2023-2024,2023-2024,regular,2023-11-20,Rhinos,https://ormrhl.com/wp-content/uploads/2021/11/Rhinos_logo-128x128.png,#6B6F76,18,10,8,0,20,82,73,9
Regular Season 2023-2024,2023-2024,regular,2023-11-20,Wildcats,https://ormrhl.com/wp-content/uploads/2021/11/wildcats_logo-128x128.png,#D97B29,18,11,7,0,22,85,81,4
Regular Season 2023-2024,2023-2024,regular,2023-11-23,Cobras,https://ormrhl.com/wp-content/uploads/2021/11/Cobras_Logo-128x128.png,#2B8C5C,19,10,8,1,21,111,103,8
Regular Season 2023-2024,2023-2024,regular,2023-11-23,Eagles,https://ormrhl.com/wp-content/uploads/2021/11/Eagles_logo-128x128.png,#A31E2E,19,9,8,2,20,98,96,2
Regular Season 2023-2024,2023-2024,regular,2023-11-23,Falcons,https://ormrhl.com/wp-content/uploads/2021/11/falcons_icon-128x128.png,#233A6B,19,11,6,2,24,85,56,29
Regular Season 2023-2024,2023-2024,regular,2023-11-23,Grizzlies,https://ormrhl.com/wp-content/uploads/2022/09/grizzlies-128x128.png,#8B4A26,19,5,12,2,12,67,78,-11
Regular Season 2023-2024,2023-2024,regular,2023-11-23,Komodo Dragons,https://ormrhl.com/wp-content/uploads/2022/09/komodo-128x128.png,#3B6E2A,19,11,8,0,22,76,75,1
Regular Season 2023-2024,2023-2024,regular,2023-11-23,Marlins,https://ormrhl.com/wp-content/uploads/2021/11/marlins_logo-128x128.png,#1E8A8A,19,5,14,0,10,64,104,-40
Regular Season 2023-2024,2023-2024,regular,2023-11-23,Rhinos,https://ormrhl.com/wp-content/uploads/2021/11/Rhinos_logo-128x128.png,#6B6F76,19,10,8,1,21,87,78,9
Regular Season 2023-2024,2023-2024,regular,2023-11-23,Wildcats,https://ormrhl.com/wp-content/uploads/2021/11/wildcats_logo-128x128.png,#D97B29,19,11,8,0,22,89,87,2
Regular Season 2023-2024,2023-2024,regular,2023-11-27,Cobras,https://ormrhl.com/wp-content/uploads/2021/11/Cobras_Logo-128x128.png,#2B8C5C,20,11,8,1,23,119,106,13
Regular Season 2023-2024,2023-2024,regular,2023-11-27,Eagles,https://ormrhl.com/wp-content/uploads/2021/11/Eagles_logo-128x128.png,#A31E2E,20,9,9,2,20,99,104,-5
Regular Season 2023-2024,2023-2024,regular,2023-11-27,Falcons,https://ormrhl.com/wp-content/uploads/2021/11/falcons_icon-128x128.png,#233A6B,20,11,7,2,24,88,64,24
Regular Season 2023-2024,2023-2024,regular,2023-11-27,Grizzlies,https://ormrhl.com/wp-content/uploads/2022/09/grizzlies-128x128.png,#8B4A26,20,6,12,2,14,75,79,-4
Regular Season 2023-2024,2023-2024,regular,2023-11-27,Komodo Dragons,https://ormrhl.com/wp-content/uploads/2022/09/komodo-128x128.png,#3B6E2A,20,12,8,0,24,80,78,2
Regular Season 2023-2024,2023-2024,regular,2023-11-27,Marlins,https://ormrhl.com/wp-content/uploads/2021/11/marlins_logo-128x128.png,#1E8A8A,20,5,15,0,10,70,113,-43
Regular Season 2023-2024,2023-2024,regular,2023-11-27,Rhinos,https://ormrhl.com/wp-content/uploads/2021/11/Rhinos_logo-128x128.png,#6B6F76,20,10,9,1,21,90,82,8
Regular Season 2023-2024,2023-2024,regular,2023-11-27,Wildcats,https://ormrhl.com/wp-content/uploads/2021/11/wildcats_logo-128x128.png,#D97B29,20,12,8,0,24,98,93,5
Regular Season 2023-2024,2023-2024,regular,2023-11-30,Cobras,https://ormrhl.com/wp-content/uploads/2021/11/Cobras_Logo-128x128.png,#2B8C5C,21,12,8,1,25,123,108,15
Regular Season 2023-2024,2023-2024,regular,2023-11-30,Eagles,https://ormrhl.com/wp-content/uploads/2021/11/Eagles_logo-128x128.png,#A31E2E,21,10,9,2,22,104,106,-2
Regular Season 2023-2024,2023-2024,regular,2023-11-30,Falcons,https://ormrhl.com/wp-content/uploads/2021/11/falcons_icon-128x128.png,#233A6B,21,11,8,2,24,89,66,23
Regular Season 2023-2024,2023-2024,regular,2023-11-30,Grizzlies,https://ormrhl.com/wp-content/uploads/2022/09/grizzlies-128x128.png,#8B4A26,21,7,12,2,16,81,82,-1
Regular Season 2023-2024,2023-2024,regular,2023-11-30,Komodo Dragons,https://ormrhl.com/wp-content/uploads/2022/09/komodo-128x128.png,#3B6E2A,21,13,8,0,26,82,79,3
Regular Season 2023-2024,2023-2024,regular,2023-11-30,Marlins,https://ormrhl.com/wp-content/uploads/2021/11/marlins_logo-128x128.png,#1E8A8A,21,5,16,0,10,73,119,-46
Regular Season 2023-2024,2023-2024,regular,2023-11-30,Rhinos,https://ormrhl.com/wp-content/uploads/2021/11/Rhinos_logo-128x128.png,#6B6F76,21,10,10,1,21,92,86,6
Regular Season 2023-2024,2023-2024,regular,2023-11-30,Wildcats,https://ormrhl.com/wp-content/uploads/2021/11/wildcats_logo-128x128.png,#D97B29,21,12,9,0,24,100,98,2
Regular Season 2023-2024,2023-2024,regular,2023-12-04,Cobras,https://ormrhl.com/wp-content/uploads/2021/11/Cobras_Logo-128x128.png,#2B8C5C,22,13,8,1,27,131,113,18
Regular Season 2023-2024,2023-2024,regular,2023-12-04,Eagles,https://ormrhl.com/wp-content/uploads/2021/11/Eagles_logo-128x128.png,#A31E2E,22,10,10,2,22,108,117,-9
Regular Season 2023-2024,2023-2024,regular,2023-12-04,Falcons,https://ormrhl.com/wp-content/uploads/2021/11/falcons_icon-128x128.png,#233A6B,22,12,8,2,26,100,70,30
Regular Season 2023-2024,2023-2024,regular,2023-12-04,Grizzlies,https://ormrhl.com/wp-content/uploads/2022/09/grizzlies-128x128.png,#8B4A26,22,7,13,2,16,82,87,-5
Regular Season 2023-2024,2023-2024,regular,2023-12-04,Komodo Dragons,https://ormrhl.com/wp-content/uploads/2022/09/komodo-128x128.png,#3B6E2A,22,14,8,0,28,87,80,7
Regular Season 2023-2024,2023-2024,regular,2023-12-04,Marlins,https://ormrhl.com/wp-content/uploads/2021/11/marlins_logo-128x128.png,#1E8A8A,22,5,17,0,10,78,127,-49
Regular Season 2023-2024,2023-2024,regular,2023-12-04,Rhinos,https://ormrhl.com/wp-content/uploads/2021/11/Rhinos_logo-128x128.png,#6B6F76,22,11,10,1,23,100,91,9
Regular Season 2023-2024,2023-2024,regular,2023-12-04,Wildcats,https://ormrhl.com/wp-content/uploads/2021/11/wildcats_logo-128x128.png,#D97B29,22,12,10,0,24,105,106,-1
Regular Season 2023-2024,2023-2024,regular,2023-12-07,Cobras,https://ormrhl.com/wp-content/uploads/2021/11/Cobras_Logo-128x128.png,#2B8C5C,23,14,8,1,29,138,118,20
Regular Season 2023-2024,2023-2024,regular,2023-12-07,Eagles,https://ormrhl.com/wp-content/uploads/2021/11/Eagles_logo-128x128.png,#A31E2E,23,10,11,2,22,109,128,-19
Regular Season 2023-2024,2023-2024,regular,2023-12-07,Falcons,https://ormrhl.com/wp-content/uploads/2021/11/falcons_icon-128x128.png,#233A6B,23,12,9,2,26,103,75,28
Regular Season 2023-2024,2023-2024,regular,2023-12-07,Grizzlies,https://ormrhl.com/wp-content/uploads/2022/09/grizzlies-128x128.png,#8B4A26,23,7,14,2,16,83,90,-7
Regular Season 2023-2024,2023-2024,regular,2023-12-07,Komodo Dragons,https://ormrhl.com/wp-content/uploads/2022/09/komodo-128x128.png,#3B6E2A,23,14,9,0,28,92,87,5
Regular Season 2023-2024,2023-2024,regular,2023-12-07,Marlins,https://ormrhl.com/wp-content/uploads/2021/11/marlins_logo-128x128.png,#1E8A8A,23,6,17,0,12,89,128,-39
Regular Season 2023-2024,2023-2024,regular,2023-12-07,Rhinos,https://ormrhl.com/wp-content/uploads/2021/11/Rhinos_logo-128x128.png,#6B6F76,23,12,10,1,25,105,94,11
Regular Season 2023-2024,2023-2024,regular,2023-12-07,Wildcats,https://ormrhl.com/wp-content/uploads/2021/11/wildcats_logo-128x128.png,#D97B29,23,13,10,0,26,108,107,1
Regular Season 2023-2024,2023-2024,regular,2023-12-11,Cobras,https://ormrhl.com/wp-content/uploads/2021/11/Cobras_Logo-128x128.png,#2B8C5C,24,14,9,1,29,142,125,17
Regular Season 2023-2024,2023-2024,regular,2023-12-11,Eagles,https://ormrhl.com/wp-content/uploads/2021/11/Eagles_logo-128x128.png,#A31E2E,24,10,11,3,23,115,134,-19
Regular Season 2023-2024,2023-2024,regular,2023-12-11,Falcons,https://ormrhl.com/wp-content/uploads/2021/11/falcons_icon-128x128.png,#233A6B,24,13,9,2,28,109,79,30
Regular Season 2023-2024,2023-2024,regular,2023-12-11,Grizzlies,https://ormrhl.com/wp-content/uploads/2022/09/grizzlies-128x128.png,#8B4A26,24,8,14,2,18,90,94,-4
Regular Season 2023-2024,2023-2024,regular,2023-12-11,Komodo Dragons,https://ormrhl.com/wp-content/uploads/2022/09/komodo-128x128.png,#3B6E2A,24,15,9,0,30,98,87,11
Regular Season 2023-2024,2023-2024,regular,2023-12-11,Marlins,https://ormrhl.com/wp-content/uploads/2021/11/marlins_logo-128x128.png,#1E8A8A,24,6,18,0,12,93,134,-41
Regular Season 2023-2024,2023-2024,regular,2023-12-11,Rhinos,https://ormrhl.com/wp-content/uploads/2021/11/Rhinos_logo-128x128.png,#6B6F76,24,12,10,2,26,111,100,11
Regular Season 2023-2024,2023-2024,regular,2023-12-11,Wildcats,https://ormrhl.com/wp-content/uploads/2021/11/wildcats_logo-128x128.png,#D97B29,24,13,11,0,26,108,113,-5
Regular Season 2023-2024,2023-2024,regular,2023-12-14,Cobras,https://ormrhl.com/wp-content/uploads/2021/11/Cobras_Logo-128x128.png,#2B8C5C,25,15,9,1,31,150,131,19
Regular Season 2023-2024,2023-2024,regular,2023-12-14,Eagles,https://ormrhl.com/wp-content/uploads/2021/11/Eagles_logo-128x128.png,#A31E2E,25,10,12,3,23,121,142,-21
Regular Season 2023-2024,2023-2024,regular,2023-12-14,Falcons,https://ormrhl.com/wp-content/uploads/2021/11/falcons_icon-128x128.png,#233A6B,25,13,10,2,28,110,82,28
Regular Season 2023-2024,2023-2024,regular,2023-12-14,Grizzlies,https://ormrhl.com/wp-content/uploads/2022/09/grizzlies-128x128.png,#8B4A26,25,8,15,2,18,92,101,-9
Regular Season 2023-2024,2023-2024,regular,2023-12-14,Komodo Dragons,https://ormrhl.com/wp-content/uploads/2022/09/komodo-128x128.png,#3B6E2A,25,16,9,0,32,108,90,18
Regular Season 2023-2024,2023-2024,regular,2023-12-14,Marlins,https://ormrhl.com/wp-content/uploads/2021/11/marlins_logo-128x128.png,#1E8A8A,25,6,19,0,12,96,144,-48
Regular Season 2023-2024,2023-2024,regular,2023-12-14,Rhinos,https://ormrhl.com/wp-content/uploads/2021/11/Rhinos_logo-128x128.png,#6B6F76,25,13,10,2,28,118,102,16
Regular Season 2023-2024,2023-2024,regular,2023-12-14,Wildcats,https://ormrhl.com/wp-content/uploads/2021/11/wildcats_logo-128x128.png,#D97B29,25,14,11,0,28,111,114,-3
Regular Season 2023-2024,2023-2024,regular,2023-12-18,Cobras,https://ormrhl.com/wp-content/uploads/2021/11/Cobras_Logo-128x128.png,#2B8C5C,26,15,10,1,31,154,139,15
Regular Season 2023-2024,2023-2024,regular,2023-12-18,Eagles,https://ormrhl.com/wp-content/uploads/2021/11/Eagles_logo-128x128.png,#A31E2E,26,10,13,3,23,122,149,-27
Regular Season 2023-2024,2023-2024,regular,2023-12-18,Falcons,https://ormrhl.com/wp-content/uploads/2021/11/falcons_icon-128x128.png,#233A6B,26,14,10,2,30,118,86,32
Regular Season 2023-2024,2023-2024,regular,2023-12-18,Grizzlies,https://ormrhl.com/wp-content/uploads/2022/09/grizzlies-128x128.png,#8B4A26,26,9,15,2,20,99,102,-3
Regular Season 2023-2024,2023-2024,regular,2023-12-18,Komodo Dragons,https://ormrhl.com/wp-content/uploads/2022/09/komodo-128x128.png,#3B6E2A,26,17,9,0,34,118,95,23
Regular Season 2023-2024,2023-2024,regular,2023-12-18,Marlins,https://ormrhl.com/wp-content/uploads/2021/11/marlins_logo-128x128.png,#1E8A8A,26,6,19,1,13,102,150,-48
Regular Season 2023-2024,2023-2024,regular,2023-12-18,Rhinos,https://ormrhl.com/wp-content/uploads/2021/11/Rhinos_logo-128x128.png,#6B6F76,26,13,11,2,28,123,112,11
Regular Season 2023-2024,2023-2024,regular,2023-12-18,Wildcats,https://ormrhl.com/wp-content/uploads/2021/11/wildcats_logo-128x128.png,#D97B29,26,14,11,1,29,117,120,-3
Regular Season 2023-2024,2023-2024,regular,2023-12-21,Cobras,https://ormrhl.com/wp-content/uploads/2021/11/Cobras_Logo-128x128.png,#2B8C5C,27,16,10,1,33,158,142,16
Regular Season 2023-2024,2023-2024,regular,2023-12-21,Eagles,https://ormrhl.com/wp-content/uploads/2021/11/Eagles_logo-128x128.png,#A31E2E,27,11,13,3,25,128,153,-25
Regular Season 2023-2024,2023-2024,regular,2023-12-21,Falcons,https://ormrhl.com/wp-content/uploads/2021/11/falcons_icon-128x128.png,#233A6B,27,14,10,3,31,121,89,32
Regular Season 2023-2024,2023-2024,regular,2023-12-21,Grizzlies,https://ormrhl.com/wp-content/uploads/2022/09/grizzlies-128x128.png,#8B4A26,27,9,15,3,21,102,105,-3
Regular Season 2023-2024,2023-2024,regular,2023-12-21,Komodo Dragons,https://ormrhl.com/wp-content/uploads/2022/09/komodo-128x128.png,#3B6E2A,27,17,10,0,34,122,101,21
Regular Season 2023-2024,2023-2024,regular,2023-12-21,Marlins,https://ormrhl.com/wp-content/uploads/2021/11/marlins_logo-128x128.png,#1E8A8A,27,6,20,1,13,105,154,-49
Regular Season 2023-2024,2023-2024,regular,2023-12-21,Rhinos,https://ormrhl.com/wp-content/uploads/2021/11/Rhinos_logo-128x128.png,#6B6F76,27,13,12,2,28,127,117,10
Regular Season 2023-2024,2023-2024,regular,2023-12-21,Wildcats,https://ormrhl.com/wp-content/uploads/2021/11/wildcats_logo-128x128.png,#D97B29,27,15,11,1,31,122,124,-2
Regular Season 2023-2024,2023-2024,regular,2024-01-04,Cobras,https://ormrhl.com/wp-content/uploads/2021/11/Cobras_Logo-128x128.png,#2B8C5C,28,16,11,1,33,163,148,15
Regular Season 2023-2024,2023-2024,regular,2024-01-04,Eagles,https://ormrhl.com/wp-content/uploads/2021/11/Eagles_logo-128x128.png,#A31E2E,28,12,13,3,27,134,158,-24
Regular Season 2023-2024,2023-2024,regular,2024-01-04,Falcons,https://ormrhl.com/wp-content/uploads/2021/11/falcons_icon-128x128.png,#233A6B,28,14,11,3,31,122,91,31
Regular Season 2023-2024,2023-2024,regular,2024-01-04,Grizzlies,https://ormrhl.com/wp-content/uploads/2022/09/grizzlies-128x128.png,#8B4A26,28,10,15,3,23,107,107,0
Regular Season 2023-2024,2023-2024,regular,2024-01-04,Komodo Dragons,https://ormrhl.com/wp-content/uploads/2022/09/komodo-128x128.png,#3B6E2A,28,17,11,0,34,126,106,20
Regular Season 2023-2024,2023-2024,regular,2024-01-04,Marlins,https://ormrhl.com/wp-content/uploads/2021/11/marlins_logo-128x128.png,#1E8A8A,28,7,20,1,15,110,158,-48
Regular Season 2023-2024,2023-2024,regular,2024-01-04,Rhinos,https://ormrhl.com/wp-content/uploads/2021/11/Rhinos_logo-128x128.png,#6B6F76,28,13,13,2,28,129,122,7
Regular Season 2023-2024,2023-2024,regular,2024-01-04,Wildcats,https://ormrhl.com/wp-content/uploads/2021/11/wildcats_logo-128x128.png,#D97B29,28,16,11,1,33,124,125,-1
Regular Season 2023-2024,2023-2024,regular,2024-01-08,Cobras,https://ormrhl.com/wp-content/uploads/2021/11/Cobras_Logo-128x128.png,#2B8C5C,29,17,11,1,35,167,150,17
Regular Season 2023-2024,2023-2024,regular,2024-01-08,Eagles,https://ormrhl.com/wp-content/uploads/2021/11/Eagles_logo-128x128.png,#A31E2E,29,12,14,3,27,137,164,-27
Regular Season 2023-2024,2023-2024,regular,2024-01-08,Falcons,https://ormrhl.com/wp-content/uploads/2021/11/falcons_icon-128x128.png,#233A6B,29,14,12,3,31,124,95,29
Regular Season 2023-2024,2023-2024,regular,2024-01-08,Grizzlies,https://ormrhl.com/wp-content/uploads/2022/09/grizzlies-128x128.png,#8B4A26,29,10,16,3,23,109,111,-2
Regular Season 2023-2024,2023-2024,regular,2024-01-08,Komodo Dragons,https://ormrhl.com/wp-content/uploads/2022/09/komodo-128x128.png,#3B6E2A,29,18,11,0,36,131,110,21
Regular Season 2023-2024,2023-2024,regular,2024-01-08,Marlins,https://ormrhl.com/wp-content/uploads/2021/11/marlins_logo-128x128.png,#1E8A8A,29,8,20,1,17,114,160,-46
Regular Season 2023-2024,2023-2024,regular,2024-01-08,Rhinos,https://ormrhl.com/wp-content/uploads/2021/11/Rhinos_logo-128x128.png,#6B6F76,29,14,13,2,30,135,125,10
Regular Season 2023-2024,2023-2024,regular,2024-01-08,Wildcats,https://ormrhl.com/wp-content/uploads/2021/11/wildcats_logo-128x128.png,#D97B29,29,16,12,1,33,128,130,-2
Regular Season 2023-2024,2023-2024,regular,2024-01-11,Cobras,https://ormrhl.com/wp-content/uploads/2021/11/Cobras_Logo-128x128.png,#2B8C5C,30,18,11,1,37,170,152,18
Regular Season 2023-2024,2023-2024,regular,2024-01-11,Eagles,https://ormrhl.com/wp-content/uploads/2021/11/Eagles_logo-128x128.png,#A31E2E,30,13,14,3,29,139,164,-25
Regular Season 2023-2024,2023-2024,regular,2024-01-11,Falcons,https://ormrhl.com/wp-content/uploads/2021/11/falcons_icon-128x128.png,#233A6B,30,14,13,3,31,126,98,28
Regular Season 2023-2024,2023-2024,regular,2024-01-11,Grizzlies,https://ormrhl.com/wp-content/uploads/2022/09/grizzlies-128x128.png,#8B4A26,30,10,17,3,23,109,113,-4
Regular Season 2023-2024,2023-2024,regular,2024-01-11,Komodo Dragons,https://ormrhl.com/wp-content/uploads/2022/09/komodo-128x128.png,#3B6E2A,30,19,11,0,38,138,114,24
Regular Season 2023-2024,2023-2024,regular,2024-01-11,Marlins,https://ormrhl.com/wp-content/uploads/2021/11/marlins_logo-128x128.png,#1E8A8A,30,8,21,1,17,116,166,-50
Regular Season 2023-2024,2023-2024,regular,2024-01-11,Rhinos,https://ormrhl.com/wp-content/uploads/2021/11/Rhinos_logo-128x128.png,#6B6F76,30,14,14,2,30,139,132,7
Regular Season 2023-2024,2023-2024,regular,2024-01-11,Wildcats,https://ormrhl.com/wp-content/uploads/2021/11/wildcats_logo-128x128.png,#D97B29,30,17,12,1,35,134,132,2
Regular Season 2023-2024,2023-2024,regular,2024-01-15,Cobras,https://ormrhl.com/wp-content/uploads/2021/11/Cobras_Logo-128x128.png,#2B8C5C,31,19,11,1,39,180,156,24
Regular Season 2023-2024,2023-2024,regular,2024-01-15,Eagles,https://ormrhl.com/wp-content/uploads/2021/11/Eagles_logo-128x128.png,#A31E2E,31,14,14,3,31,144,166,-22
Regular Season 2023-2024,2023-2024,regular,2024-01-15,Falcons,https://ormrhl.com/wp-content/uploads/2021/11/falcons_icon-128x128.png,#233A6B,31,14,14,3,31,128,103,25
Regular Season 2023-2024,2023-2024,regular,2024-01-15,Grizzlies,https://ormrhl.com/wp-content/uploads/2022/09/grizzlies-128x128.png,#8B4A26,31,10,18,3,23,113,118,-5
Regular Season 2023-2024,2023-2024,regular,2024-01-15,Komodo Dragons,https://ormrhl.com/wp-content/uploads/2022/09/komodo-128x128.png,#3B6E2A,31,20,11,0,40,143,118,25
Regular Season 2023-2024,2023-2024,regular,2024-01-15,Marlins,https://ormrhl.com/wp-content/uploads/2021/11/marlins_logo-128x128.png,#1E8A8A,31,8,22,1,17,118,169,-51
Regular Season 2023-2024,2023-2024,regular,2024-01-15,Rhinos,https://ormrhl.com/wp-content/uploads/2021/11/Rhinos_logo-128x128.png,#6B6F76,31,15,14,2,32,142,134,8
Regular Season 2023-2024,2023-2024,regular,2024-01-15,Wildcats,https://ormrhl.com/wp-content/uploads/2021/11/wildcats_logo-128x128.png,#D97B29,31,17,13,1,35,138,142,-4
Regular Season 2023-2024,2023-2024,regular,2024-01-18,Cobras,https://ormrhl.com/wp-content/uploads/2021/11/Cobras_Logo-128x128.png,#2B8C5C,32,20,11,1,41,189,160,29
Regular Season 2023-2024,2023-2024,regular,2024-01-18,Eagles,https://ormrhl.com/wp-content/uploads/2021/11/Eagles_logo-128x128.png,#A31E2E,32,14,15,3,31,147,172,-25
Regular Season 2023-2024,2023-2024,regular,2024-01-18,Falcons,https://ormrhl.com/wp-content/uploads/2021/11/falcons_icon-128x128.png,#233A6B,32,15,14,3,33,132,106,26
Regular Season 2023-2024,2023-2024,regular,2024-01-18,Grizzlies,https://ormrhl.com/wp-content/uploads/2022/09/grizzlies-128x128.png,#8B4A26,32,10,19,3,23,117,124,-7
Regular Season 2023-2024,2023-2024,regular,2024-01-18,Komodo Dragons,https://ormrhl.com/wp-content/uploads/2022/09/komodo-128x128.png,#3B6E2A,32,20,12,0,40,146,122,24
Regular Season 2023-2024,2023-2024,regular,2024-01-18,Marlins,https://ormrhl.com/wp-content/uploads/2021/11/marlins_logo-128x128.png,#1E8A8A,32,9,22,1,19,124,173,-49
Regular Season 2023-2024,2023-2024,regular,2024-01-18,Rhinos,https://ormrhl.com/wp-content/uploads/2021/11/Rhinos_logo-128x128.png,#6B6F76,32,15,15,2,32,146,143,3
Regular Season 2023-2024,2023-2024,regular,2024-01-18,Wildcats,https://ormrhl.com/wp-content/uploads/2021/11/wildcats_logo-128x128.png,#D97B29,32,18,13,1,37,144,145,-1
Regular Season 2023-2024,2023-2024,regular,2024-01-22,Cobras,https://ormrhl.com/wp-content/uploads/2021/11/Cobras_Logo-128x128.png,#2B8C5C,33,21,11,1,43,196,163,33
Regular Season 2023-2024,2023-2024,regular,2024-01-22,Eagles,https://ormrhl.com/wp-content/uploads/2021/11/Eagles_logo-128x128.png,#A31E2E,33,15,15,3,33,149,173,-24
Regular Season 2023-2024,2023-2024,regular,2024-01-22,Falcons,https://ormrhl.com/wp-content/uploads/2021/11/falcons_icon-128x128.png,#233A6B,33,16,14,3,35,138,110,28
Regular Season 2023-2024,2023-2024,regular,2024-01-22,Grizzlies,https://ormrhl.com/wp-content/uploads/2022/09/grizzlies-128x128.png,#8B4A26,33,10,20,3,23,121,130,-9
Regular Season 2023-2024,2023-2024,regular,2024-01-22,Komodo Dragons,https://ormrhl.com/wp-content/uploads/2022/09/komodo-128x128.png,#3B6E2A,33,20,13,0,40,147,124,23
Regular Season 2023-2024,2023-2024,regular,2024-01-22,Marlins,https://ormrhl.com/wp-content/uploads/2021/11/marlins_logo-128x128.png,#1E8A8A,33,9,23,1,19,127,180,-53
Regular Season 2023-2024,2023-2024,regular,2024-01-22,Rhinos,https://ormrhl.com/wp-content/uploads/2021/11/Rhinos_logo-128x128.png,#6B6F76,33,15,16,2,32,152,152,0
Regular Season 2023-2024,2023-2024,regular,2024-01-22,Wildcats,https://ormrhl.com/wp-content/uploads/2021/11/wildcats_logo-128x128.png,#D97B29,33,19,13,1,39,153,151,2
Regular Season 2023-2024,2023-2024,regular,2024-01-25,Cobras,https://ormrhl.com/wp-content/uploads/2021/11/Cobras_Logo-128x128.png,#2B8C5C,34,21,11,2,44,203,170,33
Regular Season 2023-2024,2023-2024,regular,2024-01-25,Eagles,https://ormrhl.com/wp-content/uploads/2021/11/Eagles_logo-128x128.png,#A31E2E,34,16,15,3,35,152,175,-23
Regular Season 2023-2024,2023-2024,regular,2024-01-25,Falcons,https://ormrhl.com/wp-content/uploads/2021/11/falcons_icon-128x128.png,#233A6B,34,17,14,3,37,143,113,30
Regular Season 2023-2024,2023-2024,regular,2024-01-25,Grizzlies,https://ormrhl.com/wp-content/uploads/2022/09/grizzlies-128x128.png,#8B4A26,34,11,20,3,25,128,135,-7
Regular Season 2023-2024,2023-2024,regular,2024-01-25,Komodo Dragons,https://ormrhl.com/wp-content/uploads/2022/09/komodo-128x128.png,#3B6E2A,34,20,13,1,41,154,131,23
Regular Season 2023-2024,2023-2024,regular,2024-01-25,Marlins,https://ormrhl.com/wp-content/uploads/2021/11/marlins_logo-128x128.png,#1E8A8A,34,9,24,1,19,129,183,-54
Regular Season 2023-2024,2023-2024,regular,2024-01-25,Rhinos,https://ormrhl.com/wp-content/uploads/2021/11/Rhinos_logo-128x128.png,#6B6F76,34,15,17,2,32,155,157,-2
Regular Season 2023-2024,2023-2024,regular,2024-01-25,Wildcats,https://ormrhl.com/wp-content/uploads/2021/11/wildcats_logo-128x128.png,#D97B29,34,19,14,1,39,158,158,0
Regular Season 2023-2024,2023-2024,regular,2024-01-29,Cobras,https://ormrhl.com/wp-content/uploads/2021/11/Cobras_Logo-128x128.png,#2B8C5C,35,21,12,2,44,207,181,26
Regular Season 2023-2024,2023-2024,regular,2024-01-29,Eagles,https://ormrhl.com/wp-content/uploads/2021/11/Eagles_logo-128x128.png,#A31E2E,35,17,15,3,37,162,175,-13
Regular Season 2023-2024,2023-2024,regular,2024-01-29,Falcons,https://ormrhl.com/wp-content/uploads/2021/11/falcons_icon-128x128.png,#233A6B,35,18,14,3,39,146,115,31
Regular Season 2023-2024,2023-2024,regular,2024-01-29,Grizzlies,https://ormrhl.com/wp-content/uploads/2022/09/grizzlies-128x128.png,#8B4A26,35,12,20,3,27,139,139,0
Regular Season 2023-2024,2023-2024,regular,2024-01-29,Komodo Dragons,https://ormrhl.com/wp-content/uploads/2022/09/komodo-128x128.png,#3B6E2A,35,20,14,1,41,154,133,21
Regular Season 2023-2024,2023-2024,regular,2024-01-29,Marlins,https://ormrhl.com/wp-content/uploads/2021/11/marlins_logo-128x128.png,#1E8A8A,35,9,25,1,19,131,186,-55
Regular Season 2023-2024,2023-2024,regular,2024-01-29,Rhinos,https://ormrhl.com/wp-content/uploads/2021/11/Rhinos_logo-128x128.png,#6B6F76,35,15,18,2,32,155,167,-12
Regular Season 2023-2024,2023-2024,regular,2024-01-29,Wildcats,https://ormrhl.com/wp-content/uploads/2021/11/wildcats_logo-128x128.png,#D97B29,35,20,14,1,41,160,158,2
Regular Season 2023-2024,2023-2024,regular,2024-02-01,Cobras,https://ormrhl.com/wp-content/uploads/2021/11/Cobras_Logo-128x128.png,#2B8C5C,36,22,12,2,46,216,184,32
Regular Season 2023-2024,2023-2024,regular,2024-02-01,Eagles,https://ormrhl.com/wp-content/uploads/2021/11/Eagles_logo-128x128.png,#A31E2E,36,17,16,3,37,165,184,-19
Regular Season 2023-2024,2023-2024,regular,2024-02-01,Falcons,https://ormrhl.com/wp-content/uploads/2021/11/falcons_icon-128x128.png,#233A6B,36,18,15,3,39,148,119,29
Regular Season 2023-2024,2023-2024,regular,2024-02-01,Grizzlies,https://ormrhl.com/wp-content/uploads/2022/09/grizzlies-128x128.png,#8B4A26,36,13,20,3,29,143,139,4
Regular Season 2023-2024,2023-2024,regular,2024-02-01,Komodo Dragons,https://ormrhl.com/wp-content/uploads/2022/09/komodo-128x128.png,#3B6E2A,36,20,15,1,41,159,139,20
Regular Season 2023-2024,2023-2024,regular,2024-02-01,Marlins,https://ormrhl.com/wp-content/uploads/2021/11/marlins_logo-128x128.png,#1E8A8A,36,10,25,1,21,137,191,-54
Regular Season 2023-2024,2023-2024,regular,2024-02-01,Rhinos,https://ormrhl.com/wp-content/uploads/2021/11/Rhinos_logo-128x128.png,#6B6F76,36,15,19,2,32,155,171,-16
Regular Season 2023-2024,2023-2024,regular,2024-02-01,Wildcats,https://ormrhl.com/wp-content/uploads/2021/11/wildcats_logo-128x128.png,#D97B29,36,21,14,1,43,164,160,4
Regular Season 2023-2024,2023-2024,regular,2024-02-05,Cobras,https://ormrhl.com/wp-content/uploads/2021/11/Cobras_Logo-128x128.png,#2B8C5C,37,22,13,2,46,221,190,31
Regular Season 2023-2024,2023-2024,regular,2024-02-05,Eagles,https://ormrhl.com/wp-content/uploads/2021/11/Eagles_logo-128x128.png,#A31E2E,37,18,16,3,39,175,189,-14
Regular Season 2023-2024,2023-2024,regular,2024-02-05,Falcons,https://ormrhl.com/wp-content/uploads/2021/11/falcons_icon-128x128.png,#233A6B,37,19,15,3,41,152,120,32
Regular Season 2023-2024,2023-2024,regular,2024-02-05,Grizzlies,https://ormrhl.com/wp-content/uploads/2022/09/grizzlies-128x128.png,#8B4A26,37,13,21,3,29,145,144,1
Regular Season 2023-2024,2023-2024,regular,2024-02-05,Komodo Dragons,https://ormrhl.com/wp-content/uploads/2022/09/komodo-128x128.png,#3B6E2A,37,20,16,1,41,160,143,17
Regular Season 2023-2024,2023-2024,regular,2024-02-05,Marlins,https://ormrhl.com/wp-content/uploads/2021/11/marlins_logo-128x128.png,#1E8A8A,37,11,25,1,23,142,193,-51
Regular Season 2023-2024,2023-2024,regular,2024-02-05,Rhinos,https://ormrhl.com/wp-content/uploads/2021/11/Rhinos_logo-128x128.png,#6B6F76,37,16,19,2,34,161,176,-15
Regular Season 2023-2024,2023-2024,regular,2024-02-05,Wildcats,https://ormrhl.com/wp-content/uploads/2021/11/wildcats_logo-128x128.png,#D97B29,37,21,15,1,43,169,170,-1
Regular Season 2023-2024,2023-2024,regular,2024-02-08,Cobras,https://ormrhl.com/wp-content/uploads/2021/11/Cobras_Logo-128x128.png,#2B8C5C,38,22,14,2,46,225,195,30
Regular Season 2023-2024,2023-2024,regular,2024-02-08,Eagles,https://ormrhl.com/wp-content/uploads/2021/11/Eagles_logo-128x128.png,#A31E2E,38,19,16,3,41,179,191,-12
Regular Season 2023-2024,2023-2024,regular,2024-02-08,Falcons,https://ormrhl.com/wp-content/uploads/2021/11/falcons_icon-128x128.png,#233A6B,38,20,15,3,43,157,124,33
Regular Season 2023-2024,2023-2024,regular,2024-02-08,Grizzlies,https://ormrhl.com/wp-content/uploads/2022/09/grizzlies-128x128.png,#8B4A26,38,13,22,3,29,147,148,-1
Regular Season 2023-2024,2023-2024,regular,2024-02-08,Komodo Dragons,https://ormrhl.com/wp-content/uploads/2022/09/komodo-128x128.png,#3B6E2A,38,21,16,1,43,166,148,18
Regular Season 2023-2024,2023-2024,regular,2024-02-08,Marlins,https://ormrhl.com/wp-content/uploads/2021/11/marlins_logo-128x128.png,#1E8A8A,38,12,25,1,25,147,196,-49
Regular Season 2023-2024,2023-2024,regular,2024-02-08,Rhinos,https://ormrhl.com/wp-content/uploads/2021/11/Rhinos_logo-128x128.png,#6B6F76,38,16,20,2,34,166,182,-16
Regular Season 2023-2024,2023-2024,regular,2024-02-08,Wildcats,https://ormrhl.com/wp-content/uploads/2021/11/wildcats_logo-128x128.png,#D97B29,38,21,16,1,43,172,175,-3
Regular Season 2023-2024,2023-2024,regular,2024-02-12,Cobras,https://ormrhl.com/wp-content/uploads/2021/11/Cobras_Logo-128x128.png,#2B8C5C,39,23,14,2,48,231,200,31
Regular Season 2023-2024,2023-2024,regular,2024-02-12,Eagles,https://ormrhl.com/wp-content/uploads/2021/11/Eagles_logo-128x128.png,#A31E2E,39,19,17,3,41,182,197,-15
Regular Season 2023-2024,2023-2024,regular,2024-02-12,Falcons,https://ormrhl.com/wp-content/uploads/2021/11/falcons_icon-128x128.png,#233A6B,39,21,15,3,45,163,127,36
Regular Season 2023-2024,2023-2024,regular,2024-02-12,Grizzlies,https://ormrhl.com/wp-content/uploads/2022/09/grizzlies-128x128.png,#8B4A26,39,13,23,3,29,149,151,-2
Regular Season 2023-2024,2023-2024,regular,2024-02-12,Komodo Dragons,https://ormrhl.com/wp-content/uploads/2022/09/komodo-128x128.png,#3B6E2A,39,22,16,1,45,169,150,19
Regular Season 2023-2024,2023-2024,regular,2024-02-12,Marlins,https://ormrhl.com/wp-content/uploads/2021/11/marlins_logo-128x128.png,#1E8A8A,39,13,25,1,27,156,201,-45
Regular Season 2023-2024,2023-2024,regular,2024-02-12,Rhinos,https://ormrhl.com/wp-content/uploads/2021/11/Rhinos_logo-128x128.png,#6B6F76,39,16,21,2,34,171,191,-20
Regular Season 2023-2024,2023-2024,regular,2024-02-12,Wildcats,https://ormrhl.com/wp-content/uploads/2021/11/wildcats_logo-128x128.png,#D97B29,39,21,17,1,43,177,181,-4
Regular Season 2023-2024,2023-2024,regular,2024-02-15,Cobras,https://ormrhl.com/wp-content/uploads/2021/11/Cobras_Logo-128x128.png,#2B8C5C,40,24,14,2,50,237,201,36
Regular Season 2023-2024,2023-2024,regular,2024-02-15,Eagles,https://ormrhl.com/wp-content/uploads/2021/11/Eagles_logo-128x128.png,#A31E2E,40,20,17,3,43,188,202,-14
Regular Season 2023-2024,2023-2024,regular,2024-02-15,Falcons,https://ormrhl.com/wp-content/uploads/2021/11/falcons_icon-128x128.png,#233A6B,40,21,16,3,45,163,132,31
Regular Season 2023-2024,2023-2024,regular,2024-02-15,Grizzlies,https://ormrhl.com/wp-content/uploads/2022/09/grizzlies-128x128.png,#8B4A26,40,14,23,3,31,156,157,-1
Regular Season 2023-2024,2023-2024,regular,2024-02-15,Komodo Dragons,https://ormrhl.com/wp-content/uploads/2022/09/komodo-128x128.png,#3B6E2A,40,22,17,1,45,170,156,14
Regular Season 2023-2024,2023-2024,regular,2024-02-15,Marlins,https://ormrhl.com/wp-content/uploads/2021/11/marlins_logo-128x128.png,#1E8A8A,40,13,26,1,27,161,207,-46
Regular Season 2023-2024,2023-2024,regular,2024-02-15,Rhinos,https://ormrhl.com/wp-content/uploads/2021/11/Rhinos_logo-128x128.png,#6B6F76,40,17,21,2,36,176,191,-15
Regular Season 2023-2024,2023-2024,regular,2024-02-15,Wildcats,https://ormrhl.com/wp-content/uploads/2021/11/wildcats_logo-128x128.png,#D97B29,40,21,18,1,43,183,188,-5
Regular Season 2023-2024,2023-2024,regular,2024-02-22,Cobras,https://ormrhl.com/wp-content/uploads/2021/11/Cobras_Logo-128x128.png,#2B8C5C,41,24,14,3,51,243,207,36
Regular Season 2023-2024,2023-2024,regular,2024-02-22,Eagles,https://ormrhl.com/wp-content/uploads/2021/11/Eagles_logo-128x128.png,#A31E2E,41,20,17,4,44,194,208,-14
Regular Season 2023-2024,2023-2024,regular,2024-02-22,Falcons,https://ormrhl.com/wp-content/uploads/2021/11/falcons_icon-128x128.png,#233A6B,41,21,17,3,45,163,136,27
Regular Season 2023-2024,2023-2024,regular,2024-02-22,Grizzlies,https://ormrhl.com/wp-content/uploads/2022/09/grizzlies-128x128.png,#8B4A26,41,15,23,3,33,161,161,0
Regular Season 2023-2024,2023-2024,regular,2024-02-22,Komodo Dragons,https://ormrhl.com/wp-content/uploads/2022/09/komodo-128x128.png,#3B6E2A,41,23,17,1,47,179,157,22
Regular Season 2023-2024,2023-2024,regular,2024-02-22,Marlins,https://ormrhl.com/wp-content/uploads/2021/11/marlins_logo-128x128.png,#1E8A8A,41,13,27,1,27,162,216,-54
Regular Season 2023-2024,2023-2024,regular,2024-02-22,Rhinos,https://ormrhl.com/wp-content/uploads/2021/11/Rhinos_logo-128x128.png,#6B6F76,41,17,22,2,36,180,196,-16
Regular Season 2023-2024,2023-2024,regular,2024-02-22,Wildcats,https://ormrhl.com/wp-content/uploads/2021/11/wildcats_logo-128x128.png,#D97B29,41,22,18,1,45,187,188,-1
Regular Season 2023-2024,2023-2024,regular,2024-02-26,Cobras,https://ormrhl.com/wp-content/uploads/2021/11/Cobras_Logo-128x128.png,#2B8C5C,42,25,14,3,53,250,213,37
Regular Season 2023-2024,2023-2024,regular,2024-02-26,Eagles,https://ormrhl.com/wp-content/uploads/2021/11/Eagles_logo-128x128.png,#A31E2E,42,20,18,4,44,198,214,-16
Regular Season 2023-2024,2023-2024,regular,2024-02-26,Falcons,https://ormrhl.com/wp-content/uploads/2021/11/falcons_icon-128x128.png,#233A6B,42,21,17,4,46,167,140,27
Regular Season 2023-2024,2023-2024,regular,2024-02-26,Grizzlies,https://ormrhl.com/wp-content/uploads/2022/09/grizzlies-128x128.png,#8B4A26,42,15,24,3,33,167,168,-1
Regular Season 2023-2024,2023-2024,regular,2024-02-26,Komodo Dragons,https://ormrhl.com/wp-content/uploads/2022/09/komodo-128x128.png,#3B6E2A,42,23,17,2,48,185,163,22
Regular Season 2023-2024,2023-2024,regular,2024-02-26,Marlins,https://ormrhl.com/wp-content/uploads/2021/11/marlins_logo-128x128.png,#1E8A8A,42,13,27,2,28,166,220,-54
Regular Season 2023-2024,2023-2024,regular,2024-02-26,Rhinos,https://ormrhl.com/wp-content/uploads/2021/11/Rhinos_logo-128x128.png,#6B6F76,42,18,22,2,38,186,200,-14
Regular Season 2023-2024,2023-2024,regular,2024-02-26,Wildcats,https://ormrhl.com/wp-content/uploads/2021/11/wildcats_logo-128x128.png,#D97B29,42,22,18,2,46,193,194,-1
Regular Season 2023-2024,2023-2024,regular,2024-02-29,Cobras,https://ormrhl.com/wp-content/uploads/2021/11/Cobras_Logo-128x128.png,#2B8C5C,43,26,14,3,55,254,214,40
Regular Season 2023-2024,2023-2024,regular,2024-02-29,Eagles,https://ormrhl.com/wp-content/uploads/2021/11/Eagles_logo-128x128.png,#A31E2E,43,20,19,4,44,199,220,-21
Regular Season 2023-2024,2023-2024,regular,2024-02-29,Falcons,https://ormrhl.com/wp-content/uploads/2021/11/falcons_icon-128x128.png,#233A6B,43,21,18,4,46,168,144,24
Regular Season 2023-2024,2023-2024,regular,2024-02-29,Grizzlies,https://ormrhl.com/wp-content/uploads/2022/09/grizzlies-128x128.png,#8B4A26,43,16,24,3,35,173,169,4
Regular Season 2023-2024,2023-2024,regular,2024-02-29,Komodo Dragons,https://ormrhl.com/wp-content/uploads/2022/09/komodo-128x128.png,#3B6E2A,43,24,17,2,50,189,166,23
Regular Season 2023-2024,2023-2024,regular,2024-02-29,Marlins,https://ormrhl.com/wp-content/uploads/2021/11/marlins_logo-128x128.png,#1E8A8A,43,14,27,2,30,170,223,-53
Regular Season 2023-2024,2023-2024,regular,2024-02-29,Rhinos,https://ormrhl.com/wp-content/uploads/2021/11/Rhinos_logo-128x128.png,#6B6F76,43,18,23,2,38,189,204,-15
Regular Season 2023-2024,2023-2024,regular,2024-02-29,Wildcats,https://ormrhl.com/wp-content/uploads/2021/11/wildcats_logo-128x128.png,#D97B29,43,22,19,2,46,196,198,-2
Regular Season 2023-2024,2023-2024,regular,2024-03-04,Cobras,https://ormrhl.com/wp-content/uploads/2021/11/Cobras_Logo-128x128.png,#2B8C5C,44,27,14,3,57,261,220,41
Regular Season 2023-2024,2023-2024,regular,2024-03-04,Eagles,https://ormrhl.com/wp-content/uploads/2021/11/Eagles_logo-128x128.png,#A31E2E,44,21,19,4,46,204,224,-20
Regular Season 2023-2024,2023-2024,regular,2024-03-04,Falcons,https://ormrhl.com/wp-content/uploads/2021/11/falcons_icon-128x128.png,#233A6B,44,22,18,4,48,171,145,26
Regular Season 2023-2024,2023-2024,regular,2024-03-04,Grizzlies,https://ormrhl.com/wp-content/uploads/2022/09/grizzlies-128x128.png,#8B4A26,44,17,24,3,37,179,174,5
Regular Season 2023-2024,2023-2024,regular,2024-03-04,Komodo Dragons,https://ormrhl.com/wp-content/uploads/2022/09/komodo-128x128.png,#3B6E2A,44,24,18,2,50,190,169,21
Regular Season 2023-2024,2023-2024,regular,2024-03-04,Marlins,https://ormrhl.com/wp-content/uploads/2021/11/marlins_logo-128x128.png,#1E8A8A,44,14,28,2,30,175,229,-54
Regular Season 2023-2024,2023-2024,regular,2024-03-04,Rhinos,https://ormrhl.com/wp-content/uploads/2021/11/Rhinos_logo-128x128.png,#6B6F76,44,18,24,2,38,195,211,-16
Regular Season 2023-2024,2023-2024,regular,2024-03-04,Wildcats,https://ormrhl.com/wp-content/uploads/2021/11/wildcats_logo-128x128.png,#D97B29,44,22,20,2,46,200,203,-3
Regular Season 2023-2024,2023-2024,regular,2024-03-07,Cobras,https://ormrhl.com/wp-content/uploads/2021/11/Cobras_Logo-128x128.png,#2B8C5C,45,27,15,3,57,265,227,38
Regular Season 2023-2024,2023-2024,regular,2024-03-07,Eagles,https://ormrhl.com/wp-content/uploads/2021/11/Eagles_logo-128x128.png,#A31E2E,45,22,19,4,48,210,227,-17
Regular Season 2023-2024,2023-2024,regular,2024-03-07,Falcons,https://ormrhl.com/wp-content/uploads/2021/11/falcons_icon-128x128.png,#233A6B,45,22,19,4,48,174,151,23
Regular Season 2023-2024,2023-2024,regular,2024-03-07,Grizzlies,https://ormrhl.com/wp-content/uploads/2022/09/grizzlies-128x128.png,#8B4A26,45,18,24,3,39,183,177,6
Regular Season 2023-2024,2023-2024,regular,2024-03-07,Komodo Dragons,https://ormrhl.com/wp-content/uploads/2022/09/komodo-128x128.png,#3B6E2A,45,24,19,2,50,193,173,20
Regular Season 2023-2024,2023-2024,regular,2024-03-07,Marlins,https://ormrhl.com/wp-content/uploads/2021/11/marlins_logo-128x128.png,#1E8A8A,45,14,29,2,30,176,235,-59
Regular Season 2023-2024,2023-2024,regular,2024-03-07,Rhinos,https://ormrhl.com/wp-content/uploads/2021/11/Rhinos_logo-128x128.png,#6B6F76,45,19,24,2,40,201,212,-11
Regular Season 2023-2024,2023-2024,regular,2024-03-07,Wildcats,https://ormrhl.com/wp-content/uploads/2021/11/wildcats_logo-128x128.png,#D97B29,45,23,20,2,48,207,207,0
Playoffs 2024-2025,2024-2025,playoffs,2025-03-17,Cobras,https://ormrhl.com/wp-content/uploads/2021/11/Cobras_Logo-128x128.png,#2B8C5C,1,0,1,0,0,3,4,-1
Playoffs 2024-2025,2024-2025,playoffs,2025-03-17,Eagles,https://ormrhl.com/wp-content/uploads/2021/11/Eagles_logo-128x128.png,#A31E2E,1,1,0,0,2,4,3,1
Playoffs 2024-2025,2024-2025,playoffs,2025-03-17,Falcons,https://ormrhl.com/wp-content/uploads/2021/11/falcons_icon-128x128.png,#233A6B,1,0,1,0,0,0,3,-3
Playoffs 2024-2025,2024-2025,playoffs,2025-03-17,Grizzlies,https://ormrhl.com/wp-content/uploads/2022/09/grizzlies-128x128.png,#8B4A26,1,1,0,0,2,6,3,3
Playoffs 2024-2025,2024-2025,playoffs,2025-03-17,Komodo Dragons,https://ormrhl.com/wp-content/uploads/2022/09/komodo-128x128.png,#3B6E2A,1,1,0,0,2,3,0,3
Playoffs 2024-2025,2024-2025,playoffs,2025-03-17,Marlins,https://ormrhl.com/wp-content/uploads/2021/11/marlins_logo-128x128.png,#1E8A8A,1,1,0,0,2,6,5,1
Playoffs 2024-2025,2024-2025,playoffs,2025-03-17,Rhinos,https://ormrhl.com/wp-content/uploads/2021/11/Rhinos_logo-128x128.png,#6B6F76,1,0,1,0,0,5,6,-1
Playoffs 2024-2025,2024-2025,playoffs,2025-03-17,Wildcats,https://ormrhl.com/wp-content/uploads/2021/11/wildcats_logo-128x128.png,#D97B29,1,0,1,0,0,3,6,-3
Playoffs 2024-2025,2024-2025,playoffs,2025-03-20,Cobras,https://ormrhl.com/wp-content/uploads/2021/11/Cobras_Logo-128x128.png,#2B8C5C,2,0,2,0,0,6,12,-6
Playoffs 2024-2025,2024-2025,playoffs,2025-03-20,Eagles,https://ormrhl.com/wp-content/uploads/2021/11/Eagles_logo-128x128.png,#A31E2E,2,1,1,0,2,4,6,-2
Playoffs 2024-2025,2024-2025,playoffs,2025-03-20,Falcons,https://ormrhl.com/wp-content/uploads/2021/11/falcons_icon-128x128.png,#233A6B,2,1,1,0,2,3,3,0
Playoffs 2024-2025,2024-2025,playoffs,2025-03-20,Grizzlies,https://ormrhl.com/wp-content/uploads/2022/09/grizzlies-128x128.png,#8B4A26,2,2,0,0,4,10,5,5
Playoffs 2024-2025,2024-2025,playoffs,2025-03-20,Komodo Dragons,https://ormrhl.com/wp-content/uploads/2022/09/komodo-128x128.png,#3B6E2A,2,2,0,0,4,8,3,5
Playoffs 2024-2025,2024-2025,playoffs,2025-03-20,Marlins,https://ormrhl.com/wp-content/uploads/2021/11/marlins_logo-128x128.png,#1E8A8A,2,1,1,0,2,8,9,-1
Playoffs 2024-2025,2024-2025,playoffs,2025-03-20,Rhinos,https://ormrhl.com/wp-content/uploads/2021/11/Rhinos_logo-128x128.png,#6B6F76,2,1,1,0,2,13,9,4
Playoffs 2024-2025,2024-2025,playoffs,2025-03-20,Wildcats,https://ormrhl.com/wp-content/uploads/2021/11/wildcats_logo-128x128.png,#D97B29,2,0,2,0,0,6,11,-5
Playoffs 2024-2025,2024-2025,playoffs,2025-03-24,Cobras,https://ormrhl.com/wp-content/uploads/2021/11/Cobras_Logo-128x128.png,#2B8C5C,3,1,2,0,2,12,16,-4
Playoffs 2024-2025,2024-2025,playoffs,2025-03-24,Eagles,https://ormrhl.com/wp-content/uploads/2021/11/Eagles_logo-128x128.png,#A31E2E,3,1,2,0,2,9,14,-5
Playoffs 2024-2025,2024-2025,playoffs,2025-03-24,Falcons,https://ormrhl.com/wp-content/uploads/2021/11/falcons_icon-128x128.png,#233A6B,3,1,2,0,2,7,9,-2
Playoffs 2024-2025,2024-2025,playoffs,2025-03-24,Grizzlies,https://ormrhl.com/wp-content/uploads/2022/09/grizzlies-128x128.png,#8B4A26,3,2,1,0,4,11,7,4
Playoffs 2024-2025,2024-2025,playoffs,2025-03-24,Komodo Dragons,https://ormrhl.com/wp-content/uploads/2022/09/komodo-128x128.png,#3B6E2A,3,2,1,0,4,11,7,4
Playoffs 2024-2025,2024-2025,playoffs,2025-03-24,Marlins,https://ormrhl.com/wp-content/uploads/2021/11/marlins_logo-128x128.png,#1E8A8A,3,2,1,0,4,12,12,0
Playoffs 2024-2025,2024-2025,playoffs,2025-03-24,Rhinos,https://ormrhl.com/wp-content/uploads/2021/11/Rhinos_logo-128x128.png,#6B6F76,3,2,1,0,4,15,10,5
Playoffs 2024-2025,2024-2025,playoffs,2025-03-24,Wildcats,https://ormrhl.com/wp-content/uploads/2021/11/wildcats_logo-128x128.png,#D97B29,3,1,2,0,2,14,16,-2
Playoffs 2024-2025,2024-2025,playoffs,2025-03-27,Cobras,https://ormrhl.com/wp-content/uploads/2021/11/Cobras_Logo-128x128.png,#2B8C5C,4,1,3,0,2,12,25,-13
Playoffs 2024-2025,2024-2025,playoffs,2025-03-27,Eagles,https://ormrhl.com/wp-content/uploads/2021/11/Eagles_logo-128x128.png,#A31E2E,4,1,3,0,2,11,18,-7
Playoffs 2024-2025,2024-2025,playoffs,2025-03-27,Falcons,https://ormrhl.com/wp-content/uploads/2021/11/falcons_icon-128x128.png,#233A6B,4,1,3,0,2,8,16,-8
Playoffs 2024-2025,2024-2025,playoffs,2025-03-27,Grizzlies,https://ormrhl.com/wp-content/uploads/2022/09/grizzlies-128x128.png,#8B4A26,4,3,1,0,6,20,7,13
Playoffs 2024-2025,2024-2025,playoffs,2025-03-27,Komodo Dragons,https://ormrhl.com/wp-content/uploads/2022/09/komodo-128x128.png,#3B6E2A,4,2,2,0,4,12,12,0
Playoffs 2024-2025,2024-2025,playoffs,2025-03-27,Marlins,https://ormrhl.com/wp-content/uploads/2021/11/marlins_logo-128x128.png,#1E8A8A,4,3,1,0,6,16,14,2
Playoffs 2024-2025,2024-2025,playoffs,2025-03-27,Rhinos,https://ormrhl.com/wp-content/uploads/2021/11/Rhinos_logo-128x128.png,#6B6F76,4,3,1,0,6,20,11,9
Playoffs 2024-2025,2024-2025,playoffs,2025-03-27,Wildcats,https://ormrhl.com/wp-content/uploads/2021/11/wildcats_logo-128x128.png,#D97B29,4,2,2,0,4,21,17,4
Playoffs 2024-2025,2024-2025,playoffs,2025-03-31,Cobras,https://ormrhl.com/wp-content/uploads/2021/11/Cobras_Logo-128x128.png,#2B8C5C,5,1,4,0,2,15,33,-18
Playoffs 2024-2025,2024-2025,playoffs,2025-03-31,Eagles,https://ormrhl.com/wp-content/uploads/2021/11/Eagles_logo-128x128.png,#A31E2E,5,2,3,0,4,16,22,-6
Playoffs 2024-2025,2024-2025,playoffs,2025-03-31,Falcons,https://ormrhl.com/wp-content/uploads/2021/11/falcons_icon-128x128.png,#233A6B,5,2,3,0,4,12,17,-5
Playoffs 2024-2025,2024-2025,playoffs,2025-03-31,Grizzlies,https://ormrhl.com/wp-content/uploads/2022/09/grizzlies-128x128.png,#8B4A26,5,3,1,1,7,24,11,13
Playoffs 2024-2025,2024-2025,playoffs,2025-03-31,Komodo Dragons,https://ormrhl.com/wp-content/uploads/2022/09/komodo-128x128.png,#3B6E2A,5,2,2,1,5,16,16,0
Playoffs 2024-2025,2024-2025,playoffs,2025-03-31,Marlins,https://ormrhl.com/wp-content/uploads/2021/11/marlins_logo-128x128.png,#1E8A8A,5,3,2,0,6,17,18,-1
Playoffs 2024-2025,2024-2025,playoffs,2025-03-31,Rhinos,https://ormrhl.com/wp-content/uploads/2021/11/Rhinos_logo-128x128.png,#6B6F76,5,3,2,0,6,24,16,8
Playoffs 2024-2025,2024-2025,playoffs,2025-03-31,Wildcats,https://ormrhl.com/wp-content/uploads/2021/11/wildcats_logo-128x128.png,#D97B29,5,3,2,0,6,29,20,9
Playoffs 2024-2025,2024-2025,playoffs,2025-04-03,Cobras,https://ormrhl.com/wp-content/uploads/2021/11/Cobras_Logo-128x128.png,#2B8C5C,6,1,5,0,2,16,36,-20
Playoffs 2024-2025,2024-2025,playoffs,2025-04-03,Eagles,https://ormrhl.com/wp-content/uploads/2021/11/Eagles_logo-128x128.png,#A31E2E,6,2,4,0,4,17,29,-12
Playoffs 2024-2025,2024-2025,playoffs,2025-04-03,Falcons,https://ormrhl.com/wp-content/uploads/2021/11/falcons_icon-128x128.png,#233A6B,6,3,3,0,6,16,19,-3
Playoffs 2024-2025,2024-2025,playoffs,2025-04-03,Grizzlies,https://ormrhl.com/wp-content/uploads/2022/09/grizzlies-128x128.png,#8B4A26,6,4,1,1,9,31,12,19
Playoffs 2024-2025,2024-2025,playoffs,2025-04-03,Komodo Dragons,https://ormrhl.com/wp-content/uploads/2022/09/komodo-128x128.png,#3B6E2A,6,3,2,1,7,19,17,2
Playoffs 2024-2025,2024-2025,playoffs,2025-04-03,Marlins,https://ormrhl.com/wp-content/uploads/2021/11/marlins_logo-128x128.png,#1E8A8A,6,4,2,0,8,22,22,0
Playoffs 2024-2025,2024-2025,playoffs,2025-04-03,Rhinos,https://ormrhl.com/wp-content/uploads/2021/11/Rhinos_logo-128x128.png,#6B6F76,6,3,3,0,6,26,20,6
Playoffs 2024-2025,2024-2025,playoffs,2025-04-03,Wildcats,https://ormrhl.com/wp-content/uploads/2021/11/wildcats_logo-128x128.png,#D97B29,6,3,3,0,6,33,25,8
Playoffs 2024-2025,2024-2025,playoffs,2025-04-07,Cobras,https://ormrhl.com/wp-content/uploads/2021/11/Cobras_Logo-128x128.png,#2B8C5C,7,1,6,0,2,18,41,-23
Playoffs 2024-2025,2024-2025,playoffs,2025-04-07,Eagles,https://ormrhl.com/wp-content/uploads/2021/11/Eagles_logo-128x128.png,#A31E2E,7,2,5,0,4,18,32,-14
Playoffs 2024-2025,2024-2025,playoffs,2025-04-07,Falcons,https://ormrhl.com/wp-content/uploads/2021/11/falcons_icon-128x128.png,#233A6B,7,3,4,0,6,17,26,-9
Playoffs 2024-2025,2024-2025,playoffs,2025-04-07,Grizzlies,https://ormrhl.com/wp-content/uploads/2022/09/grizzlies-128x128.png,#8B4A26,7,5,1,1,11,38,13,25
Playoffs 2024-2025,2024-2025,playoffs,2025-04-07,Komodo Dragons,https://ormrhl.com/wp-content/uploads/2022/09/komodo-128x128.png,#3B6E2A,7,4,2,1,9,22,18,4
Playoffs 2024-2025,2024-2025,playoffs,2025-04-07,Marlins,https://ormrhl.com/wp-content/uploads/2021/11/marlins_logo-128x128.png,#1E8A8A,7,5,2,0,10,27,24,3
Playoffs 2024-2025,2024-2025,playoffs,2025-04-07,Rhinos,https://ormrhl.com/wp-content/uploads/2021/11/Rhinos_logo-128x128.png,#6B6F76,7,3,4,0,6,28,24,4
Playoffs 2024-2025,2024-2025,playoffs,2025-04-07,Wildcats,https://ormrhl.com/wp-content/uploads/2021/11/wildcats_logo-128x128.png,#D97B29,7,4,3,0,8,37,27,10
Playoffs 2024-2025,2024-2025,playoffs,2025-04-10,Cobras,https://ormrhl.com/wp-content/uploads/2021/11/Cobras_Logo-128x128.png,#2B8C5C,8,1,7,0,2,19,48,-29
Playoffs 2024-2025,2024-2025,playoffs,2025-04-10,Eagles,https://ormrhl.com/wp-content/uploads/2021/11/Eagles_logo-128x128.png,#A31E2E,8,3,5,0,6,19,32,-13
Playoffs 2024-2025,2024-2025,playoffs,2025-04-10,Falcons,https://ormrhl.com/wp-content/uploads/2021/11/falcons_icon-128x128.png,#233A6B,8,3,5,0,6,20,34,-14
Playoffs 2024-2025,2024-2025,playoffs,2025-04-10,Grizzlies,https://ormrhl.com/wp-content/uploads/2022/09/grizzlies-128x128.png,#8B4A26,8,6,1,1,13,45,14,31
Playoffs 2024-2025,2024-2025,playoffs,2025-04-10,Komodo Dragons,https://ormrhl.com/wp-content/uploads/2022/09/komodo-128x128.png,#3B6E2A,8,5,2,1,11,27,20,7
Playoffs 2024-2025,2024-2025,playoffs,2025-04-10,Marlins,https://ormrhl.com/wp-content/uploads/2021/11/marlins_logo-128x128.png,#1E8A8A,8,5,3,0,10,29,29,0
Playoffs 2024-2025,2024-2025,playoffs,2025-04-10,Rhinos,https://ormrhl.com/wp-content/uploads/2021/11/Rhinos_logo-128x128.png,#6B6F76,8,4,4,0,8,36,27,9
Playoffs 2024-2025,2024-2025,playoffs,2025-04-10,Wildcats,https://ormrhl.com/wp-content/uploads/2021/11/wildcats_logo-128x128.png,#D97B29,8,4,4,0,8,37,28,9
Playoffs 2024-2025,2024-2025,playoffs,2025-04-14,Cobras,https://ormrhl.com/wp-content/uploads/2021/11/Cobras_Logo-128x128.png,#2B8C5C,9,1,8,0,2,25,57,-32
Playoffs 2024-2025,2024-2025,playoffs,2025-04-14,Eagles,https://ormrhl.com/wp-content/uploads/2021/11/Eagles_logo-128x128.png,#A31E2E,9,3,6,0,6,23,37,-14
Playoffs 2024-2025,2024-2025,playoffs,2025-04-14,Falcons,https://ormrhl.com/wp-content/uploads/2021/11/falcons_icon-128x128.png,#233A6B,9,4,5,0,8,25,38,-13
Playoffs 2024-2025,2024-2025,playoffs,2025-04-14,Grizzlies,https://ormrhl.com/wp-content/uploads/2022/09/grizzlies-128x128.png,#8B4A26,8,6,1,1,13,45,14,31
Playoffs 2024-2025,2024-2025,playoffs,2025-04-14,Komodo Dragons,https://ormrhl.com/wp-content/uploads/2022/09/komodo-128x128.png,#3B6E2A,9,6,2,1,13,36,26,10
Playoffs 2024-2025,2024-2025,playoffs,2025-04-14,Marlins,https://ormrhl.com/wp-content/uploads/2021/11/marlins_logo-128x128.png,#1E8A8A,8,5,3,0,10,29,29,0
Playoffs 2024-2025,2024-2025,playoffs,2025-04-14,Rhinos,https://ormrhl.com/wp-content/uploads/2021/11/Rhinos_logo-128x128.png,#6B6F76,8,4,4,0,8,36,27,9
Playoffs 2024-2025,2024-2025,playoffs,2025-04-14,Wildcats,https://ormrhl.com/wp-content/uploads/2021/11/wildcats_logo-128x128.png,#D97B29,8,4,4,0,8,37,28,9
Playoffs 2024-2025,2024-2025,playoffs,2025-04-16,Cobras,https://ormrhl.com/wp-content/uploads/2021/11/Cobras_Logo-128x128.png,#2B8C5C,9,1,8,0,2,25,57,-32
Playoffs 2024-2025,2024-2025,playoffs,2025-04-16,Eagles,https://ormrhl.com/wp-content/uploads/2021/11/Eagles_logo-128x128.png,#A31E2E,9,3,6,0,6,23,37,-14
Playoffs 2024-2025,2024-2025,playoffs,2025-04-16,Falcons,https://ormrhl.com/wp-content/uploads/2021/11/falcons_icon-128x128.png,#233A6B,9,4,5,0,8,25,38,-13
Playoffs 2024-2025,2024-2025,playoffs,2025-04-16,Grizzlies,https://ormrhl.com/wp-content/uploads/2022/09/grizzlies-128x128.png,#8B4A26,9,7,1,1,15,49,15,34
Playoffs 2024-2025,2024-2025,playoffs,2025-04-16,Komodo Dragons,https://ormrhl.com/wp-content/uploads/2022/09/komodo-128x128.png,#3B6E2A,9,6,2,1,13,36,26,10
Playoffs 2024-2025,2024-2025,playoffs,2025-04-16,Marlins,https://ormrhl.com/wp-content/uploads/2021/11/marlins_logo-128x128.png,#1E8A8A,9,5,4,0,10,30,33,-3
Playoffs 2024-2025,2024-2025,playoffs,2025-04-16,Rhinos,https://ormrhl.com/wp-content/uploads/2021/11/Rhinos_logo-128x128.png,#6B6F76,9,5,4,0,10,46,31,15
Playoffs 2024-2025,2024-2025,playoffs,2025-04-16,Wildcats,https://ormrhl.com/wp-content/uploads/2021/11/wildcats_logo-128x128.png,#D97B29,9,4,5,0,8,41,38,3
Playoffs 2024-2025,2024-2025,playoffs,2025-04-17,Cobras,https://ormrhl.com/wp-content/uploads/2021/11/Cobras_Logo-128x128.png,#2B8C5C,10,1,9,0,2,26,64,-38
Playoffs 2024-2025,2024-2025,playoffs,2025-04-17,Eagles,https://ormrhl.com/wp-content/uploads/2021/11/Eagles_logo-128x128.png,#A31E2E,10,4,6,0,8,30,38,-8
Playoffs 2024-2025,2024-2025,playoffs,2025-04-17,Falcons,https://ormrhl.com/wp-content/uploads/2021/11/falcons_icon-128x128.png,#233A6B,10,5,5,0,10,30,42,-12
Playoffs 2024-2025,2024-2025,playoffs,2025-04-17,Grizzlies,https://ormrhl.com/wp-content/uploads/2022/09/grizzlies-128x128.png,#8B4A26,10,7,2,1,15,54,25,29
Playoffs 2024-2025,2024-2025,playoffs,2025-04-17,Komodo Dragons,https://ormrhl.com/wp-content/uploads/2022/09/komodo-128x128.png,#3B6E2A,10,6,3,1,13,40,31,9
Playoffs 2024-2025,2024-2025,playoffs,2025-04-17,Marlins,https://ormrhl.com/wp-content/uploads/2021/11/marlins_logo-128x128.png,#1E8A8A,10,5,5,0,10,30,38,-8
Playoffs 2024-2025,2024-2025,playoffs,2025-04-17,Rhinos,https://ormrhl.com/wp-content/uploads/2021/11/Rhinos_logo-128x128.png,#6B6F76,10,6,4,0,12,51,31,20
Playoffs 2024-2025,2024-2025,playoffs,2025-04-17,Wildcats,https://ormrhl.com/wp-content/uploads/2021/11/wildcats_logo-128x128.png,#D97B29,10,5,5,0,10,51,43,8
Playoffs 2024-2025,2024-2025,playoffs,2025-04-19,Cobras,https://ormrhl.com/wp-content/uploads/2021/11/Cobras_Logo-128x128.png,#2B8C5C,11,1,10,0,2,30,71,-41
Playoffs 2024-2025,2024-2025,playoffs,2025-04-19,Eagles,https://ormrhl.com/wp-content/uploads/2021/11/Eagles_logo-128x128.png,#A31E2E,12,5,7,0,10,42,48,-6
Playoffs 2024-2025,2024-2025,playoffs,2025-04-19,Falcons,https://ormrhl.com/wp-content/uploads/2021/11/falcons_icon-128x128.png,#233A6B,11,5,6,0,10,37,50,-13
Playoffs 2024-2025,2024-2025,playoffs,2025-04-19,Grizzlies,https://ormrhl.com/wp-content/uploads/2022/09/grizzlies-128x128.png,#8B4A26,11,8,2,1,17,60,30,30
Playoffs 2024-2025,2024-2025,playoffs,2025-04-19,Komodo Dragons,https://ormrhl.com/wp-content/uploads/2022/09/komodo-128x128.png,#3B6E2A,11,6,4,1,13,45,37,8
Playoffs 2024-2025,2024-2025,playoffs,2025-04-19,Marlins,https://ormrhl.com/wp-content/uploads/2021/11/marlins_logo-128x128.png,#1E8A8A,12,7,5,0,14,44,50,-6
Playoffs 2024-2025,2024-2025,playoffs,2025-04-19,Rhinos,https://ormrhl.com/wp-content/uploads/2021/11/Rhinos_logo-128x128.png,#6B6F76,11,7,4,0,14,57,33,24
Playoffs 2024-2025,2024-2025,playoffs,2025-04-19,Wildcats,https://ormrhl.com/wp-content/uploads/2021/11/wildcats_logo-128x128.png,#D97B29,11,5,6,0,10,53,49,4
Regular Season 2024-2025,2024-2025,regular,2024-09-16,Cobras,https://ormrhl.com/wp-content/uploads/2021/11/Cobras_Logo-128x128.png,#2B8C5C,1,0,1,0,0,3,9,-6
Regular Season 2024-2025,2024-2025,regular,2024-09-16,Eagles,https://ormrhl.com/wp-content/uploads/2021/11/Eagles_logo-128x128.png,#A31E2E,1,1,0,0,2,5,1,4
Regular Season 2024-2025,2024-2025,regular,2024-09-16,Falcons,https://ormrhl.com/wp-content/uploads/2021/11/falcons_icon-128x128.png,#233A6B,1,0,1,0,0,1,5,-4
Regular Season 2024-2025,2024-2025,regular,2024-09-16,Grizzlies,https://ormrhl.com/wp-content/uploads/2022/09/grizzlies-128x128.png,#8B4A26,1,1,0,0,2,9,3,6
Regular Season 2024-2025,2024-2025,regular,2024-09-16,Komodo Dragons,https://ormrhl.com/wp-content/uploads/2022/09/komodo-128x128.png,#3B6E2A,1,0,1,0,0,7,8,-1
Regular Season 2024-2025,2024-2025,regular,2024-09-16,Marlins,https://ormrhl.com/wp-content/uploads/2021/11/marlins_logo-128x128.png,#1E8A8A,1,0,1,0,0,6,11,-5
Regular Season 2024-2025,2024-2025,regular,2024-09-16,Rhinos,https://ormrhl.com/wp-content/uploads/2021/11/Rhinos_logo-128x128.png,#6B6F76,1,1,0,0,2,8,7,1
Regular Season 2024-2025,2024-2025,regular,2024-09-16,Wildcats,https://ormrhl.com/wp-content/uploads/2021/11/wildcats_logo-128x128.png,#D97B29,1,1,0,0,2,11,6,5
Regular Season 2024-2025,2024-2025,regular,2024-09-19,Cobras,https://ormrhl.com/wp-content/uploads/2021/11/Cobras_Logo-128x128.png,#2B8C5C,2,0,2,0,0,7,18,-11
Regular Season 2024-2025,2024-2025,regular,2024-09-19,Eagles,https://ormrhl.com/wp-content/uploads/2021/11/Eagles_logo-128x128.png,#A31E2E,2,1,0,1,3,10,6,4
Regular Season 2024-2025,2024-2025,regular,2024-09-19,Falcons,https://ormrhl.com/wp-content/uploads/2021/11/falcons_icon-128x128.png,#233A6B,2,0,2,0,0,2,22,-20
Regular Season 2024-2025,2024-2025,regular,2024-09-19,Grizzlies,https://ormrhl.com/wp-content/uploads/2022/09/grizzlies-128x128.png,#8B4A26,2,2,0,0,4,26,4,22
Regular Season 2024-2025,2024-2025,regular,2024-09-19,Komodo Dragons,https://ormrhl.com/wp-content/uploads/2022/09/komodo-128x128.png,#3B6E2A,2,1,1,0,2,18,10,8
Regular Season 2024-2025,2024-2025,regular,2024-09-19,Marlins,https://ormrhl.com/wp-content/uploads/2021/11/marlins_logo-128x128.png,#1E8A8A,2,1,1,0,2,15,15,0
Regular Season 2024-2025,2024-2025,regular,2024-09-19,Rhinos,https://ormrhl.com/wp-content/uploads/2021/11/Rhinos_logo-128x128.png,#6B6F76,2,1,0,1,3,13,12,1
Regular Season 2024-2025,2024-2025,regular,2024-09-19,Wildcats,https://ormrhl.com/wp-content/uploads/2021/11/wildcats_logo-128x128.png,#D97B29,2,1,1,0,2,13,17,-4
Regular Season 2024-2025,2024-2025,regular,2024-09-23,Cobras,https://ormrhl.com/wp-content/uploads/2021/11/Cobras_Logo-128x128.png,#2B8C5C,3,0,3,0,0,14,27,-13
Regular Season 2024-2025,2024-2025,regular,2024-09-23,Eagles,https://ormrhl.com/wp-content/uploads/2021/11/Eagles_logo-128x128.png,#A31E2E,3,2,0,1,5,16,10,6
Regular Season 2024-2025,2024-2025,regular,2024-09-23,Falcons,https://ormrhl.com/wp-content/uploads/2021/11/falcons_icon-128x128.png,#233A6B,3,1,2,0,2,10,25,-15
Regular Season 2024-2025,2024-2025,regular,2024-09-23,Grizzlies,https://ormrhl.com/wp-content/uploads/2022/09/grizzlies-128x128.png,#8B4A26,3,2,0,1,5,31,9,22
Regular Season 2024-2025,2024-2025,regular,2024-09-23,Komodo Dragons,https://ormrhl.com/wp-content/uploads/2022/09/komodo-128x128.png,#3B6E2A,3,1,1,1,3,23,15,8
Regular Season 2024-2025,2024-2025,regular,2024-09-23,Marlins,https://ormrhl.com/wp-content/uploads/2021/11/marlins_logo-128x128.png,#1E8A8A,3,1,2,0,2,19,21,-2
Regular Season 2024-2025,2024-2025,regular,2024-09-23,Rhinos,https://ormrhl.com/wp-content/uploads/2021/11/Rhinos_logo-128x128.png,#6B6F76,3,2,0,1,5,22,19,3
Regular Season 2024-2025,2024-2025,regular,2024-09-23,Wildcats,https://ormrhl.com/wp-content/uploads/2021/11/wildcats_logo-128x128.png,#D97B29,3,1,2,0,2,16,25,-9
Regular Season 2024-2025,2024-2025,regular,2024-09-26,Cobras,https://ormrhl.com/wp-content/uploads/2021/11/Cobras_Logo-128x128.png,#2B8C5C,4,0,4,0,0,15,35,-20
Regular Season 2024-2025,2024-2025,regular,2024-09-26,Eagles,https://ormrhl.com/wp-content/uploads/2021/11/Eagles_logo-128x128.png,#A31E2E,4,2,1,1,5,19,14,5
Regular Season 2024-2025,2024-2025,regular,2024-09-26,Falcons,https://ormrhl.com/wp-content/uploads/2021/11/falcons_icon-128x128.png,#233A6B,4,2,2,0,4,18,26,-8
Regular Season 2024-2025,2024-2025,regular,2024-09-26,Grizzlies,https://ormrhl.com/wp-content/uploads/2022/09/grizzlies-128x128.png,#8B4A26,4,3,0,1,7,40,13,27
Regular Season 2024-2025,2024-2025,regular,2024-09-26,Komodo Dragons,https://ormrhl.com/wp-content/uploads/2022/09/komodo-128x128.png,#3B6E2A,4,2,1,1,5,27,18,9
Regular Season 2024-2025,2024-2025,regular,2024-09-26,Marlins,https://ormrhl.com/wp-content/uploads/2021/11/marlins_logo-128x128.png,#1E8A8A,4,1,3,0,2,23,30,-7
Regular Season 2024-2025,2024-2025,regular,2024-09-26,Rhinos,https://ormrhl.com/wp-content/uploads/2021/11/Rhinos_logo-128x128.png,#6B6F76,4,2,1,1,5,28,26,2
Regular Season 2024-2025,2024-2025,regular,2024-09-26,Wildcats,https://ormrhl.com/wp-content/uploads/2021/11/wildcats_logo-128x128.png,#D97B29,4,2,2,0,4,23,31,-8
Regular Season 2024-2025,2024-2025,regular,2024-09-30,Cobras,https://ormrhl.com/wp-content/uploads/2021/11/Cobras_Logo-128x128.png,#2B8C5C,5,0,5,0,0,20,42,-22
Regular Season 2024-2025,2024-2025,regular,2024-09-30,Eagles,https://ormrhl.com/wp-content/uploads/2021/11/Eagles_logo-128x128.png,#A31E2E,5,3,1,1,7,23,15,8
Regular Season 2024-2025,2024-2025,regular,2024-09-30,Falcons,https://ormrhl.com/wp-content/uploads/2021/11/falcons_icon-128x128.png,#233A6B,5,2,3,0,4,19,31,-12
Regular Season 2024-2025,2024-2025,regular,2024-09-30,Grizzlies,https://ormrhl.com/wp-content/uploads/2022/09/grizzlies-128x128.png,#8B4A26,5,3,1,1,7,41,17,24
Regular Season 2024-2025,2024-2025,regular,2024-09-30,Komodo Dragons,https://ormrhl.com/wp-content/uploads/2022/09/komodo-128x128.png,#3B6E2A,5,2,2,1,5,33,25,8
Regular Season 2024-2025,2024-2025,regular,2024-09-30,Marlins,https://ormrhl.com/wp-content/uploads/2021/11/marlins_logo-128x128.png,#1E8A8A,5,2,3,0,4,30,36,-6
Regular Season 2024-2025,2024-2025,regular,2024-09-30,Rhinos,https://ormrhl.com/wp-content/uploads/2021/11/Rhinos_logo-128x128.png,#6B6F76,5,3,1,1,7,33,27,6
Regular Season 2024-2025,2024-2025,regular,2024-09-30,Wildcats,https://ormrhl.com/wp-content/uploads/2021/11/wildcats_logo-128x128.png,#D97B29,5,3,2,0,6,30,36,-6
Regular Season 2024-2025,2024-2025,regular,2024-10-03,Cobras,https://ormrhl.com/wp-content/uploads/2021/11/Cobras_Logo-128x128.png,#2B8C5C,6,0,6,0,0,24,47,-23
Regular Season 2024-2025,2024-2025,regular,2024-10-03,Eagles,https://ormrhl.com/wp-content/uploads/2021/11/Eagles_logo-128x128.png,#A31E2E,6,4,1,1,9,28,19,9
Regular Season 2024-2025,2024-2025,regular,2024-10-03,Falcons,https://ormrhl.com/wp-content/uploads/2021/11/falcons_icon-128x128.png,#233A6B,6,2,4,0,4,20,37,-17
Regular Season 2024-2025,2024-2025,regular,2024-10-03,Grizzlies,https://ormrhl.com/wp-content/uploads/2022/09/grizzlies-128x128.png,#8B4A26,6,3,2,1,7,44,24,20
Regular Season 2024-2025,2024-2025,regular,2024-10-03,Komodo Dragons,https://ormrhl.com/wp-content/uploads/2022/09/komodo-128x128.png,#3B6E2A,6,3,2,1,7,39,26,13
Regular Season 2024-2025,2024-2025,regular,2024-10-03,Marlins,https://ormrhl.com/wp-content/uploads/2021/11/marlins_logo-128x128.png,#1E8A8A,6,3,3,0,6,43,39,4
Regular Season 2024-2025,2024-2025,regular,2024-10-03,Rhinos,https://ormrhl.com/wp-content/uploads/2021/11/Rhinos_logo-128x128.png,#6B6F76,6,3,2,1,7,36,40,-4
Regular Season 2024-2025,2024-2025,regular,2024-10-03,Wildcats,https://ormrhl.com/wp-content/uploads/2021/11/wildcats_logo-128x128.png,#D97B29,6,4,2,0,8,37,39,-2
Regular Season 2024-2025,2024-2025,regular,2024-10-07,Cobras,https://ormrhl.com/wp-content/uploads/2021/11/Cobras_Logo-128x128.png,#2B8C5C,7,0,7,0,0,28,57,-29
Regular Season 2024-2025,2024-2025,regular,2024-10-07,Eagles,https://ormrhl.com/wp-content/uploads/2021/11/Eagles_logo-128x128.png,#A31E2E,7,5,1,1,11,31,21,10
Regular Season 2024-2025,2024-2025,regular,2024-10-07,Falcons,https://ormrhl.com/wp-content/uploads/2021/11/falcons_icon-128x128.png,#233A6B,7,2,5,0,4,20,39,-19
Regular Season 2024-2025,2024-2025,regular,2024-10-07,Grizzlies,https://ormrhl.com/wp-content/uploads/2022/09/grizzlies-128x128.png,#8B4A26,7,4,2,1,9,52,29,23
Regular Season 2024-2025,2024-2025,regular,2024-10-07,Komodo Dragons,https://ormrhl.com/wp-content/uploads/2022/09/komodo-128x128.png,#3B6E2A,7,4,2,1,9,41,26,15
Regular Season 2024-2025,2024-2025,regular,2024-10-07,Marlins,https://ormrhl.com/wp-content/uploads/2021/11/marlins_logo-128x128.png,#1E8A8A,7,4,3,0,8,53,43,10
Regular Season 2024-2025,2024-2025,regular,2024-10-07,Rhinos,https://ormrhl.com/wp-content/uploads/2021/11/Rhinos_logo-128x128.png,#6B6F76,7,3,3,1,7,41,48,-7
Regular Season 2024-2025,2024-2025,regular,2024-10-07,Wildcats,https://ormrhl.com/wp-content/uploads/2021/11/wildcats_logo-128x128.png,#D97B29,7,4,3,0,8,39,42,-3
Regular Season 2024-2025,2024-2025,regular,2024-10-10,Cobras,https://ormrhl.com/wp-content/uploads/2021/11/Cobras_Logo-128x128.png,#2B8C5C,8,0,8,0,0,29,67,-38
Regular Season 2024-2025,2024-2025,regular,2024-10-10,Eagles,https://ormrhl.com/wp-content/uploads/2021/11/Eagles_logo-128x128.png,#A31E2E,8,6,1,1,13,38,25,13
Regular Season 2024-2025,2024-2025,regular,2024-10-10,Falcons,https://ormrhl.com/wp-content/uploads/2021/11/falcons_icon-128x128.png,#233A6B,8,2,6,0,4,24,46,-22
Regular Season 2024-2025,2024-2025,regular,2024-10-10,Grizzlies,https://ormrhl.com/wp-content/uploads/2022/09/grizzlies-128x128.png,#8B4A26,8,5,2,1,11,62,30,32
Regular Season 2024-2025,2024-2025,regular,2024-10-10,Komodo Dragons,https://ormrhl.com/wp-content/uploads/2022/09/komodo-128x128.png,#3B6E2A,8,5,2,1,11,44,26,18
Regular Season 2024-2025,2024-2025,regular,2024-10-10,Marlins,https://ormrhl.com/wp-content/uploads/2021/11/marlins_logo-128x128.png,#1E8A8A,8,4,4,0,8,53,44,9
Regular Season 2024-2025,2024-2025,regular,2024-10-10,Rhinos,https://ormrhl.com/wp-content/uploads/2021/11/Rhinos_logo-128x128.png,#6B6F76,8,3,4,1,7,41,51,-10
Regular Season 2024-2025,2024-2025,regular,2024-10-10,Wildcats,https://ormrhl.com/wp-content/uploads/2021/11/wildcats_logo-128x128.png,#D97B29,8,5,3,0,10,40,42,-2
Regular Season 2024-2025,2024-2025,regular,2024-10-17,Cobras,https://ormrhl.com/wp-content/uploads/2021/11/Cobras_Logo-128x128.png,#2B8C5C,9,0,9,0,0,30,73,-43
Regular Season 2024-2025,2024-2025,regular,2024-10-17,Eagles,https://ormrhl.com/wp-content/uploads/2021/11/Eagles_logo-128x128.png,#A31E2E,9,7,1,1,15,42,26,16
Regular Season 2024-2025,2024-2025,regular,2024-10-17,Falcons,https://ormrhl.com/wp-content/uploads/2021/11/falcons_icon-128x128.png,#233A6B,9,3,6,0,6,30,50,-20
Regular Season 2024-2025,2024-2025,regular,2024-10-17,Grizzlies,https://ormrhl.com/wp-content/uploads/2022/09/grizzlies-128x128.png,#8B4A26,9,6,2,1,13,66,32,34
Regular Season 2024-2025,2024-2025,regular,2024-10-17,Komodo Dragons,https://ormrhl.com/wp-content/uploads/2022/09/komodo-128x128.png,#3B6E2A,9,5,3,1,11,46,30,16
Regular Season 2024-2025,2024-2025,regular,2024-10-17,Marlins,https://ormrhl.com/wp-content/uploads/2021/11/marlins_logo-128x128.png,#1E8A8A,9,4,5,0,8,54,48,6
Regular Season 2024-2025,2024-2025,regular,2024-10-17,Rhinos,https://ormrhl.com/wp-content/uploads/2021/11/Rhinos_logo-128x128.png,#6B6F76,9,4,4,1,9,47,52,-5
Regular Season 2024-2025,2024-2025,regular,2024-10-17,Wildcats,https://ormrhl.com/wp-content/uploads/2021/11/wildcats_logo-128x128.png,#D97B29,9,5,4,0,10,44,48,-4
Regular Season 2024-2025,2024-2025,regular,2024-10-21,Cobras,https://ormrhl.com/wp-content/uploads/2021/11/Cobras_Logo-128x128.png,#2B8C5C,10,0,10,0,0,32,76,-44
Regular Season 2024-2025,2024-2025,regular,2024-10-21,Eagles,https://ormrhl.com/wp-content/uploads/2021/11/Eagles_logo-128x128.png,#A31E2E,10,8,1,1,17,48,29,19
Regular Season 2024-2025,2024-2025,regular,2024-10-21,Falcons,https://ormrhl.com/wp-content/uploads/2021/11/falcons_icon-128x128.png,#233A6B,10,4,6,0,8,33,52,-19
Regular Season 2024-2025,2024-2025,regular,2024-10-21,Grizzlies,https://ormrhl.com/wp-content/uploads/2022/09/grizzlies-128x128.png,#8B4A26,10,7,2,1,15,76,38,38
Regular Season 2024-2025,2024-2025,regular,2024-10-21,Komodo Dragons,https://ormrhl.com/wp-content/uploads/2022/09/komodo-128x128.png,#3B6E2A,10,5,4,1,11,49,36,13
Regular Season 2024-2025,2024-2025,regular,2024-10-21,Marlins,https://ormrhl.com/wp-content/uploads/2021/11/marlins_logo-128x128.png,#1E8A8A,10,4,6,0,8,60,58,2
Regular Season 2024-2025,2024-2025,regular,2024-10-21,Rhinos,https://ormrhl.com/wp-content/uploads/2021/11/Rhinos_logo-128x128.png,#6B6F76,10,4,5,1,9,52,58,-6
Regular Season 2024-2025,2024-2025,regular,2024-10-21,Wildcats,https://ormrhl.com/wp-content/uploads/2021/11/wildcats_logo-128x128.png,#D97B29,10,6,4,0,12,50,53,-3
Regular Season 2024-2025,2024-2025,regular,2024-10-24,Cobras,https://ormrhl.com/wp-content/uploads/2021/11/Cobras_Logo-128x128.png,#2B8C5C,11,0,11,0,0,38,83,-45
Regular Season 2024-2025,2024-2025,regular,2024-10-24,Eagles,https://ormrhl.com/wp-content/uploads/2021/11/Eagles_logo-128x128.png,#A31E2E,11,9,1,1,19,53,29,24
Regular Season 2024-2025,2024-2025,regular,2024-10-24,Falcons,https://ormrhl.com/wp-content/uploads/2021/11/falcons_icon-128x128.png,#233A6B,11,4,6,1,9,37,56,-19
Regular Season 2024-2025,2024-2025,regular,2024-10-24,Grizzlies,https://ormrhl.com/wp-content/uploads/2022/09/grizzlies-128x128.png,#8B4A26,11,7,3,1,15,76,43,33
Regular Season 2024-2025,2024-2025,regular,2024-10-24,Komodo Dragons,https://ormrhl.com/wp-content/uploads/2022/09/komodo-128x128.png,#3B6E2A,11,6,4,1,13,58,39,19
Regular Season 2024-2025,2024-2025,regular,2024-10-24,Marlins,https://ormrhl.com/wp-content/uploads/2021/11/marlins_logo-128x128.png,#1E8A8A,11,4,7,0,8,63,67,-4
Regular Season 2024-2025,2024-2025,regular,2024-10-24,Rhinos,https://ormrhl.com/wp-content/uploads/2021/11/Rhinos_logo-128x128.png,#6B6F76,11,4,5,2,10,56,62,-6
Regular Season 2024-2025,2024-2025,regular,2024-10-24,Wildcats,https://ormrhl.com/wp-content/uploads/2021/11/wildcats_logo-128x128.png,#D97B29,11,7,4,0,14,57,59,-2
Regular Season 2024-2025,2024-2025,regular,2024-10-28,Cobras,https://ormrhl.com/wp-content/uploads/2021/11/Cobras_Logo-128x128.png,#2B8C5C,12,0,12,0,0,40,87,-47
Regular Season 2024-2025,2024-2025,regular,2024-10-28,Eagles,https://ormrhl.com/wp-content/uploads/2021/11/Eagles_logo-128x128.png,#A31E2E,12,10,1,1,21,57,31,26
Regular Season 2024-2025,2024-2025,regular,2024-10-28,Falcons,https://ormrhl.com/wp-content/uploads/2021/11/falcons_icon-128x128.png,#233A6B,12,4,7,1,9,38,60,-22
Regular Season 2024-2025,2024-2025,regular,2024-10-28,Grizzlies,https://ormrhl.com/wp-content/uploads/2022/09/grizzlies-128x128.png,#8B4A26,12,8,3,1,17,82,48,34
Regular Season 2024-2025,2024-2025,regular,2024-10-28,Komodo Dragons,https://ormrhl.com/wp-content/uploads/2022/09/komodo-128x128.png,#3B6E2A,12,7,4,1,15,62,40,22
Regular Season 2024-2025,2024-2025,regular,2024-10-28,Marlins,https://ormrhl.com/wp-content/uploads/2021/11/marlins_logo-128x128.png,#1E8A8A,12,5,7,0,10,71,74,-3
Regular Season 2024-2025,2024-2025,regular,2024-10-28,Rhinos,https://ormrhl.com/wp-content/uploads/2021/11/Rhinos_logo-128x128.png,#6B6F76,12,4,6,2,10,63,70,-7
Regular Season 2024-2025,2024-2025,regular,2024-10-28,Wildcats,https://ormrhl.com/wp-content/uploads/2021/11/wildcats_logo-128x128.png,#D97B29,12,7,5,0,14,62,65,-3
Regular Season 2024-2025,2024-2025,regular,2024-10-31,Cobras,https://ormrhl.com/wp-content/uploads/2021/11/Cobras_Logo-128x128.png,#2B8C5C,13,0,13,0,0,42,91,-49
Regular Season 2024-2025,2024-2025,regular,2024-10-31,Eagles,https://ormrhl.com/wp-content/uploads/2021/11/Eagles_logo-128x128.png,#A31E2E,13,11,1,1,23,62,31,31
Regular Season 2024-2025,2024-2025,regular,2024-10-31,Falcons,https://ormrhl.com/wp-content/uploads/2021/11/falcons_icon-128x128.png,#233A6B,13,4,8,1,9,43,66,-23
Regular Season 2024-2025,2024-2025,regular,2024-10-31,Grizzlies,https://ormrhl.com/wp-content/uploads/2022/09/grizzlies-128x128.png,#8B4A26,13,8,4,1,17,85,54,31
Regular Season 2024-2025,2024-2025,regular,2024-10-31,Komodo Dragons,https://ormrhl.com/wp-content/uploads/2022/09/komodo-128x128.png,#3B6E2A,13,8,4,1,17,66,42,24
Regular Season 2024-2025,2024-2025,regular,2024-10-31,Marlins,https://ormrhl.com/wp-content/uploads/2021/11/marlins_logo-128x128.png,#1E8A8A,13,6,7,0,12,77,79,-2
Regular Season 2024-2025,2024-2025,regular,2024-10-31,Rhinos,https://ormrhl.com/wp-content/uploads/2021/11/Rhinos_logo-128x128.png,#6B6F76,13,5,6,2,12,69,73,-4
Regular Season 2024-2025,2024-2025,regular,2024-10-31,Wildcats,https://ormrhl.com/wp-content/uploads/2021/11/wildcats_logo-128x128.png,#D97B29,13,7,6,0,14,62,70,-8
Regular Season 2024-2025,2024-2025,regular,2024-11-04,Cobras,https://ormrhl.com/wp-content/uploads/2021/11/Cobras_Logo-128x128.png,#2B8C5C,14,0,14,0,0,43,96,-53
Regular Season 2024-2025,2024-2025,regular,2024-11-04,Eagles,https://ormrhl.com/wp-content/uploads/2021/11/Eagles_logo-128x128.png,#A31E2E,14,12,1,1,25,65,32,33
Regular Season 2024-2025,2024-2025,regular,2024-11-04,Falcons,https://ormrhl.com/wp-content/uploads/2021/11/falcons_icon-128x128.png,#233A6B,14,4,9,1,9,44,69,-25
Regular Season 2024-2025,2024-2025,regular,2024-11-04,Grizzlies,https://ormrhl.com/wp-content/uploads/2022/09/grizzlies-128x128.png,#8B4A26,14,9,4,1,19,90,55,35
Regular Season 2024-2025,2024-2025,regular,2024-11-04,Komodo Dragons,https://ormrhl.com/wp-content/uploads/2022/09/komodo-128x128.png,#3B6E2A,14,9,4,1,19,72,45,27
Regular Season 2024-2025,2024-2025,regular,2024-11-04,Marlins,https://ormrhl.com/wp-content/uploads/2021/11/marlins_logo-128x128.png,#1E8A8A,14,7,7,0,14,81,82,-1
Regular Season 2024-2025,2024-2025,regular,2024-11-04,Rhinos,https://ormrhl.com/wp-content/uploads/2021/11/Rhinos_logo-128x128.png,#6B6F76,14,5,7,2,12,72,79,-7
Regular Season 2024-2025,2024-2025,regular,2024-11-04,Wildcats,https://ormrhl.com/wp-content/uploads/2021/11/wildcats_logo-128x128.png,#D97B29,14,7,7,0,14,65,74,-9
Regular Season 2024-2025,2024-2025,regular,2024-11-07,Cobras,https://ormrhl.com/wp-content/uploads/2021/11/Cobras_Logo-128x128.png,#2B8C5C,15,1,14,0,2,50,102,-52
Regular Season 2024-2025,2024-2025,regular,2024-11-07,Eagles,https://ormrhl.com/wp-content/uploads/2021/11/Eagles_logo-128x128.png,#A31E2E,15,13,1,1,27,70,35,35
Regular Season 2024-2025,2024-2025,regular,2024-11-07,Falcons,https://ormrhl.com/wp-content/uploads/2021/11/falcons_icon-128x128.png,#233A6B,15,4,9,2,10,47,72,-25
Regular Season 2024-2025,2024-2025,regular,2024-11-07,Grizzlies,https://ormrhl.com/wp-content/uploads/2022/09/grizzlies-128x128.png,#8B4A26,15,9,4,2,20,93,58,35
Regular Season 2024-2025,2024-2025,regular,2024-11-07,Komodo Dragons,https://ormrhl.com/wp-content/uploads/2022/09/komodo-128x128.png,#3B6E2A,15,10,4,1,21,81,47,34
Regular Season 2024-2025,2024-2025,regular,2024-11-07,Marlins,https://ormrhl.com/wp-content/uploads/2021/11/marlins_logo-128x128.png,#1E8A8A,15,7,8,0,14,87,89,-2
Regular Season 2024-2025,2024-2025,regular,2024-11-07,Rhinos,https://ormrhl.com/wp-content/uploads/2021/11/Rhinos_logo-128x128.png,#6B6F76,15,5,8,2,12,75,84,-9
Regular Season 2024-2025,2024-2025,regular,2024-11-07,Wildcats,https://ormrhl.com/wp-content/uploads/2021/11/wildcats_logo-128x128.png,#D97B29,15,7,8,0,14,67,83,-16
Regular Season 2024-2025,2024-2025,regular,2024-11-11,Cobras,https://ormrhl.com/wp-content/uploads/2021/11/Cobras_Logo-128x128.png,#2B8C5C,16,1,15,0,2,57,110,-53
Regular Season 2024-2025,2024-2025,regular,2024-11-11,Eagles,https://ormrhl.com/wp-content/uploads/2021/11/Eagles_logo-128x128.png,#A31E2E,16,14,1,1,29,78,37,41
Regular Season 2024-2025,2024-2025,regular,2024-11-11,Falcons,https://ormrhl.com/wp-content/uploads/2021/11/falcons_icon-128x128.png,#233A6B,16,5,9,2,12,50,74,-24
Regular Season 2024-2025,2024-2025,regular,2024-11-11,Grizzlies,https://ormrhl.com/wp-content/uploads/2022/09/grizzlies-128x128.png,#8B4A26,16,10,4,2,22,98,59,39
Regular Season 2024-2025,2024-2025,regular,2024-11-11,Komodo Dragons,https://ormrhl.com/wp-content/uploads/2022/09/komodo-128x128.png,#3B6E2A,16,10,5,1,21,82,52,30
Regular Season 2024-2025,2024-2025,regular,2024-11-11,Marlins,https://ormrhl.com/wp-content/uploads/2021/11/marlins_logo-128x128.png,#1E8A8A,16,7,9,0,14,89,97,-8
Regular Season 2024-2025,2024-2025,regular,2024-11-11,Rhinos,https://ormrhl.com/wp-content/uploads/2021/11/Rhinos_logo-128x128.png,#6B6F76,16,6,8,2,14,83,91,-8
Regular Season 2024-2025,2024-2025,regular,2024-11-11,Wildcats,https://ormrhl.com/wp-content/uploads/2021/11/wildcats_logo-128x128.png,#D97B29,16,7,9,0,14,69,86,-17
Regular Season 2024-2025,2024-2025,regular,2024-11-14,Cobras,https://ormrhl.com/wp-content/uploads/2021/11/Cobras_Logo-128x128.png,#2B8C5C,17,1,16,0,2,60,114,-54
Regular Season 2024-2025,2024-2025,regular,2024-11-14,Eagles,https://ormrhl.com/wp-content/uploads/2021/11/Eagles_logo-128x128.png,#A31E2E,17,14,2,1,29,79,41,38
Regular Season 2024-2025,2024-2025,regular,2024-11-14,Falcons,https://ormrhl.com/wp-content/uploads/2021/11/falcons_icon-128x128.png,#233A6B,17,6,9,2,14,54,77,-23
Regular Season 2024-2025,2024-2025,regular,2024-11-14,Grizzlies,https://ormrhl.com/wp-content/uploads/2022/09/grizzlies-128x128.png,#8B4A26,17,11,4,2,24,103,62,41
Regular Season 2024-2025,2024-2025,regular,2024-11-14,Komodo Dragons,https://ormrhl.com/wp-content/uploads/2022/09/komodo-128x128.png,#3B6E2A,17,11,5,1,23,86,53,33
Regular Season 2024-2025,2024-2025,regular,2024-11-14,Marlins,https://ormrhl.com/wp-content/uploads/2021/11/marlins_logo-128x128.png,#1E8A8A,17,7,10,0,14,92,102,-10
Regular Season 2024-2025,2024-2025,regular,2024-11-14,Rhinos,https://ormrhl.com/wp-content/uploads/2021/11/Rhinos_logo-128x128.png,#6B6F76,17,6,9,2,14,91,101,-10
Regular Season 2024-2025,2024-2025,regular,2024-11-14,Wildcats,https://ormrhl.com/wp-content/uploads/2021/11/wildcats_logo-128x128.png,#D97B29,17,8,9,0,16,79,94,-15
Regular Season 2024-2025,2024-2025,regular,2024-11-18,Cobras,https://ormrhl.com/wp-content/uploads/2021/11/Cobras_Logo-128x128.png,#2B8C5C,18,2,16,0,4,66,115,-49
Regular Season 2024-2025,2024-2025,regular,2024-11-18,Eagles,https://ormrhl.com/wp-content/uploads/2021/11/Eagles_logo-128x128.png,#A31E2E,18,14,3,1,29,80,45,35
Regular Season 2024-2025,2024-2025,regular,2024-11-18,Falcons,https://ormrhl.com/wp-content/uploads/2021/11/falcons_icon-128x128.png,#233A6B,18,6,10,2,14,56,82,-26
Regular Season 2024-2025,2024-2025,regular,2024-11-18,Grizzlies,https://ormrhl.com/wp-content/uploads/2022/09/grizzlies-128x128.png,#8B4A26,18,12,4,2,26,107,63,44
Regular Season 2024-2025,2024-2025,regular,2024-11-18,Komodo Dragons,https://ormrhl.com/wp-content/uploads/2022/09/komodo-128x128.png,#3B6E2A,18,12,5,1,25,93,59,34
Regular Season 2024-2025,2024-2025,regular,2024-11-18,Marlins,https://ormrhl.com/wp-content/uploads/2021/11/marlins_logo-128x128.png,#1E8A8A,18,7,11,0,14,98,109,-11
Regular Season 2024-2025,2024-2025,regular,2024-11-18,Rhinos,https://ormrhl.com/wp-content/uploads/2021/11/Rhinos_logo-128x128.png,#6B6F76,18,7,9,2,16,96,103,-7
Regular Season 2024-2025,2024-2025,regular,2024-11-18,Wildcats,https://ormrhl.com/wp-content/uploads/2021/11/wildcats_logo-128x128.png,#D97B29,18,8,10,0,16,80,100,-20
Regular Season 2024-2025,2024-2025,regular,2024-11-21,Cobras,https://ormrhl.com/wp-content/uploads/2021/11/Cobras_Logo-128x128.png,#2B8C5C,19,2,17,0,4,67,121,-54
Regular Season 2024-2025,2024-2025,regular,2024-11-21,Eagles,https://ormrhl.com/wp-content/uploads/2021/11/Eagles_logo-128x128.png,#A31E2E,19,15,3,1,31,86,46,40
Regular Season 2024-2025,2024-2025,regular,2024-11-21,Falcons,https://ormrhl.com/wp-content/uploads/2021/11/falcons_icon-128x128.png,#233A6B,19,7,10,2,16,59,84,-25
Regular Season 2024-2025,2024-2025,regular,2024-11-21,Grizzlies,https://ormrhl.com/wp-content/uploads/2022/09/grizzlies-128x128.png,#8B4A26,19,13,4,2,28,118,65,53
Regular Season 2024-2025,2024-2025,regular,2024-11-21,Komodo Dragons,https://ormrhl.com/wp-content/uploads/2022/09/komodo-128x128.png,#3B6E2A,19,12,6,1,25,95,62,33
Regular Season 2024-2025,2024-2025,regular,2024-11-21,Marlins,https://ormrhl.com/wp-content/uploads/2021/11/marlins_logo-128x128.png,#1E8A8A,19,8,11,0,16,104,113,-9
Regular Season 2024-2025,2024-2025,regular,2024-11-21,Rhinos,https://ormrhl.com/wp-content/uploads/2021/11/Rhinos_logo-128x128.png,#6B6F76,19,7,10,2,16,100,109,-9
Regular Season 2024-2025,2024-2025,regular,2024-11-21,Wildcats,https://ormrhl.com/wp-content/uploads/2021/11/wildcats_logo-128x128.png,#D97B29,19,8,11,0,16,82,111,-29
Regular Season 2024-2025,2024-2025,regular,2024-12-12,Cobras,https://ormrhl.com/wp-content/uploads/2021/11/Cobras_Logo-128x128.png,#2B8C5C,20,3,17,0,6,75,126,-51
Regular Season 2024-2025,2024-2025,regular,2024-12-12,Eagles,https://ormrhl.com/wp-content/uploads/2021/11/Eagles_logo-128x128.png,#A31E2E,20,15,4,1,31,87,50,37
Regular Season 2024-2025,2024-2025,regular,2024-12-12,Falcons,https://ormrhl.com/wp-content/uploads/2021/11/falcons_icon-128x128.png,#233A6B,20,7,11,2,16,59,92,-33
Regular Season 2024-2025,2024-2025,regular,2024-12-12,Grizzlies,https://ormrhl.com/wp-content/uploads/2022/09/grizzlies-128x128.png,#8B4A26,20,14,4,2,30,122,66,56
Regular Season 2024-2025,2024-2025,regular,2024-12-12,Komodo Dragons,https://ormrhl.com/wp-content/uploads/2022/09/komodo-128x128.png,#3B6E2A,20,13,6,1,27,100,64,36
Regular Season 2024-2025,2024-2025,regular,2024-12-12,Marlins,https://ormrhl.com/wp-content/uploads/2021/11/marlins_logo-128x128.png,#1E8A8A,20,8,12,0,16,106,118,-12
Regular Season 2024-2025,2024-2025,regular,2024-12-12,Rhinos,https://ormrhl.com/wp-content/uploads/2021/11/Rhinos_logo-128x128.png,#6B6F76,20,8,10,2,18,108,109,-1
Regular Season 2024-2025,2024-2025,regular,2024-12-12,Wildcats,https://ormrhl.com/wp-content/uploads/2021/11/wildcats_logo-128x128.png,#D97B29,20,8,12,0,16,87,119,-32
Regular Season 2024-2025,2024-2025,regular,2024-12-16,Cobras,https://ormrhl.com/wp-content/uploads/2021/11/Cobras_Logo-128x128.png,#2B8C5C,21,4,17,0,8,80,128,-48
Regular Season 2024-2025,2024-2025,regular,2024-12-16,Eagles,https://ormrhl.com/wp-content/uploads/2021/11/Eagles_logo-128x128.png,#A31E2E,21,16,4,1,33,94,54,40
Regular Season 2024-2025,2024-2025,regular,2024-12-16,Falcons,https://ormrhl.com/wp-content/uploads/2021/11/falcons_icon-128x128.png,#233A6B,21,7,12,2,16,63,99,-36
Regular Season 2024-2025,2024-2025,regular,2024-12-16,Grizzlies,https://ormrhl.com/wp-content/uploads/2022/09/grizzlies-128x128.png,#8B4A26,21,15,4,2,32,128,69,59
Regular Season 2024-2025,2024-2025,regular,2024-12-16,Komodo Dragons,https://ormrhl.com/wp-content/uploads/2022/09/komodo-128x128.png,#3B6E2A,21,13,7,1,27,102,69,33
Regular Season 2024-2025,2024-2025,regular,2024-12-16,Marlins,https://ormrhl.com/wp-content/uploads/2021/11/marlins_logo-128x128.png,#1E8A8A,21,9,12,0,18,113,122,-9
Regular Season 2024-2025,2024-2025,regular,2024-12-16,Rhinos,https://ormrhl.com/wp-content/uploads/2021/11/Rhinos_logo-128x128.png,#6B6F76,21,8,11,2,18,111,115,-4
Regular Season 2024-2025,2024-2025,regular,2024-12-16,Wildcats,https://ormrhl.com/wp-content/uploads/2021/11/wildcats_logo-128x128.png,#D97B29,21,8,13,0,16,91,126,-35
Regular Season 2024-2025,2024-2025,regular,2024-12-19,Cobras,https://ormrhl.com/wp-content/uploads/2021/11/Cobras_Logo-128x128.png,#2B8C5C,22,5,17,0,10,85,130,-45
Regular Season 2024-2025,2024-2025,regular,2024-12-19,Eagles,https://ormrhl.com/wp-content/uploads/2021/11/Eagles_logo-128x128.png,#A31E2E,22,17,4,1,35,97,56,41
Regular Season 2024-2025,2024-2025,regular,2024-12-19,Falcons,https://ormrhl.com/wp-content/uploads/2021/11/falcons_icon-128x128.png,#233A6B,22,7,13,2,16,65,104,-39
Regular Season 2024-2025,2024-2025,regular,2024-12-19,Grizzlies,https://ormrhl.com/wp-content/uploads/2022/09/grizzlies-128x128.png,#8B4A26,22,15,5,2,32,130,73,57
Regular Season 2024-2025,2024-2025,regular,2024-12-19,Komodo Dragons,https://ormrhl.com/wp-content/uploads/2022/09/komodo-128x128.png,#3B6E2A,22,13,8,1,27,104,72,32
Regular Season 2024-2025,2024-2025,regular,2024-12-19,Marlins,https://ormrhl.com/wp-content/uploads/2021/11/marlins_logo-128x128.png,#1E8A8A,22,10,12,0,20,117,124,-7
Regular Season 2024-2025,2024-2025,regular,2024-12-19,Rhinos,https://ormrhl.com/wp-content/uploads/2021/11/Rhinos_logo-128x128.png,#6B6F76,22,9,11,2,20,117,116,1
Regular Season 2024-2025,2024-2025,regular,2024-12-19,Wildcats,https://ormrhl.com/wp-content/uploads/2021/11/wildcats_logo-128x128.png,#D97B29,22,8,14,0,16,92,132,-40
Regular Season 2024-2025,2024-2025,regular,2024-12-23,Cobras,https://ormrhl.com/wp-content/uploads/2021/11/Cobras_Logo-128x128.png,#2B8C5C,23,6,17,0,12,87,131,-44
Regular Season 2024-2025,2024-2025,regular,2024-12-23,Eagles,https://ormrhl.com/wp-content/uploads/2021/11/Eagles_logo-128x128.png,#A31E2E,23,18,4,1,37,101,59,42
Regular Season 2024-2025,2024-2025,regular,2024-12-23,Falcons,https://ormrhl.com/wp-content/uploads/2021/11/falcons_icon-128x128.png,#233A6B,23,7,14,2,16,66,106,-40
Regular Season 2024-2025,2024-2025,regular,2024-12-23,Grizzlies,https://ormrhl.com/wp-content/uploads/2022/09/grizzlies-128x128.png,#8B4A26,23,15,6,2,32,136,80,56
Regular Season 2024-2025,2024-2025,regular,2024-12-23,Komodo Dragons,https://ormrhl.com/wp-content/uploads/2022/09/komodo-128x128.png,#3B6E2A,23,13,9,1,27,107,76,31
Regular Season 2024-2025,2024-2025,regular,2024-12-23,Marlins,https://ormrhl.com/wp-content/uploads/2021/11/marlins_logo-128x128.png,#1E8A8A,23,11,12,0,22,124,130,-6
Regular Season 2024-2025,2024-2025,regular,2024-12-23,Rhinos,https://ormrhl.com/wp-content/uploads/2021/11/Rhinos_logo-128x128.png,#6B6F76,23,10,11,2,22,126,120,6
Regular Season 2024-2025,2024-2025,regular,2024-12-23,Wildcats,https://ormrhl.com/wp-content/uploads/2021/11/wildcats_logo-128x128.png,#D97B29,23,8,15,0,16,96,141,-45
Regular Season 2024-2025,2024-2025,regular,2025-01-02,Cobras,https://ormrhl.com/wp-content/uploads/2021/11/Cobras_Logo-128x128.png,#2B8C5C,24,6,18,0,12,88,134,-46
Regular Season 2024-2025,2024-2025,regular,2025-01-02,Eagles,https://ormrhl.com/wp-content/uploads/2021/11/Eagles_logo-128x128.png,#A31E2E,24,19,4,1,39,106,61,45
Regular Season 2024-2025,2024-2025,regular,2025-01-02,Falcons,https://ormrhl.com/wp-content/uploads/2021/11/falcons_icon-128x128.png,#233A6B,24,7,15,2,16,68,113,-45
Regular Season 2024-2025,2024-2025,regular,2025-01-02,Grizzlies,https://ormrhl.com/wp-content/uploads/2022/09/grizzlies-128x128.png,#8B4A26,24,15,7,2,32,138,85,53
Regular Season 2024-2025,2024-2025,regular,2025-01-02,Komodo Dragons,https://ormrhl.com/wp-content/uploads/2022/09/komodo-128x128.png,#3B6E2A,24,14,9,1,29,114,77,37
Regular Season 2024-2025,2024-2025,regular,2025-01-02,Marlins,https://ormrhl.com/wp-content/uploads/2021/11/marlins_logo-128x128.png,#1E8A8A,24,11,13,0,22,125,137,-12
Regular Season 2024-2025,2024-2025,regular,2025-01-02,Rhinos,https://ormrhl.com/wp-content/uploads/2021/11/Rhinos_logo-128x128.png,#6B6F76,24,11,11,2,24,133,122,11
Regular Season 2024-2025,2024-2025,regular,2025-01-02,Wildcats,https://ormrhl.com/wp-content/uploads/2021/11/wildcats_logo-128x128.png,#D97B29,24,9,15,0,18,99,142,-43
Regular Season 2024-2025,2024-2025,regular,2025-01-06,Cobras,https://ormrhl.com/wp-content/uploads/2021/11/Cobras_Logo-128x128.png,#2B8C5C,25,6,19,0,12,92,143,-51
Regular Season 2024-2025,2024-2025,regular,2025-01-06,Eagles,https://ormrhl.com/wp-content/uploads/2021/11/Eagles_logo-128x128.png,#A31E2E,25,20,4,1,41,115,65,50
Regular Season 2024-2025,2024-2025,regular,2025-01-06,Falcons,https://ormrhl.com/wp-content/uploads/2021/11/falcons_icon-128x128.png,#233A6B,25,7,16,2,16,70,116,-46
Regular Season 2024-2025,2024-2025,regular,2025-01-06,Grizzlies,https://ormrhl.com/wp-content/uploads/2022/09/grizzlies-128x128.png,#8B4A26,25,16,7,2,34,150,90,60
Regular Season 2024-2025,2024-2025,regular,2025-01-06,Komodo Dragons,https://ormrhl.com/wp-content/uploads/2022/09/komodo-128x128.png,#3B6E2A,25,15,9,1,31,117,79,38
Regular Season 2024-2025,2024-2025,regular,2025-01-06,Marlins,https://ormrhl.com/wp-content/uploads/2021/11/marlins_logo-128x128.png,#1E8A8A,25,11,14,0,22,129,143,-14
Regular Season 2024-2025,2024-2025,regular,2025-01-06,Rhinos,https://ormrhl.com/wp-content/uploads/2021/11/Rhinos_logo-128x128.png,#6B6F76,25,12,11,2,26,139,126,13
Regular Season 2024-2025,2024-2025,regular,2025-01-06,Wildcats,https://ormrhl.com/wp-content/uploads/2021/11/wildcats_logo-128x128.png,#D97B29,25,9,16,0,18,104,154,-50
Regular Season 2024-2025,2024-2025,regular,2025-01-09,Cobras,https://ormrhl.com/wp-content/uploads/2021/11/Cobras_Logo-128x128.png,#2B8C5C,26,7,19,0,14,96,146,-50
Regular Season 2024-2025,2024-2025,regular,2025-01-09,Eagles,https://ormrhl.com/wp-content/uploads/2021/11/Eagles_logo-128x128.png,#A31E2E,26,21,4,1,43,122,70,52
Regular Season 2024-2025,2024-2025,regular,2025-01-09,Falcons,https://ormrhl.com/wp-content/uploads/2021/11/falcons_icon-128x128.png,#233A6B,26,8,16,2,18,75,117,-42
Regular Season 2024-2025,2024-2025,regular,2025-01-09,Grizzlies,https://ormrhl.com/wp-content/uploads/2022/09/grizzlies-128x128.png,#8B4A26,26,16,8,2,34,155,96,59
Regular Season 2024-2025,2024-2025,regular,2025-01-09,Komodo Dragons,https://ormrhl.com/wp-content/uploads/2022/09/komodo-128x128.png,#3B6E2A,26,15,10,1,31,120,83,37
Regular Season 2024-2025,2024-2025,regular,2025-01-09,Marlins,https://ormrhl.com/wp-content/uploads/2021/11/marlins_logo-128x128.png,#1E8A8A,26,11,15,0,22,130,148,-18
Regular Season 2024-2025,2024-2025,regular,2025-01-09,Rhinos,https://ormrhl.com/wp-content/uploads/2021/11/Rhinos_logo-128x128.png,#6B6F76,26,13,11,2,28,145,131,14
Regular Season 2024-2025,2024-2025,regular,2025-01-09,Wildcats,https://ormrhl.com/wp-content/uploads/2021/11/wildcats_logo-128x128.png,#D97B29,26,9,17,0,18,109,161,-52
Regular Season 2024-2025,2024-2025,regular,2025-01-13,Cobras,https://ormrhl.com/wp-content/uploads/2021/11/Cobras_Logo-128x128.png,#2B8C5C,27,7,20,0,14,98,151,-53
Regular Season 2024-2025,2024-2025,regular,2025-01-13,Eagles,https://ormrhl.com/wp-content/uploads/2021/11/Eagles_logo-128x128.png,#A31E2E,27,22,4,1,45,127,72,55
Regular Season 2024-2025,2024-2025,regular,2025-01-13,Falcons,https://ormrhl.com/wp-content/uploads/2021/11/falcons_icon-128x128.png,#233A6B,27,8,17,2,18,76,121,-45
Regular Season 2024-2025,2024-2025,regular,2025-01-13,Grizzlies,https://ormrhl.com/wp-content/uploads/2022/09/grizzlies-128x128.png,#8B4A26,27,17,8,2,36,159,97,62
Regular Season 2024-2025,2024-2025,regular,2025-01-13,Komodo Dragons,https://ormrhl.com/wp-content/uploads/2022/09/komodo-128x128.png,#3B6E2A,27,16,10,1,33,131,87,44
Regular Season 2024-2025,2024-2025,regular,2025-01-13,Marlins,https://ormrhl.com/wp-content/uploads/2021/11/marlins_logo-128x128.png,#1E8A8A,27,12,15,0,24,135,150,-15
Regular Season 2024-2025,2024-2025,regular,2025-01-13,Rhinos,https://ormrhl.com/wp-content/uploads/2021/11/Rhinos_logo-128x128.png,#6B6F76,27,13,12,2,28,147,136,11
Regular Season 2024-2025,2024-2025,regular,2025-01-13,Wildcats,https://ormrhl.com/wp-content/uploads/2021/11/wildcats_logo-128x128.png,#D97B29,27,9,18,0,18,113,172,-59
Regular Season 2024-2025,2024-2025,regular,2025-01-16,Cobras,https://ormrhl.com/wp-content/uploads/2021/11/Cobras_Logo-128x128.png,#2B8C5C,28,7,21,0,14,101,160,-59
Regular Season 2024-2025,2024-2025,regular,2025-01-16,Eagles,https://ormrhl.com/wp-content/uploads/2021/11/Eagles_logo-128x128.png,#A31E2E,28,23,4,1,47,135,72,63
Regular Season 2024-2025,2024-2025,regular,2025-01-16,Falcons,https://ormrhl.com/wp-content/uploads/2021/11/falcons_icon-128x128.png,#233A6B,28,8,18,2,18,76,129,-53
Regular Season 2024-2025,2024-2025,regular,2025-01-16,Grizzlies,https://ormrhl.com/wp-content/uploads/2022/09/grizzlies-128x128.png,#8B4A26,28,18,8,2,38,168,100,68
Regular Season 2024-2025,2024-2025,regular,2025-01-16,Komodo Dragons,https://ormrhl.com/wp-content/uploads/2022/09/komodo-128x128.png,#3B6E2A,28,17,10,1,35,138,90,48
Regular Season 2024-2025,2024-2025,regular,2025-01-16,Marlins,https://ormrhl.com/wp-content/uploads/2021/11/marlins_logo-128x128.png,#1E8A8A,28,13,15,0,26,144,155,-11
Regular Season 2024-2025,2024-2025,regular,2025-01-16,Rhinos,https://ormrhl.com/wp-content/uploads/2021/11/Rhinos_logo-128x128.png,#6B6F76,28,13,13,2,28,150,143,7
Regular Season 2024-2025,2024-2025,regular,2025-01-16,Wildcats,https://ormrhl.com/wp-content/uploads/2021/11/wildcats_logo-128x128.png,#D97B29,28,9,19,0,18,118,181,-63
Regular Season 2024-2025,2024-2025,regular,2025-01-20,Cobras,https://ormrhl.com/wp-content/uploads/2021/11/Cobras_Logo-128x128.png,#2B8C5C,29,8,21,0,16,104,162,-58
Regular Season 2024-2025,2024-2025,regular,2025-01-20,Eagles,https://ormrhl.com/wp-content/uploads/2021/11/Eagles_logo-128x128.png,#A31E2E,29,23,5,1,47,138,78,60
Regular Season 2024-2025,2024-2025,regular,2025-01-20,Falcons,https://ormrhl.com/wp-content/uploads/2021/11/falcons_icon-128x128.png,#233A6B,29,8,19,2,18,78,132,-54
Regular Season 2024-2025,2024-2025,regular,2025-01-20,Grizzlies,https://ormrhl.com/wp-content/uploads/2022/09/grizzlies-128x128.png,#8B4A26,29,19,8,2,40,177,102,75
Regular Season 2024-2025,2024-2025,regular,2025-01-20,Komodo Dragons,https://ormrhl.com/wp-content/uploads/2022/09/komodo-128x128.png,#3B6E2A,29,18,10,1,37,144,93,51
Regular Season 2024-2025,2024-2025,regular,2025-01-20,Marlins,https://ormrhl.com/wp-content/uploads/2021/11/marlins_logo-128x128.png,#1E8A8A,29,13,16,0,26,146,164,-18
Regular Season 2024-2025,2024-2025,regular,2025-01-20,Rhinos,https://ormrhl.com/wp-content/uploads/2021/11/Rhinos_logo-128x128.png,#6B6F76,29,13,14,2,28,158,153,5
Regular Season 2024-2025,2024-2025,regular,2025-01-20,Wildcats,https://ormrhl.com/wp-content/uploads/2021/11/wildcats_logo-128x128.png,#D97B29,29,10,19,0,20,128,189,-61
Regular Season 2024-2025,2024-2025,regular,2025-01-23,Cobras,https://ormrhl.com/wp-content/uploads/2021/11/Cobras_Logo-128x128.png,#2B8C5C,30,8,22,0,16,107,168,-61
Regular Season 2024-2025,2024-2025,regular,2025-01-23,Eagles,https://ormrhl.com/wp-content/uploads/2021/11/Eagles_logo-128x128.png,#A31E2E,30,24,5,1,49,140,79,61
Regular Season 2024-2025,2024-2025,regular,2025-01-23,Falcons,https://ormrhl.com/wp-content/uploads/2021/11/falcons_icon-128x128.png,#233A6B,30,8,19,3,19,81,135,-54
Regular Season 2024-2025,2024-2025,regular,2025-01-23,Grizzlies,https://ormrhl.com/wp-content/uploads/2022/09/grizzlies-128x128.png,#8B4A26,30,19,9,2,40,179,105,74
Regular Season 2024-2025,2024-2025,regular,2025-01-23,Komodo Dragons,https://ormrhl.com/wp-content/uploads/2022/09/komodo-128x128.png,#3B6E2A,30,19,10,1,39,147,95,52
Regular Season 2024-2025,2024-2025,regular,2025-01-23,Marlins,https://ormrhl.com/wp-content/uploads/2021/11/marlins_logo-128x128.png,#1E8A8A,30,13,17,0,26,147,166,-19
Regular Season 2024-2025,2024-2025,regular,2025-01-23,Rhinos,https://ormrhl.com/wp-content/uploads/2021/11/Rhinos_logo-128x128.png,#6B6F76,30,14,14,2,30,164,156,8
Regular Season 2024-2025,2024-2025,regular,2025-01-23,Wildcats,https://ormrhl.com/wp-content/uploads/2021/11/wildcats_logo-128x128.png,#D97B29,30,10,19,1,21,131,192,-61
Regular Season 2024-2025,2024-2025,regular,2025-01-27,Cobras,https://ormrhl.com/wp-content/uploads/2021/11/Cobras_Logo-128x128.png,#2B8C5C,31,8,23,0,16,109,173,-64
Regular Season 2024-2025,2024-2025,regular,2025-01-27,Eagles,https://ormrhl.com/wp-content/uploads/2021/11/Eagles_logo-128x128.png,#A31E2E,31,25,5,1,51,145,81,64
Regular Season 2024-2025,2024-2025,regular,2025-01-27,Falcons,https://ormrhl.com/wp-content/uploads/2021/11/falcons_icon-128x128.png,#233A6B,31,8,20,3,19,83,141,-58
Regular Season 2024-2025,2024-2025,regular,2025-01-27,Grizzlies,https://ormrhl.com/wp-content/uploads/2022/09/grizzlies-128x128.png,#8B4A26,31,20,9,2,42,187,109,78
Regular Season 2024-2025,2024-2025,regular,2025-01-27,Komodo Dragons,https://ormrhl.com/wp-content/uploads/2022/09/komodo-128x128.png,#3B6E2A,31,20,10,1,41,153,97,56
Regular Season 2024-2025,2024-2025,regular,2025-01-27,Marlins,https://ormrhl.com/wp-content/uploads/2021/11/marlins_logo-128x128.png,#1E8A8A,31,13,18,0,26,150,172,-22
Regular Season 2024-2025,2024-2025,regular,2025-01-27,Rhinos,https://ormrhl.com/wp-content/uploads/2021/11/Rhinos_logo-128x128.png,#6B6F76,31,15,14,2,32,170,159,11
Regular Season 2024-2025,2024-2025,regular,2025-01-27,Wildcats,https://ormrhl.com/wp-content/uploads/2021/11/wildcats_logo-128x128.png,#D97B29,31,10,20,1,21,135,200,-65
Regular Season 2024-2025,2024-2025,regular,2025-01-30,Cobras,https://ormrhl.com/wp-content/uploads/2021/11/Cobras_Logo-128x128.png,#2B8C5C,32,9,23,0,18,116,179,-63
Regular Season 2024-2025,2024-2025,regular,2025-01-30,Eagles,https://ormrhl.com/wp-content/uploads/2021/11/Eagles_logo-128x128.png,#A31E2E,32,26,5,1,53,151,82,69
Regular Season 2024-2025,2024-2025,regular,2025-01-30,Falcons,https://ormrhl.com/wp-content/uploads/2021/11/falcons_icon-128x128.png,#233A6B,32,8,21,3,19,87,149,-62
Regular Season 2024-2025,2024-2025,regular,2025-01-30,Grizzlies,https://ormrhl.com/wp-content/uploads/2022/09/grizzlies-128x128.png,#8B4A26,32,20,10,2,42,188,115,73
Regular Season 2024-2025,2024-2025,regular,2025-01-30,Komodo Dragons,https://ormrhl.com/wp-content/uploads/2022/09/komodo-128x128.png,#3B6E2A,32,21,10,1,43,157,100,57
Regular Season 2024-2025,2024-2025,regular,2025-01-30,Marlins,https://ormrhl.com/wp-content/uploads/2021/11/marlins_logo-128x128.png,#1E8A8A,32,13,19,0,26,153,176,-23
Regular Season 2024-2025,2024-2025,regular,2025-01-30,Rhinos,https://ormrhl.com/wp-content/uploads/2021/11/Rhinos_logo-128x128.png,#6B6F76,32,16,14,2,34,178,163,15
Regular Season 2024-2025,2024-2025,regular,2025-01-30,Wildcats,https://ormrhl.com/wp-content/uploads/2021/11/wildcats_logo-128x128.png,#D97B29,32,10,21,1,21,141,207,-66
Regular Season 2024-2025,2024-2025,regular,2025-02-03,Cobras,https://ormrhl.com/wp-content/uploads/2021/11/Cobras_Logo-128x128.png,#2B8C5C,33,9,24,0,18,117,185,-68
Regular Season 2024-2025,2024-2025,regular,2025-02-03,Eagles,https://ormrhl.com/wp-content/uploads/2021/11/Eagles_logo-128x128.png,#A31E2E,33,27,5,1,55,154,83,71
Regular Season 2024-2025,2024-2025,regular,2025-02-03,Falcons,https://ormrhl.com/wp-content/uploads/2021/11/falcons_icon-128x128.png,#233A6B,33,8,22,3,19,88,152,-64
Regular Season 2024-2025,2024-2025,regular,2025-02-03,Grizzlies,https://ormrhl.com/wp-content/uploads/2022/09/grizzlies-128x128.png,#8B4A26,33,21,10,2,44,194,116,78
Regular Season 2024-2025,2024-2025,regular,2025-02-03,Komodo Dragons,https://ormrhl.com/wp-content/uploads/2022/09/komodo-128x128.png,#3B6E2A,33,22,10,1,45,168,106,62
Regular Season 2024-2025,2024-2025,regular,2025-02-03,Marlins,https://ormrhl.com/wp-content/uploads/2021/11/marlins_logo-128x128.png,#1E8A8A,33,14,19,0,28,160,182,-22
Regular Season 2024-2025,2024-2025,regular,2025-02-03,Rhinos,https://ormrhl.com/wp-content/uploads/2021/11/Rhinos_logo-128x128.png,#6B6F76,33,16,15,2,34,184,174,10
Regular Season 2024-2025,2024-2025,regular,2025-02-03,Wildcats,https://ormrhl.com/wp-content/uploads/2021/11/wildcats_logo-128x128.png,#D97B29,33,10,22,1,21,147,214,-67
Regular Season 2024-2025,2024-2025,regular,2025-02-06,Cobras,https://ormrhl.com/wp-content/uploads/2021/11/Cobras_Logo-128x128.png,#2B8C5C,34,9,25,0,18,118,189,-71
Regular Season 2024-2025,2024-2025,regular,2025-02-06,Eagles,https://ormrhl.com/wp-content/uploads/2021/11/Eagles_logo-128x128.png,#A31E2E,34,28,5,1,57,160,86,74
Regular Season 2024-2025,2024-2025,regular,2025-02-06,Falcons,https://ormrhl.com/wp-content/uploads/2021/11/falcons_icon-128x128.png,#233A6B,34,9,22,3,21,92,154,-62
Regular Season 2024-2025,2024-2025,regular,2025-02-06,Grizzlies,https://ormrhl.com/wp-content/uploads/2022/09/grizzlies-128x128.png,#8B4A26,34,21,11,2,44,195,125,70
Regular Season 2024-2025,2024-2025,regular,2025-02-06,Komodo Dragons,https://ormrhl.com/wp-content/uploads/2022/09/komodo-128x128.png,#3B6E2A,34,23,10,1,47,172,107,65
Regular Season 2024-2025,2024-2025,regular,2025-02-06,Marlins,https://ormrhl.com/wp-content/uploads/2021/11/marlins_logo-128x128.png,#1E8A8A,34,14,20,0,28,162,186,-24
Regular Season 2024-2025,2024-2025,regular,2025-02-06,Rhinos,https://ormrhl.com/wp-content/uploads/2021/11/Rhinos_logo-128x128.png,#6B6F76,34,17,15,2,36,193,175,18
Regular Season 2024-2025,2024-2025,regular,2025-02-06,Wildcats,https://ormrhl.com/wp-content/uploads/2021/11/wildcats_logo-128x128.png,#D97B29,34,10,23,1,21,150,220,-70
Regular Season 2024-2025,2024-2025,regular,2025-02-10,Cobras,https://ormrhl.com/wp-content/uploads/2021/11/Cobras_Logo-128x128.png,#2B8C5C,35,9,26,0,18,122,198,-76
Regular Season 2024-2025,2024-2025,regular,2025-02-10,Eagles,https://ormrhl.com/wp-content/uploads/2021/11/Eagles_logo-128x128.png,#A31E2E,35,28,6,1,57,162,91,71
Regular Season 2024-2025,2024-2025,regular,2025-02-10,Falcons,https://ormrhl.com/wp-content/uploads/2021/11/falcons_icon-128x128.png,#233A6B,35,9,23,3,21,94,157,-63
Regular Season 2024-2025,2024-2025,regular,2025-02-10,Grizzlies,https://ormrhl.com/wp-content/uploads/2022/09/grizzlies-128x128.png,#8B4A26,35,22,11,2,46,198,127,71
Regular Season 2024-2025,2024-2025,regular,2025-02-10,Komodo Dragons,https://ormrhl.com/wp-content/uploads/2022/09/komodo-128x128.png,#3B6E2A,35,24,10,1,49,178,111,67
Regular Season 2024-2025,2024-2025,regular,2025-02-10,Marlins,https://ormrhl.com/wp-content/uploads/2021/11/marlins_logo-128x128.png,#1E8A8A,35,15,20,0,30,171,190,-19
Regular Season 2024-2025,2024-2025,regular,2025-02-10,Rhinos,https://ormrhl.com/wp-content/uploads/2021/11/Rhinos_logo-128x128.png,#6B6F76,35,18,15,2,38,198,177,21
Regular Season 2024-2025,2024-2025,regular,2025-02-10,Wildcats,https://ormrhl.com/wp-content/uploads/2021/11/wildcats_logo-128x128.png,#D97B29,35,10,24,1,21,154,226,-72
Regular Season 2024-2025,2024-2025,regular,2025-02-13,Cobras,https://ormrhl.com/wp-content/uploads/2021/11/Cobras_Logo-128x128.png,#2B8C5C,36,9,27,0,18,122,199,-77
Regular Season 2024-2025,2024-2025,regular,2025-02-13,Eagles,https://ormrhl.com/wp-content/uploads/2021/11/Eagles_logo-128x128.png,#A31E2E,36,29,6,1,59,166,93,73
Regular Season 2024-2025,2024-2025,regular,2025-02-13,Falcons,https://ormrhl.com/wp-content/uploads/2021/11/falcons_icon-128x128.png,#233A6B,36,10,23,3,23,97,159,-62
Regular Season 2024-2025,2024-2025,regular,2025-02-13,Grizzlies,https://ormrhl.com/wp-content/uploads/2022/09/grizzlies-128x128.png,#8B4A26,36,22,12,2,46,201,133,68
Regular Season 2024-2025,2024-2025,regular,2025-02-13,Komodo Dragons,https://ormrhl.com/wp-content/uploads/2022/09/komodo-128x128.png,#3B6E2A,36,25,10,1,51,184,114,70
Regular Season 2024-2025,2024-2025,regular,2025-02-13,Marlins,https://ormrhl.com/wp-content/uploads/2021/11/marlins_logo-128x128.png,#1E8A8A,36,15,21,0,30,173,194,-21
Regular Season 2024-2025,2024-2025,regular,2025-02-13,Rhinos,https://ormrhl.com/wp-content/uploads/2021/11/Rhinos_logo-128x128.png,#6B6F76,36,19,15,2,40,199,177,22
Regular Season 2024-2025,2024-2025,regular,2025-02-13,Wildcats,https://ormrhl.com/wp-content/uploads/2021/11/wildcats_logo-128x128.png,#D97B29,36,10,25,1,21,156,229,-73
Regular Season 2024-2025,2024-2025,regular,2025-02-24,Cobras,https://ormrhl.com/wp-content/uploads/2021/11/Cobras_Logo-128x128.png,#2B8C5C,37,9,28,0,18,125,204,-79
Regular Season 2024-2025,2024-2025,regular,2025-02-24,Eagles,https://ormrhl.com/wp-content/uploads/2021/11/Eagles_logo-128x128.png,#A31E2E,37,30,6,1,61,171,96,75
Regular Season 2024-2025,2024-2025,regular,2025-02-24,Falcons,https://ormrhl.com/wp-content/uploads/2021/11/falcons_icon-128x128.png,#233A6B,37,10,24,3,23,99,162,-63
Regular Season 2024-2025,2024-2025,regular,2025-02-24,Grizzlies,https://ormrhl.com/wp-content/uploads/2022/09/grizzlies-128x128.png,#8B4A26,37,22,13,2,46,202,135,67
Regular Season 2024-2025,2024-2025,regular,2025-02-24,Komodo Dragons,https://ormrhl.com/wp-content/uploads/2022/09/komodo-128x128.png,#3B6E2A,37,26,10,1,53,187,116,71
Regular Season 2024-2025,2024-2025,regular,2025-02-24,Marlins,https://ormrhl.com/wp-content/uploads/2021/11/marlins_logo-128x128.png,#1E8A8A,37,15,22,0,30,181,203,-22
Regular Season 2024-2025,2024-2025,regular,2025-02-24,Rhinos,https://ormrhl.com/wp-content/uploads/2021/11/Rhinos_logo-128x128.png,#6B6F76,37,20,15,2,42,208,185,23
Regular Season 2024-2025,2024-2025,regular,2025-02-24,Wildcats,https://ormrhl.com/wp-content/uploads/2021/11/wildcats_logo-128x128.png,#D97B29,37,11,25,1,23,158,230,-72
Regular Season 2024-2025,2024-2025,regular,2025-02-27,Cobras,https://ormrhl.com/wp-content/uploads/2021/11/Cobras_Logo-128x128.png,#2B8C5C,38,9,29,0,18,128,217,-89
Regular Season 2024-2025,2024-2025,regular,2025-02-27,Eagles,https://ormrhl.com/wp-content/uploads/2021/11/Eagles_logo-128x128.png,#A31E2E,38,31,6,1,63,176,97,79
Regular Season 2024-2025,2024-2025,regular,2025-02-27,Falcons,https://ormrhl.com/wp-content/uploads/2021/11/falcons_icon-128x128.png,#233A6B,38,10,25,3,23,103,169,-66
Regular Season 2024-2025,2024-2025,regular,2025-02-27,Grizzlies,https://ormrhl.com/wp-content/uploads/2022/09/grizzlies-128x128.png,#8B4A26,38,22,14,2,46,208,144,64
Regular Season 2024-2025,2024-2025,regular,2025-02-27,Komodo Dragons,https://ormrhl.com/wp-content/uploads/2022/09/komodo-128x128.png,#3B6E2A,38,27,10,1,55,200,119,81
Regular Season 2024-2025,2024-2025,regular,2025-02-27,Marlins,https://ormrhl.com/wp-content/uploads/2021/11/marlins_logo-128x128.png,#1E8A8A,38,16,22,0,32,188,207,-19
Regular Season 2024-2025,2024-2025,regular,2025-02-27,Rhinos,https://ormrhl.com/wp-content/uploads/2021/11/Rhinos_logo-128x128.png,#6B6F76,38,21,15,2,44,217,191,26
Regular Season 2024-2025,2024-2025,regular,2025-02-27,Wildcats,https://ormrhl.com/wp-content/uploads/2021/11/wildcats_logo-128x128.png,#D97B29,38,11,26,1,23,159,235,-76
Regular Season 2024-2025,2024-2025,regular,2025-03-03,Cobras,https://ormrhl.com/wp-content/uploads/2021/11/Cobras_Logo-128x128.png,#2B8C5C,39,9,30,0,18,130,221,-91
Regular Season 2024-2025,2024-2025,regular,2025-03-03,Eagles,https://ormrhl.com/wp-content/uploads/2021/11/Eagles_logo-128x128.png,#A31E2E,39,31,6,2,64,178,99,79
Regular Season 2024-2025,2024-2025,regular,2025-03-03,Falcons,https://ormrhl.com/wp-content/uploads/2021/11/falcons_icon-128x128.png,#233A6B,39,10,25,4,24,105,171,-66
Regular Season 2024-2025,2024-2025,regular,2025-03-03,Grizzlies,https://ormrhl.com/wp-content/uploads/2022/09/grizzlies-128x128.png,#8B4A26,39,23,14,2,48,212,146,66
Regular Season 2024-2025,2024-2025,regular,2025-03-03,Komodo Dragons,https://ormrhl.com/wp-content/uploads/2022/09/komodo-128x128.png,#3B6E2A,39,28,10,1,57,204,122,82
Regular Season 2024-2025,2024-2025,regular,2025-03-03,Marlins,https://ormrhl.com/wp-content/uploads/2021/11/marlins_logo-128x128.png,#1E8A8A,39,16,23,0,32,193,214,-21
Regular Season 2024-2025,2024-2025,regular,2025-03-03,Rhinos,https://ormrhl.com/wp-content/uploads/2021/11/Rhinos_logo-128x128.png,#6B6F76,39,21,16,2,44,220,195,25
Regular Season 2024-2025,2024-2025,regular,2025-03-03,Wildcats,https://ormrhl.com/wp-content/uploads/2021/11/wildcats_logo-128x128.png,#D97B29,39,12,26,1,25,166,240,-74
Regular Season 2024-2025,2024-2025,regular,2025-03-06,Cobras,https://ormrhl.com/wp-content/uploads/2021/11/Cobras_Logo-128x128.png,#2B8C5C,40,9,31,0,18,134,227,-93
Regular Season 2024-2025,2024-2025,regular,2025-03-06,Eagles,https://ormrhl.com/wp-content/uploads/2021/11/Eagles_logo-128x128.png,#A31E2E,40,32,6,2,66,181,100,81
Regular Season 2024-2025,2024-2025,regular,2025-03-06,Falcons,https://ormrhl.com/wp-content/uploads/2021/11/falcons_icon-128x128.png,#233A6B,40,10,26,4,24,109,176,-67
Regular Season 2024-2025,2024-2025,regular,2025-03-06,Grizzlies,https://ormrhl.com/wp-content/uploads/2022/09/grizzlies-128x128.png,#8B4A26,40,24,14,2,50,217,150,67
Regular Season 2024-2025,2024-2025,regular,2025-03-06,Komodo Dragons,https://ormrhl.com/wp-content/uploads/2022/09/komodo-128x128.png,#3B6E2A,40,28,11,1,57,206,125,81
Regular Season 2024-2025,2024-2025,regular,2025-03-06,Marlins,https://ormrhl.com/wp-content/uploads/2021/11/marlins_logo-128x128.png,#1E8A8A,40,17,23,0,34,199,218,-19
Regular Season 2024-2025,2024-2025,regular,2025-03-06,Rhinos,https://ormrhl.com/wp-content/uploads/2021/11/Rhinos_logo-128x128.png,#6B6F76,40,21,17,2,44,221,198,23
Regular Season 2024-2025,2024-2025,regular,2025-03-06,Wildcats,https://ormrhl.com/wp-content/uploads/2021/11/wildcats_logo-128x128.png,#D97B29,40,13,26,1,27,169,242,-73
Playoffs 2025-2026,2025-2026,playoffs,2026-03-09,Cobras,https://ormrhl.com/wp-content/uploads/2021/11/Cobras_Logo-128x128.png,#2B8C5C,1,1,0,0,2,3,2,1
Playoffs 2025-2026,2025-2026,playoffs,2026-03-09,Eagles,https://ormrhl.com/wp-content/uploads/2021/11/Eagles_logo-128x128.png,#A31E2E,1,0,1,0,0,2,3,-1
Playoffs 2025-2026,2025-2026,playoffs,2026-03-09,Grizzlies,https://ormrhl.com/wp-content/uploads/2022/09/grizzlies-128x128.png,#8B4A26,1,1,0,0,2,3,2,1
Playoffs 2025-2026,2025-2026,playoffs,2026-03-09,Kings,https://ormrhl.com/wp-content/uploads/2025/09/kingsfin-128x128.png,#5B2A86,1,1,0,0,2,3,1,2
Playoffs 2025-2026,2025-2026,playoffs,2026-03-09,Komodo Dragons,https://ormrhl.com/wp-content/uploads/2022/09/komodo-128x128.png,#3B6E2A,1,1,0,0,2,7,2,5
Playoffs 2025-2026,2025-2026,playoffs,2026-03-09,Leafs,https://ormrhl.com/wp-content/uploads/2025/09/leafsfin-128x128.png,#1B4D8E,1,0,1,0,0,2,3,-1
Playoffs 2025-2026,2025-2026,playoffs,2026-03-09,Rhinos,https://ormrhl.com/wp-content/uploads/2021/11/Rhinos_logo-128x128.png,#6B6F76,1,0,1,0,0,2,7,-5
Playoffs 2025-2026,2025-2026,playoffs,2026-03-09,Wildcats,https://ormrhl.com/wp-content/uploads/2021/11/wildcats_logo-128x128.png,#D97B29,1,0,1,0,0,1,3,-2
Playoffs 2025-2026,2025-2026,playoffs,2026-03-12,Cobras,https://ormrhl.com/wp-content/uploads/2021/11/Cobras_Logo-128x128.png,#2B8C5C,2,1,1,0,2,6,6,0
Playoffs 2025-2026,2025-2026,playoffs,2026-03-12,Eagles,https://ormrhl.com/wp-content/uploads/2021/11/Eagles_logo-128x128.png,#A31E2E,2,0,2,0,0,5,9,-4
Playoffs 2025-2026,2025-2026,playoffs,2026-03-12,Grizzlies,https://ormrhl.com/wp-content/uploads/2022/09/grizzlies-128x128.png,#8B4A26,2,2,0,0,4,7,5,2
Playoffs 2025-2026,2025-2026,playoffs,2026-03-12,Kings,https://ormrhl.com/wp-content/uploads/2025/09/kingsfin-128x128.png,#5B2A86,2,2,0,0,4,7,3,4
Playoffs 2025-2026,2025-2026,playoffs,2026-03-12,Komodo Dragons,https://ormrhl.com/wp-content/uploads/2022/09/komodo-128x128.png,#3B6E2A,2,2,0,0,4,13,5,8
Playoffs 2025-2026,2025-2026,playoffs,2026-03-12,Leafs,https://ormrhl.com/wp-content/uploads/2025/09/leafsfin-128x128.png,#1B4D8E,2,1,1,0,2,10,4,6
Playoffs 2025-2026,2025-2026,playoffs,2026-03-12,Rhinos,https://ormrhl.com/wp-content/uploads/2021/11/Rhinos_logo-128x128.png,#6B6F76,2,0,2,0,0,4,11,-7
Playoffs 2025-2026,2025-2026,playoffs,2026-03-12,Wildcats,https://ormrhl.com/wp-content/uploads/2021/11/wildcats_logo-128x128.png,#D97B29,2,0,2,0,0,2,11,-9
Playoffs 2025-2026,2025-2026,playoffs,2026-03-23,Cobras,https://ormrhl.com/wp-content/uploads/2021/11/Cobras_Logo-128x128.png,#2B8C5C,3,2,1,0,4,9,8,1
Playoffs 2025-2026,2025-2026,playoffs,2026-03-23,Eagles,https://ormrhl.com/wp-content/uploads/2021/11/Eagles_logo-128x128.png,#A31E2E,3,1,2,0,2,7,10,-3
Playoffs 2025-2026,2025-2026,playoffs,2026-03-23,Grizzlies,https://ormrhl.com/wp-content/uploads/2022/09/grizzlies-128x128.png,#8B4A26,3,2,1,0,4,9,9,0
Playoffs 2025-2026,2025-2026,playoffs,2026-03-23,Kings,https://ormrhl.com/wp-content/uploads/2025/09/kingsfin-128x128.png,#5B2A86,3,2,1,0,4,8,5,3
Playoffs 2025-2026,2025-2026,playoffs,2026-03-23,Komodo Dragons,https://ormrhl.com/wp-content/uploads/2022/09/komodo-128x128.png,#3B6E2A,3,3,0,0,6,17,7,10
Playoffs 2025-2026,2025-2026,playoffs,2026-03-23,Leafs,https://ormrhl.com/wp-content/uploads/2025/09/leafsfin-128x128.png,#1B4D8E,3,2,1,0,4,16,7,9
Playoffs 2025-2026,2025-2026,playoffs,2026-03-23,Rhinos,https://ormrhl.com/wp-content/uploads/2021/11/Rhinos_logo-128x128.png,#6B6F76,3,0,3,0,0,7,17,-10
Playoffs 2025-2026,2025-2026,playoffs,2026-03-23,Wildcats,https://ormrhl.com/wp-content/uploads/2021/11/wildcats_logo-128x128.png,#D97B29,3,0,3,0,0,4,14,-10
Playoffs 2025-2026,2025-2026,playoffs,2026-03-26,Cobras,https://ormrhl.com/wp-content/uploads/2021/11/Cobras_Logo-128x128.png,#2B8C5C,4,2,2,0,4,12,12,0
Playoffs 2025-2026,2025-2026,playoffs,2026-03-26,Eagles,https://ormrhl.com/wp-content/uploads/2021/11/Eagles_logo-128x128.png,#A31E2E,4,2,2,0,4,12,14,-2
Playoffs 2025-2026,2025-2026,playoffs,2026-03-26,Grizzlies,https://ormrhl.com/wp-content/uploads/2022/09/grizzlies-128x128.png,#8B4A26,4,3,1,0,6,12,10,2
Playoffs 2025-2026,2025-2026,playoffs,2026-03-26,Kings,https://ormrhl.com/wp-content/uploads/2025/09/kingsfin-128x128.png,#5B2A86,4,2,2,0,4,9,8,1
Playoffs 2025-2026,2025-2026,playoffs,2026-03-26,Komodo Dragons,https://ormrhl.com/wp-content/uploads/2022/09/komodo-128x128.png,#3B6E2A,4,4,0,0,8,21,10,11
Playoffs 2025-2026,2025-2026,playoffs,2026-03-26,Leafs,https://ormrhl.com/wp-content/uploads/2025/09/leafsfin-128x128.png,#1B4D8E,4,2,2,0,4,20,12,8
Playoffs 2025-2026,2025-2026,playoffs,2026-03-26,Rhinos,https://ormrhl.com/wp-content/uploads/2021/11/Rhinos_logo-128x128.png,#6B6F76,4,0,4,0,0,10,22,-12
Playoffs 2025-2026,2025-2026,playoffs,2026-03-26,Wildcats,https://ormrhl.com/wp-content/uploads/2021/11/wildcats_logo-128x128.png,#D97B29,4,1,3,0,2,9,17,-8
Playoffs 2025-2026,2025-2026,playoffs,2026-03-30,Cobras,https://ormrhl.com/wp-content/uploads/2021/11/Cobras_Logo-128x128.png,#2B8C5C,5,2,3,0,4,14,17,-3
Playoffs 2025-2026,2025-2026,playoffs,2026-03-30,Eagles,https://ormrhl.com/wp-content/uploads/2021/11/Eagles_logo-128x128.png,#A31E2E,5,3,2,0,6,17,17,0
Playoffs 2025-2026,2025-2026,playoffs,2026-03-30,Grizzlies,https://ormrhl.com/wp-content/uploads/2022/09/grizzlies-128x128.png,#8B4A26,5,4,1,0,8,19,10,9
Playoffs 2025-2026,2025-2026,playoffs,2026-03-30,Kings,https://ormrhl.com/wp-content/uploads/2025/09/kingsfin-128x128.png,#5B2A86,5,2,3,0,4,12,12,0
Playoffs 2025-2026,2025-2026,playoffs,2026-03-30,Komodo Dragons,https://ormrhl.com/wp-content/uploads/2022/09/komodo-128x128.png,#3B6E2A,5,5,0,0,10,25,13,12
Playoffs 2025-2026,2025-2026,playoffs,2026-03-30,Leafs,https://ormrhl.com/wp-content/uploads/2025/09/leafsfin-128x128.png,#1B4D8E,5,2,3,0,4,20,19,1
Playoffs 2025-2026,2025-2026,playoffs,2026-03-30,Rhinos,https://ormrhl.com/wp-content/uploads/2021/11/Rhinos_logo-128x128.png,#6B6F76,5,1,4,0,2,15,24,-9
Playoffs 2025-2026,2025-2026,playoffs,2026-03-30,Wildcats,https://ormrhl.com/wp-content/uploads/2021/11/wildcats_logo-128x128.png,#D97B29,5,1,4,0,2,12,22,-10
Playoffs 2025-2026,2025-2026,playoffs,2026-04-02,Cobras,https://ormrhl.com/wp-content/uploads/2021/11/Cobras_Logo-128x128.png,#2B8C5C,6,3,3,0,6,18,20,-2
Playoffs 2025-2026,2025-2026,playoffs,2026-04-02,Eagles,https://ormrhl.com/wp-content/uploads/2021/11/Eagles_logo-128x128.png,#A31E2E,6,3,2,1,7,21,21,0
Playoffs 2025-2026,2025-2026,playoffs,2026-04-02,Grizzlies,https://ormrhl.com/wp-content/uploads/2022/09/grizzlies-128x128.png,#8B4A26,6,4,2,0,8,20,14,6
Playoffs 2025-2026,2025-2026,playoffs,2026-04-02,Kings,https://ormrhl.com/wp-content/uploads/2025/09/kingsfin-128x128.png,#5B2A86,6,2,4,0,4,15,16,-1
Playoffs 2025-2026,2025-2026,playoffs,2026-04-02,Komodo Dragons,https://ormrhl.com/wp-content/uploads/2022/09/komodo-128x128.png,#3B6E2A,6,6,0,0,12,30,15,15
Playoffs 2025-2026,2025-2026,playoffs,2026-04-02,Leafs,https://ormrhl.com/wp-content/uploads/2025/09/leafsfin-128x128.png,#1B4D8E,6,2,4,0,4,22,24,-2
Playoffs 2025-2026,2025-2026,playoffs,2026-04-02,Rhinos,https://ormrhl.com/wp-content/uploads/2021/11/Rhinos_logo-128x128.png,#6B6F76,6,1,4,1,3,19,28,-9
Playoffs 2025-2026,2025-2026,playoffs,2026-04-02,Wildcats,https://ormrhl.com/wp-content/uploads/2021/11/wildcats_logo-128x128.png,#D97B29,6,2,4,0,4,16,23,-7
Playoffs 2025-2026,2025-2026,playoffs,2026-04-06,Cobras,https://ormrhl.com/wp-content/uploads/2021/11/Cobras_Logo-128x128.png,#2B8C5C,7,4,3,0,8,24,23,1
Playoffs 2025-2026,2025-2026,playoffs,2026-04-06,Eagles,https://ormrhl.com/wp-content/uploads/2021/11/Eagles_logo-128x128.png,#A31E2E,7,3,3,1,7,24,27,-3
Playoffs 2025-2026,2025-2026,playoffs,2026-04-06,Grizzlies,https://ormrhl.com/wp-content/uploads/2022/09/grizzlies-128x128.png,#8B4A26,7,5,2,0,10,30,16,14
Playoffs 2025-2026,2025-2026,playoffs,2026-04-06,Kings,https://ormrhl.com/wp-content/uploads/2025/09/kingsfin-128x128.png,#5B2A86,7,3,4,0,6,21,19,2
Playoffs 2025-2026,2025-2026,playoffs,2026-04-06,Komodo Dragons,https://ormrhl.com/wp-content/uploads/2022/09/komodo-128x128.png,#3B6E2A,7,7,0,0,14,34,17,17
Playoffs 2025-2026,2025-2026,playoffs,2026-04-06,Leafs,https://ormrhl.com/wp-content/uploads/2025/09/leafsfin-128x128.png,#1B4D8E,7,2,5,0,4,25,30,-5
Playoffs 2025-2026,2025-2026,playoffs,2026-04-06,Rhinos,https://ormrhl.com/wp-content/uploads/2021/11/Rhinos_logo-128x128.png,#6B6F76,7,1,5,1,3,21,38,-17
Playoffs 2025-2026,2025-2026,playoffs,2026-04-06,Wildcats,https://ormrhl.com/wp-content/uploads/2021/11/wildcats_logo-128x128.png,#D97B29,7,2,5,0,4,18,27,-9
Playoffs 2025-2026,2025-2026,playoffs,2026-04-09,Cobras,https://ormrhl.com/wp-content/uploads/2021/11/Cobras_Logo-128x128.png,#2B8C5C,8,4,3,1,9,27,26,1
Playoffs 2025-2026,2025-2026,playoffs,2026-04-09,Eagles,https://ormrhl.com/wp-content/uploads/2021/11/Eagles_logo-128x128.png,#A31E2E,8,4,3,1,9,30,28,2
Playoffs 2025-2026,2025-2026,playoffs,2026-04-09,Grizzlies,https://ormrhl.com/wp-content/uploads/2022/09/grizzlies-128x128.png,#8B4A26,8,5,2,1,11,32,18,14
Playoffs 2025-2026,2025-2026,playoffs,2026-04-09,Kings,https://ormrhl.com/wp-content/uploads/2025/09/kingsfin-128x128.png,#5B2A86,8,3,5,0,6,22,25,-3
Playoffs 2025-2026,2025-2026,playoffs,2026-04-09,Komodo Dragons,https://ormrhl.com/wp-content/uploads/2022/09/komodo-128x128.png,#3B6E2A,8,7,0,1,15,37,20,17
Playoffs 2025-2026,2025-2026,playoffs,2026-04-09,Leafs,https://ormrhl.com/wp-content/uploads/2025/09/leafsfin-128x128.png,#1B4D8E,8,2,6,0,4,28,36,-8
Playoffs 2025-2026,2025-2026,playoffs,2026-04-09,Rhinos,https://ormrhl.com/wp-content/uploads/2021/11/Rhinos_logo-128x128.png,#6B6F76,8,2,5,1,5,27,41,-14
Playoffs 2025-2026,2025-2026,playoffs,2026-04-09,Wildcats,https://ormrhl.com/wp-content/uploads/2021/11/wildcats_logo-128x128.png,#D97B29,8,2,5,1,5,20,29,-9
Playoffs 2025-2026,2025-2026,playoffs,2026-04-13,Cobras,https://ormrhl.com/wp-content/uploads/2021/11/Cobras_Logo-128x128.png,#2B8C5C,9,5,3,1,11,34,29,5
Playoffs 2025-2026,2025-2026,playoffs,2026-04-13,Eagles,https://ormrhl.com/wp-content/uploads/2021/11/Eagles_logo-128x128.png,#A31E2E,9,5,3,1,11,33,30,3
Playoffs 2025-2026,2025-2026,playoffs,2026-04-13,Grizzlies,https://ormrhl.com/wp-content/uploads/2022/09/grizzlies-128x128.png,#8B4A26,9,6,2,1,13,36,21,15
Playoffs 2025-2026,2025-2026,playoffs,2026-04-13,Kings,https://ormrhl.com/wp-content/uploads/2025/09/kingsfin-128x128.png,#5B2A86,9,3,6,0,6,25,32,-7
Playoffs 2025-2026,2025-2026,playoffs,2026-04-13,Komodo Dragons,https://ormrhl.com/wp-content/uploads/2022/09/komodo-128x128.png,#3B6E2A,9,7,1,1,15,39,23,16
Playoffs 2025-2026,2025-2026,playoffs,2026-04-13,Leafs,https://ormrhl.com/wp-content/uploads/2025/09/leafsfin-128x128.png,#1B4D8E,9,2,7,0,4,31,40,-9
Playoffs 2025-2026,2025-2026,playoffs,2026-04-13,Rhinos,https://ormrhl.com/wp-content/uploads/2021/11/Rhinos_logo-128x128.png,#6B6F76,9,2,6,1,5,30,45,-15
Playoffs 2025-2026,2025-2026,playoffs,2026-04-13,Wildcats,https://ormrhl.com/wp-content/uploads/2021/11/wildcats_logo-128x128.png,#D97B29,9,3,5,1,7,24,32,-8
Playoffs 2025-2026,2025-2026,playoffs,2026-04-16,Cobras,https://ormrhl.com/wp-content/uploads/2021/11/Cobras_Logo-128x128.png,#2B8C5C,10,6,3,1,13,39,32,7
Playoffs 2025-2026,2025-2026,playoffs,2026-04-16,Eagles,https://ormrhl.com/wp-content/uploads/2021/11/Eagles_logo-128x128.png,#A31E2E,10,5,4,1,11,35,33,2
Playoffs 2025-2026,2025-2026,playoffs,2026-04-16,Grizzlies,https://ormrhl.com/wp-content/uploads/2022/09/grizzlies-128x128.png,#8B4A26,10,7,2,1,15,39,23,16
Playoffs 2025-2026,2025-2026,playoffs,2026-04-16,Kings,https://ormrhl.com/wp-content/uploads/2025/09/kingsfin-128x128.png,#5B2A86,10,3,6,1,7,27,34,-7
Playoffs 2025-2026,2025-2026,playoffs,2026-04-16,Komodo Dragons,https://ormrhl.com/wp-content/uploads/2022/09/komodo-128x128.png,#3B6E2A,10,7,2,1,15,40,26,14
Playoffs 2025-2026,2025-2026,playoffs,2026-04-16,Leafs,https://ormrhl.com/wp-content/uploads/2025/09/leafsfin-128x128.png,#1B4D8E,10,2,8,0,4,34,45,-11
Playoffs 2025-2026,2025-2026,playoffs,2026-04-16,Rhinos,https://ormrhl.com/wp-content/uploads/2021/11/Rhinos_logo-128x128.png,#6B6F76,10,3,6,1,7,33,46,-13
Playoffs 2025-2026,2025-2026,playoffs,2026-04-16,Wildcats,https://ormrhl.com/wp-content/uploads/2021/11/wildcats_logo-128x128.png,#D97B29,10,3,5,2,8,26,34,-8
Playoffs 2025-2026,2025-2026,playoffs,2026-04-18,Cobras,https://ormrhl.com/wp-content/uploads/2021/11/Cobras_Logo-128x128.png,#2B8C5C,11,7,3,1,15,44,34,10
Playoffs 2025-2026,2025-2026,playoffs,2026-04-18,Eagles,https://ormrhl.com/wp-content/uploads/2021/11/Eagles_logo-128x128.png,#A31E2E,11,5,5,1,11,37,38,-1
Playoffs 2025-2026,2025-2026,playoffs,2026-04-18,Grizzlies,https://ormrhl.com/wp-content/uploads/2022/09/grizzlies-128x128.png,#8B4A26,11,7,3,1,15,40,26,14
Playoffs 2025-2026,2025-2026,playoffs,2026-04-18,Kings,https://ormrhl.com/wp-content/uploads/2025/09/kingsfin-128x128.png,#5B2A86,11,3,7,1,7,29,39,-10
Playoffs 2025-2026,2025-2026,playoffs,2026-04-18,Komodo Dragons,https://ormrhl.com/wp-content/uploads/2022/09/komodo-128x128.png,#3B6E2A,11,8,2,1,17,43,27,16
Playoffs 2025-2026,2025-2026,playoffs,2026-04-18,Leafs,https://ormrhl.com/wp-content/uploads/2025/09/leafsfin-128x128.png,#1B4D8E,11,3,8,0,6,39,49,-10
Playoffs 2025-2026,2025-2026,playoffs,2026-04-18,Rhinos,https://ormrhl.com/wp-content/uploads/2021/11/Rhinos_logo-128x128.png,#6B6F76,11,3,7,1,7,37,51,-14
Playoffs 2025-2026,2025-2026,playoffs,2026-04-18,Wildcats,https://ormrhl.com/wp-content/uploads/2021/11/wildcats_logo-128x128.png,#D97B29,11,4,5,2,10,31,36,-5
Regular Season 2025-2026,2025-2026,regular,2025-09-15,Cobras,https://ormrhl.com/wp-content/uploads/2021/11/Cobras_Logo-128x128.png,#2B8C5C,1,0,1,0,0,2,4,-2
Regular Season 2025-2026,2025-2026,regular,2025-09-15,Eagles,https://ormrhl.com/wp-content/uploads/2021/11/Eagles_logo-128x128.png,#A31E2E,1,1,0,0,2,4,3,1
Regular Season 2025-2026,2025-2026,regular,2025-09-15,Grizzlies,https://ormrhl.com/wp-content/uploads/2022/09/grizzlies-128x128.png,#8B4A26,1,0,1,0,0,3,5,-2
Regular Season 2025-2026,2025-2026,regular,2025-09-15,Kings,https://ormrhl.com/wp-content/uploads/2025/09/kingsfin-128x128.png,#5B2A86,1,1,0,0,2,4,1,3
Regular Season 2025-2026,2025-2026,regular,2025-09-15,Komodo Dragons,https://ormrhl.com/wp-content/uploads/2022/09/komodo-128x128.png,#3B6E2A,1,0,1,0,0,3,4,-1
Regular Season 2025-2026,2025-2026,regular,2025-09-15,Leafs,https://ormrhl.com/wp-content/uploads/2025/09/leafsfin-128x128.png,#1B4D8E,1,1,0,0,2,5,3,2
Regular Season 2025-2026,2025-2026,regular,2025-09-15,Rhinos,https://ormrhl.com/wp-content/uploads/2021/11/Rhinos_logo-128x128.png,#6B6F76,1,1,0,0,2,4,2,2
Regular Season 2025-2026,2025-2026,regular,2025-09-15,Wildcats,https://ormrhl.com/wp-content/uploads/2021/11/wildcats_logo-128x128.png,#D97B29,1,0,1,0,0,1,4,-3
Regular Season 2025-2026,2025-2026,regular,2025-09-18,Cobras,https://ormrhl.com/wp-content/uploads/2021/11/Cobras_Logo-128x128.png,#2B8C5C,2,1,1,0,2,9,8,1
Regular Season 2025-2026,2025-2026,regular,2025-09-18,Eagles,https://ormrhl.com/wp-content/uploads/2021/11/Eagles_logo-128x128.png,#A31E2E,2,2,0,0,4,12,7,5
Regular Season 2025-2026,2025-2026,regular,2025-09-18,Grizzlies,https://ormrhl.com/wp-content/uploads/2022/09/grizzlies-128x128.png,#8B4A26,2,0,2,0,0,5,10,-5
Regular Season 2025-2026,2025-2026,regular,2025-09-18,Kings,https://ormrhl.com/wp-content/uploads/2025/09/kingsfin-128x128.png,#5B2A86,2,1,1,0,2,8,9,-1
Regular Season 2025-2026,2025-2026,regular,2025-09-18,Komodo Dragons,https://ormrhl.com/wp-content/uploads/2022/09/komodo-128x128.png,#3B6E2A,2,1,1,0,2,8,6,2
Regular Season 2025-2026,2025-2026,regular,2025-09-18,Leafs,https://ormrhl.com/wp-content/uploads/2025/09/leafsfin-128x128.png,#1B4D8E,2,1,1,0,2,8,9,-1
Regular Season 2025-2026,2025-2026,regular,2025-09-18,Rhinos,https://ormrhl.com/wp-content/uploads/2021/11/Rhinos_logo-128x128.png,#6B6F76,2,2,0,0,4,10,5,5
Regular Season 2025-2026,2025-2026,regular,2025-09-18,Wildcats,https://ormrhl.com/wp-content/uploads/2021/11/wildcats_logo-128x128.png,#D97B29,2,0,2,0,0,5,11,-6
Regular Season 2025-2026,2025-2026,regular,2025-09-22,Cobras,https://ormrhl.com/wp-content/uploads/2021/11/Cobras_Logo-128x128.png,#2B8C5C,3,1,2,0,2,9,14,-5
Regular Season 2025-2026,2025-2026,regular,2025-09-22,Eagles,https://ormrhl.com/wp-content/uploads/2021/11/Eagles_logo-128x128.png,#A31E2E,3,2,1,0,4,16,13,3
Regular Season 2025-2026,2025-2026,regular,2025-09-22,Grizzlies,https://ormrhl.com/wp-content/uploads/2022/09/grizzlies-128x128.png,#8B4A26,3,1,2,0,2,11,14,-3
Regular Season 2025-2026,2025-2026,regular,2025-09-22,Kings,https://ormrhl.com/wp-content/uploads/2025/09/kingsfin-128x128.png,#5B2A86,3,2,1,0,4,14,9,5
Regular Season 2025-2026,2025-2026,regular,2025-09-22,Komodo Dragons,https://ormrhl.com/wp-content/uploads/2022/09/komodo-128x128.png,#3B6E2A,3,1,2,0,2,9,8,1
Regular Season 2025-2026,2025-2026,regular,2025-09-22,Leafs,https://ormrhl.com/wp-content/uploads/2025/09/leafsfin-128x128.png,#1B4D8E,3,2,1,0,4,14,11,3
Regular Season 2025-2026,2025-2026,regular,2025-09-22,Rhinos,https://ormrhl.com/wp-content/uploads/2021/11/Rhinos_logo-128x128.png,#6B6F76,3,3,0,0,6,12,6,6
Regular Season 2025-2026,2025-2026,regular,2025-09-22,Wildcats,https://ormrhl.com/wp-content/uploads/2021/11/wildcats_logo-128x128.png,#D97B29,3,0,3,0,0,7,17,-10
Regular Season 2025-2026,2025-2026,regular,2025-09-25,Cobras,https://ormrhl.com/wp-content/uploads/2021/11/Cobras_Logo-128x128.png,#2B8C5C,4,2,2,0,4,15,17,-2
Regular Season 2025-2026,2025-2026,regular,2025-09-25,Eagles,https://ormrhl.com/wp-content/uploads/2021/11/Eagles_logo-128x128.png,#A31E2E,4,2,2,0,4,19,19,0
Regular Season 2025-2026,2025-2026,regular,2025-09-25,Grizzlies,https://ormrhl.com/wp-content/uploads/2022/09/grizzlies-128x128.png,#8B4A26,4,1,3,0,2,14,18,-4
Regular Season 2025-2026,2025-2026,regular,2025-09-25,Kings,https://ormrhl.com/wp-content/uploads/2025/09/kingsfin-128x128.png,#5B2A86,4,2,2,0,4,17,13,4
Regular Season 2025-2026,2025-2026,regular,2025-09-25,Komodo Dragons,https://ormrhl.com/wp-content/uploads/2022/09/komodo-128x128.png,#3B6E2A,4,1,3,0,2,12,12,0
Regular Season 2025-2026,2025-2026,regular,2025-09-25,Leafs,https://ormrhl.com/wp-content/uploads/2025/09/leafsfin-128x128.png,#1B4D8E,4,3,1,0,6,18,14,4
Regular Season 2025-2026,2025-2026,regular,2025-09-25,Rhinos,https://ormrhl.com/wp-content/uploads/2021/11/Rhinos_logo-128x128.png,#6B6F76,4,4,0,0,8,16,9,7
Regular Season 2025-2026,2025-2026,regular,2025-09-25,Wildcats,https://ormrhl.com/wp-content/uploads/2021/11/wildcats_logo-128x128.png,#D97B29,4,1,3,0,2,11,20,-9
Regular Season 2025-2026,2025-2026,regular,2025-09-29,Cobras,https://ormrhl.com/wp-content/uploads/2021/11/Cobras_Logo-128x128.png,#2B8C5C,5,2,3,0,4,17,21,-4
Regular Season 2025-2026,2025-2026,regular,2025-09-29,Eagles,https://ormrhl.com/wp-content/uploads/2021/11/Eagles_logo-128x128.png,#A31E2E,5,3,2,0,6,26,22,4
Regular Season 2025-2026,2025-2026,regular,2025-09-29,Grizzlies,https://ormrhl.com/wp-content/uploads/2022/09/grizzlies-128x128.png,#8B4A26,5,2,3,0,4,18,19,-1
Regular Season 2025-2026,2025-2026,regular,2025-09-29,Kings,https://ormrhl.com/wp-content/uploads/2025/09/kingsfin-128x128.png,#5B2A86,5,3,2,0,6,20,13,7
Regular Season 2025-2026,2025-2026,regular,2025-09-29,Komodo Dragons,https://ormrhl.com/wp-content/uploads/2022/09/komodo-128x128.png,#3B6E2A,5,1,4,0,2,12,15,-3
Regular Season 2025-2026,2025-2026,regular,2025-09-29,Leafs,https://ormrhl.com/wp-content/uploads/2025/09/leafsfin-128x128.png,#1B4D8E,5,4,1,0,8,22,16,6
Regular Season 2025-2026,2025-2026,regular,2025-09-29,Rhinos,https://ormrhl.com/wp-content/uploads/2021/11/Rhinos_logo-128x128.png,#6B6F76,5,4,1,0,8,19,16,3
Regular Season 2025-2026,2025-2026,regular,2025-09-29,Wildcats,https://ormrhl.com/wp-content/uploads/2021/11/wildcats_logo-128x128.png,#D97B29,5,1,4,0,2,12,24,-12
Regular Season 2025-2026,2025-2026,regular,2025-10-02,Cobras,https://ormrhl.com/wp-content/uploads/2021/11/Cobras_Logo-128x128.png,#2B8C5C,6,3,3,0,6,23,24,-1
Regular Season 2025-2026,2025-2026,regular,2025-10-02,Eagles,https://ormrhl.com/wp-content/uploads/2021/11/Eagles_logo-128x128.png,#A31E2E,6,3,3,0,6,27,29,-2
Regular Season 2025-2026,2025-2026,regular,2025-10-02,Grizzlies,https://ormrhl.com/wp-content/uploads/2022/09/grizzlies-128x128.png,#8B4A26,6,2,4,0,4,18,21,-3
Regular Season 2025-2026,2025-2026,regular,2025-10-02,Kings,https://ormrhl.com/wp-content/uploads/2025/09/kingsfin-128x128.png,#5B2A86,6,4,2,0,8,22,13,9
Regular Season 2025-2026,2025-2026,regular,2025-10-02,Komodo Dragons,https://ormrhl.com/wp-content/uploads/2022/09/komodo-128x128.png,#3B6E2A,6,1,5,0,2,15,21,-6
Regular Season 2025-2026,2025-2026,regular,2025-10-02,Leafs,https://ormrhl.com/wp-content/uploads/2025/09/leafsfin-128x128.png,#1B4D8E,6,5,1,0,10,29,17,12
Regular Season 2025-2026,2025-2026,regular,2025-10-02,Rhinos,https://ormrhl.com/wp-content/uploads/2021/11/Rhinos_logo-128x128.png,#6B6F76,6,5,1,0,10,25,20,5
Regular Season 2025-2026,2025-2026,regular,2025-10-02,Wildcats,https://ormrhl.com/wp-content/uploads/2021/11/wildcats_logo-128x128.png,#D97B29,6,1,5,0,2,16,30,-14
Regular Season 2025-2026,2025-2026,regular,2025-10-06,Cobras,https://ormrhl.com/wp-content/uploads/2021/11/Cobras_Logo-128x128.png,#2B8C5C,7,4,3,0,8,29,27,2
Regular Season 2025-2026,2025-2026,regular,2025-10-06,Eagles,https://ormrhl.com/wp-content/uploads/2021/11/Eagles_logo-128x128.png,#A31E2E,7,4,3,0,8,32,31,1
Regular Season 2025-2026,2025-2026,regular,2025-10-06,Grizzlies,https://ormrhl.com/wp-content/uploads/2022/09/grizzlies-128x128.png,#8B4A26,7,2,5,0,4,21,27,-6
Regular Season 2025-2026,2025-2026,regular,2025-10-06,Kings,https://ormrhl.com/wp-content/uploads/2025/09/kingsfin-128x128.png,#5B2A86,7,5,2,0,10,33,15,18
Regular Season 2025-2026,2025-2026,regular,2025-10-06,Komodo Dragons,https://ormrhl.com/wp-content/uploads/2022/09/komodo-128x128.png,#3B6E2A,7,1,6,0,2,16,25,-9
Regular Season 2025-2026,2025-2026,regular,2025-10-06,Leafs,https://ormrhl.com/wp-content/uploads/2025/09/leafsfin-128x128.png,#1B4D8E,7,6,1,0,12,33,18,15
Regular Season 2025-2026,2025-2026,regular,2025-10-06,Rhinos,https://ormrhl.com/wp-content/uploads/2021/11/Rhinos_logo-128x128.png,#6B6F76,7,5,2,0,10,27,31,-4
Regular Season 2025-2026,2025-2026,regular,2025-10-06,Wildcats,https://ormrhl.com/wp-content/uploads/2021/11/wildcats_logo-128x128.png,#D97B29,7,1,6,0,2,18,35,-17
Regular Season 2025-2026,2025-2026,regular,2025-10-09,Cobras,https://ormrhl.com/wp-content/uploads/2021/11/Cobras_Logo-128x128.png,#2B8C5C,8,4,4,0,8,33,33,0
Regular Season 2025-2026,2025-2026,regular,2025-10-09,Eagles,https://ormrhl.com/wp-content/uploads/2021/11/Eagles_logo-128x128.png,#A31E2E,8,4,4,0,8,36,38,-2
Regular Season 2025-2026,2025-2026,regular,2025-10-09,Grizzlies,https://ormrhl.com/wp-content/uploads/2022/09/grizzlies-128x128.png,#8B4A26,8,2,6,0,4,22,31,-9
Regular Season 2025-2026,2025-2026,regular,2025-10-09,Kings,https://ormrhl.com/wp-content/uploads/2025/09/kingsfin-128x128.png,#5B2A86,8,6,2,0,12,47,17,30
Regular Season 2025-2026,2025-2026,regular,2025-10-09,Komodo Dragons,https://ormrhl.com/wp-content/uploads/2022/09/komodo-128x128.png,#3B6E2A,8,2,6,0,4,23,29,-6
Regular Season 2025-2026,2025-2026,regular,2025-10-09,Leafs,https://ormrhl.com/wp-content/uploads/2025/09/leafsfin-128x128.png,#1B4D8E,8,7,1,0,14,37,19,18
Regular Season 2025-2026,2025-2026,regular,2025-10-09,Rhinos,https://ormrhl.com/wp-content/uploads/2021/11/Rhinos_logo-128x128.png,#6B6F76,8,6,2,0,12,33,35,-2
Regular Season 2025-2026,2025-2026,regular,2025-10-09,Wildcats,https://ormrhl.com/wp-content/uploads/2021/11/wildcats_logo-128x128.png,#D97B29,8,1,7,0,2,20,49,-29
Regular Season 2025-2026,2025-2026,regular,2025-10-16,Cobras,https://ormrhl.com/wp-content/uploads/2021/11/Cobras_Logo-128x128.png,#2B8C5C,9,5,4,0,10,41,34,7
Regular Season 2025-2026,2025-2026,regular,2025-10-16,Eagles,https://ormrhl.com/wp-content/uploads/2021/11/Eagles_logo-128x128.png,#A31E2E,9,4,5,0,8,41,44,-3
Regular Season 2025-2026,2025-2026,regular,2025-10-16,Grizzlies,https://ormrhl.com/wp-content/uploads/2022/09/grizzlies-128x128.png,#8B4A26,9,2,7,0,4,22,32,-10
Regular Season 2025-2026,2025-2026,regular,2025-10-16,Kings,https://ormrhl.com/wp-content/uploads/2025/09/kingsfin-128x128.png,#5B2A86,9,7,2,0,14,53,22,31
Regular Season 2025-2026,2025-2026,regular,2025-10-16,Komodo Dragons,https://ormrhl.com/wp-content/uploads/2022/09/komodo-128x128.png,#3B6E2A,9,3,6,0,6,24,29,-5
Regular Season 2025-2026,2025-2026,regular,2025-10-16,Leafs,https://ormrhl.com/wp-content/uploads/2025/09/leafsfin-128x128.png,#1B4D8E,9,8,1,0,16,40,21,19
Regular Season 2025-2026,2025-2026,regular,2025-10-16,Rhinos,https://ormrhl.com/wp-content/uploads/2021/11/Rhinos_logo-128x128.png,#6B6F76,9,6,3,0,12,35,38,-3
Regular Season 2025-2026,2025-2026,regular,2025-10-16,Wildcats,https://ormrhl.com/wp-content/uploads/2021/11/wildcats_logo-128x128.png,#D97B29,9,1,8,0,2,21,57,-36
Regular Season 2025-2026,2025-2026,regular,2025-10-20,Cobras,https://ormrhl.com/wp-content/uploads/2021/11/Cobras_Logo-128x128.png,#2B8C5C,10,5,5,0,10,42,37,5
Regular Season 2025-2026,2025-2026,regular,2025-10-20,Eagles,https://ormrhl.com/wp-content/uploads/2021/11/Eagles_logo-128x128.png,#A31E2E,10,5,5,0,10,48,50,-2
Regular Season 2025-2026,2025-2026,regular,2025-10-20,Grizzlies,https://ormrhl.com/wp-content/uploads/2022/09/grizzlies-128x128.png,#8B4A26,10,2,8,0,4,28,39,-11
Regular Season 2025-2026,2025-2026,regular,2025-10-20,Kings,https://ormrhl.com/wp-content/uploads/2025/09/kingsfin-128x128.png,#5B2A86,10,8,2,0,16,56,23,33
Regular Season 2025-2026,2025-2026,regular,2025-10-20,Komodo Dragons,https://ormrhl.com/wp-content/uploads/2022/09/komodo-128x128.png,#3B6E2A,10,3,7,0,6,26,33,-7
Regular Season 2025-2026,2025-2026,regular,2025-10-20,Leafs,https://ormrhl.com/wp-content/uploads/2025/09/leafsfin-128x128.png,#1B4D8E,10,9,1,0,18,46,23,23
Regular Season 2025-2026,2025-2026,regular,2025-10-20,Rhinos,https://ormrhl.com/wp-content/uploads/2021/11/Rhinos_logo-128x128.png,#6B6F76,10,7,3,0,14,39,40,-1
Regular Season 2025-2026,2025-2026,regular,2025-10-20,Wildcats,https://ormrhl.com/wp-content/uploads/2021/11/wildcats_logo-128x128.png,#D97B29,10,1,9,0,2,23,63,-40
Regular Season 2025-2026,2025-2026,regular,2025-10-23,Cobras,https://ormrhl.com/wp-content/uploads/2021/11/Cobras_Logo-128x128.png,#2B8C5C,11,6,5,0,12,49,41,8
Regular Season 2025-2026,2025-2026,regular,2025-10-23,Eagles,https://ormrhl.com/wp-content/uploads/2021/11/Eagles_logo-128x128.png,#A31E2E,11,5,6,0,10,52,57,-5
Regular Season 2025-2026,2025-2026,regular,2025-10-23,Grizzlies,https://ormrhl.com/wp-content/uploads/2022/09/grizzlies-128x128.png,#8B4A26,11,3,8,0,6,33,43,-10
Regular Season 2025-2026,2025-2026,regular,2025-10-23,Kings,https://ormrhl.com/wp-content/uploads/2025/09/kingsfin-128x128.png,#5B2A86,11,8,3,0,16,58,26,32
Regular Season 2025-2026,2025-2026,regular,2025-10-23,Komodo Dragons,https://ormrhl.com/wp-content/uploads/2022/09/komodo-128x128.png,#3B6E2A,11,3,8,0,6,28,37,-9
Regular Season 2025-2026,2025-2026,regular,2025-10-23,Leafs,https://ormrhl.com/wp-content/uploads/2025/09/leafsfin-128x128.png,#1B4D8E,11,10,1,0,20,49,25,24
Regular Season 2025-2026,2025-2026,regular,2025-10-23,Rhinos,https://ormrhl.com/wp-content/uploads/2021/11/Rhinos_logo-128x128.png,#6B6F76,11,7,4,0,14,43,45,-2
Regular Season 2025-2026,2025-2026,regular,2025-10-23,Wildcats,https://ormrhl.com/wp-content/uploads/2021/11/wildcats_logo-128x128.png,#D97B29,11,2,9,0,4,27,65,-38
Regular Season 2025-2026,2025-2026,regular,2025-10-27,Cobras,https://ormrhl.com/wp-content/uploads/2021/11/Cobras_Logo-128x128.png,#2B8C5C,12,6,6,0,12,50,44,6
Regular Season 2025-2026,2025-2026,regular,2025-10-27,Eagles,https://ormrhl.com/wp-content/uploads/2021/11/Eagles_logo-128x128.png,#A31E2E,12,5,6,1,11,57,62,-5
Regular Season 2025-2026,2025-2026,regular,2025-10-27,Grizzlies,https://ormrhl.com/wp-content/uploads/2022/09/grizzlies-128x128.png,#8B4A26,12,4,8,0,8,37,46,-9
Regular Season 2025-2026,2025-2026,regular,2025-10-27,Kings,https://ormrhl.com/wp-content/uploads/2025/09/kingsfin-128x128.png,#5B2A86,12,9,3,0,18,63,30,33
Regular Season 2025-2026,2025-2026,regular,2025-10-27,Komodo Dragons,https://ormrhl.com/wp-content/uploads/2022/09/komodo-128x128.png,#3B6E2A,12,3,9,0,6,32,42,-10
Regular Season 2025-2026,2025-2026,regular,2025-10-27,Leafs,https://ormrhl.com/wp-content/uploads/2025/09/leafsfin-128x128.png,#1B4D8E,12,11,1,0,22,52,26,26
Regular Season 2025-2026,2025-2026,regular,2025-10-27,Rhinos,https://ormrhl.com/wp-content/uploads/2021/11/Rhinos_logo-128x128.png,#6B6F76,12,7,4,1,15,48,50,-2
Regular Season 2025-2026,2025-2026,regular,2025-10-27,Wildcats,https://ormrhl.com/wp-content/uploads/2021/11/wildcats_logo-128x128.png,#D97B29,12,2,10,0,4,30,69,-39
Regular Season 2025-2026,2025-2026,regular,2025-10-30,Cobras,https://ormrhl.com/wp-content/uploads/2021/11/Cobras_Logo-128x128.png,#2B8C5C,13,6,7,0,12,50,47,3
Regular Season 2025-2026,2025-2026,regular,2025-10-30,Eagles,https://ormrhl.com/wp-content/uploads/2021/11/Eagles_logo-128x128.png,#A31E2E,13,6,6,1,13,62,64,-2
Regular Season 2025-2026,2025-2026,regular,2025-10-30,Grizzlies,https://ormrhl.com/wp-content/uploads/2022/09/grizzlies-128x128.png,#8B4A26,13,5,8,0,10,40,47,-7
Regular Season 2025-2026,2025-2026,regular,2025-10-30,Kings,https://ormrhl.com/wp-content/uploads/2025/09/kingsfin-128x128.png,#5B2A86,13,9,4,0,18,64,33,31
Regular Season 2025-2026,2025-2026,regular,2025-10-30,Komodo Dragons,https://ormrhl.com/wp-content/uploads/2022/09/komodo-128x128.png,#3B6E2A,13,4,9,0,8,35,42,-7
Regular Season 2025-2026,2025-2026,regular,2025-10-30,Leafs,https://ormrhl.com/wp-content/uploads/2025/09/leafsfin-128x128.png,#1B4D8E,13,11,2,0,22,54,31,23
Regular Season 2025-2026,2025-2026,regular,2025-10-30,Rhinos,https://ormrhl.com/wp-content/uploads/2021/11/Rhinos_logo-128x128.png,#6B6F76,13,8,4,1,17,56,55,1
Regular Season 2025-2026,2025-2026,regular,2025-10-30,Wildcats,https://ormrhl.com/wp-content/uploads/2021/11/wildcats_logo-128x128.png,#D97B29,13,2,11,0,4,35,77,-42
Regular Season 2025-2026,2025-2026,regular,2025-11-03,Cobras,https://ormrhl.com/wp-content/uploads/2021/11/Cobras_Logo-128x128.png,#2B8C5C,14,6,8,0,12,52,50,2
Regular Season 2025-2026,2025-2026,regular,2025-11-03,Eagles,https://ormrhl.com/wp-content/uploads/2021/11/Eagles_logo-128x128.png,#A31E2E,14,7,6,1,15,67,68,-1
Regular Season 2025-2026,2025-2026,regular,2025-11-03,Grizzlies,https://ormrhl.com/wp-content/uploads/2022/09/grizzlies-128x128.png,#8B4A26,14,6,8,0,12,43,49,-6
Regular Season 2025-2026,2025-2026,regular,2025-11-03,Kings,https://ormrhl.com/wp-content/uploads/2025/09/kingsfin-128x128.png,#5B2A86,14,9,5,0,18,66,37,29
Regular Season 2025-2026,2025-2026,regular,2025-11-03,Komodo Dragons,https://ormrhl.com/wp-content/uploads/2022/09/komodo-128x128.png,#3B6E2A,14,4,10,0,8,37,45,-8
Regular Season 2025-2026,2025-2026,regular,2025-11-03,Leafs,https://ormrhl.com/wp-content/uploads/2025/09/leafsfin-128x128.png,#1B4D8E,14,12,2,0,24,57,33,24
Regular Season 2025-2026,2025-2026,regular,2025-11-03,Rhinos,https://ormrhl.com/wp-content/uploads/2021/11/Rhinos_logo-128x128.png,#6B6F76,14,9,4,1,19,60,57,3
Regular Season 2025-2026,2025-2026,regular,2025-11-03,Wildcats,https://ormrhl.com/wp-content/uploads/2021/11/wildcats_logo-128x128.png,#D97B29,14,2,12,0,4,39,82,-43
Regular Season 2025-2026,2025-2026,regular,2025-11-06,Cobras,https://ormrhl.com/wp-content/uploads/2021/11/Cobras_Logo-128x128.png,#2B8C5C,15,6,8,1,13,57,55,2
Regular Season 2025-2026,2025-2026,regular,2025-11-06,Eagles,https://ormrhl.com/wp-content/uploads/2021/11/Eagles_logo-128x128.png,#A31E2E,15,7,7,1,15,68,73,-5
Regular Season 2025-2026,2025-2026,regular,2025-11-06,Grizzlies,https://ormrhl.com/wp-content/uploads/2022/09/grizzlies-128x128.png,#8B4A26,15,6,9,0,12,45,55,-10
Regular Season 2025-2026,2025-2026,regular,2025-11-06,Kings,https://ormrhl.com/wp-content/uploads/2025/09/kingsfin-128x128.png,#5B2A86,15,9,5,1,19,66,37,29
Regular Season 2025-2026,2025-2026,regular,2025-11-06,Komodo Dragons,https://ormrhl.com/wp-content/uploads/2022/09/komodo-128x128.png,#3B6E2A,15,5,10,0,10,42,46,-4
Regular Season 2025-2026,2025-2026,regular,2025-11-06,Leafs,https://ormrhl.com/wp-content/uploads/2025/09/leafsfin-128x128.png,#1B4D8E,15,13,2,0,26,63,35,28
Regular Season 2025-2026,2025-2026,regular,2025-11-06,Rhinos,https://ormrhl.com/wp-content/uploads/2021/11/Rhinos_logo-128x128.png,#6B6F76,15,9,4,2,20,65,62,3
Regular Season 2025-2026,2025-2026,regular,2025-11-06,Wildcats,https://ormrhl.com/wp-content/uploads/2021/11/wildcats_logo-128x128.png,#D97B29,15,2,12,1,5,39,82,-43
Regular Season 2025-2026,2025-2026,regular,2025-11-10,Cobras,https://ormrhl.com/wp-content/uploads/2021/11/Cobras_Logo-128x128.png,#2B8C5C,16,6,9,1,13,61,60,1
Regular Season 2025-2026,2025-2026,regular,2025-11-10,Eagles,https://ormrhl.com/wp-content/uploads/2021/11/Eagles_logo-128x128.png,#A31E2E,16,8,7,1,17,78,80,-2
Regular Season 2025-2026,2025-2026,regular,2025-11-10,Grizzlies,https://ormrhl.com/wp-content/uploads/2022/09/grizzlies-128x128.png,#8B4A26,16,6,10,0,12,45,58,-13
Regular Season 2025-2026,2025-2026,regular,2025-11-10,Kings,https://ormrhl.com/wp-content/uploads/2025/09/kingsfin-128x128.png,#5B2A86,16,9,6,1,19,73,47,26
Regular Season 2025-2026,2025-2026,regular,2025-11-10,Komodo Dragons,https://ormrhl.com/wp-content/uploads/2022/09/komodo-128x128.png,#3B6E2A,16,6,10,0,12,45,46,-1
Regular Season 2025-2026,2025-2026,regular,2025-11-10,Leafs,https://ormrhl.com/wp-content/uploads/2025/09/leafsfin-128x128.png,#1B4D8E,16,13,3,0,26,66,39,27
Regular Season 2025-2026,2025-2026,regular,2025-11-10,Rhinos,https://ormrhl.com/wp-content/uploads/2021/11/Rhinos_logo-128x128.png,#6B6F76,16,10,4,2,22,69,65,4
Regular Season 2025-2026,2025-2026,regular,2025-11-10,Wildcats,https://ormrhl.com/wp-content/uploads/2021/11/wildcats_logo-128x128.png,#D97B29,16,3,12,1,7,44,86,-42
Regular Season 2025-2026,2025-2026,regular,2025-11-13,Cobras,https://ormrhl.com/wp-content/uploads/2021/11/Cobras_Logo-128x128.png,#2B8C5C,17,6,10,1,13,65,65,0
Regular Season 2025-2026,2025-2026,regular,2025-11-13,Eagles,https://ormrhl.com/wp-content/uploads/2021/11/Eagles_logo-128x128.png,#A31E2E,17,8,8,1,17,79,84,-5
Regular Season 2025-2026,2025-2026,regular,2025-11-13,Grizzlies,https://ormrhl.com/wp-content/uploads/2022/09/grizzlies-128x128.png,#8B4A26,17,7,10,0,14,49,59,-10
Regular Season 2025-2026,2025-2026,regular,2025-11-13,Kings,https://ormrhl.com/wp-content/uploads/2025/09/kingsfin-128x128.png,#5B2A86,17,10,6,1,21,78,51,27
Regular Season 2025-2026,2025-2026,regular,2025-11-13,Komodo Dragons,https://ormrhl.com/wp-content/uploads/2022/09/komodo-128x128.png,#3B6E2A,17,6,11,0,12,46,50,-4
Regular Season 2025-2026,2025-2026,regular,2025-11-13,Leafs,https://ormrhl.com/wp-content/uploads/2025/09/leafsfin-128x128.png,#1B4D8E,17,13,4,0,26,69,43,26
Regular Season 2025-2026,2025-2026,regular,2025-11-13,Rhinos,https://ormrhl.com/wp-content/uploads/2021/11/Rhinos_logo-128x128.png,#6B6F76,17,11,4,2,24,73,66,7
Regular Season 2025-2026,2025-2026,regular,2025-11-13,Wildcats,https://ormrhl.com/wp-content/uploads/2021/11/wildcats_logo-128x128.png,#D97B29,17,4,12,1,9,48,89,-41
Regular Season 2025-2026,2025-2026,regular,2025-11-17,Cobras,https://ormrhl.com/wp-content/uploads/2021/11/Cobras_Logo-128x128.png,#2B8C5C,18,6,11,1,13,66,73,-7
Regular Season 2025-2026,2025-2026,regular,2025-11-17,Eagles,https://ormrhl.com/wp-content/uploads/2021/11/Eagles_logo-128x128.png,#A31E2E,18,9,8,1,19,87,85,2
Regular Season 2025-2026,2025-2026,regular,2025-11-17,Grizzlies,https://ormrhl.com/wp-content/uploads/2022/09/grizzlies-128x128.png,#8B4A26,18,8,10,0,16,56,62,-6
Regular Season 2025-2026,2025-2026,regular,2025-11-17,Kings,https://ormrhl.com/wp-content/uploads/2025/09/kingsfin-128x128.png,#5B2A86,18,11,6,1,23,84,56,28
Regular Season 2025-2026,2025-2026,regular,2025-11-17,Komodo Dragons,https://ormrhl.com/wp-content/uploads/2022/09/komodo-128x128.png,#3B6E2A,18,7,11,0,14,52,51,1
Regular Season 2025-2026,2025-2026,regular,2025-11-17,Leafs,https://ormrhl.com/wp-content/uploads/2025/09/leafsfin-128x128.png,#1B4D8E,18,13,5,0,26,74,49,25
Regular Season 2025-2026,2025-2026,regular,2025-11-17,Rhinos,https://ormrhl.com/wp-content/uploads/2021/11/Rhinos_logo-128x128.png,#6B6F76,18,11,5,2,24,76,73,3
Regular Season 2025-2026,2025-2026,regular,2025-11-17,Wildcats,https://ormrhl.com/wp-content/uploads/2021/11/wildcats_logo-128x128.png,#D97B29,18,4,13,1,9,49,95,-46
Regular Season 2025-2026,2025-2026,regular,2025-11-20,Cobras,https://ormrhl.com/wp-content/uploads/2021/11/Cobras_Logo-128x128.png,#2B8C5C,19,6,12,1,13,72,80,-8
Regular Season 2025-2026,2025-2026,regular,2025-11-20,Eagles,https://ormrhl.com/wp-content/uploads/2021/11/Eagles_logo-128x128.png,#A31E2E,19,10,8,1,21,92,87,5
Regular Season 2025-2026,2025-2026,regular,2025-11-20,Grizzlies,https://ormrhl.com/wp-content/uploads/2022/09/grizzlies-128x128.png,#8B4A26,19,8,11,0,16,59,66,-7
Regular Season 2025-2026,2025-2026,regular,2025-11-20,Kings,https://ormrhl.com/wp-content/uploads/2025/09/kingsfin-128x128.png,#5B2A86,19,12,6,1,25,91,60,31
Regular Season 2025-2026,2025-2026,regular,2025-11-20,Komodo Dragons,https://ormrhl.com/wp-content/uploads/2022/09/komodo-128x128.png,#3B6E2A,19,7,12,0,14,56,58,-2
Regular Season 2025-2026,2025-2026,regular,2025-11-20,Leafs,https://ormrhl.com/wp-content/uploads/2025/09/leafsfin-128x128.png,#1B4D8E,19,14,5,0,28,81,55,26
Regular Season 2025-2026,2025-2026,regular,2025-11-20,Rhinos,https://ormrhl.com/wp-content/uploads/2021/11/Rhinos_logo-128x128.png,#6B6F76,19,11,6,2,24,78,78,0
Regular Season 2025-2026,2025-2026,regular,2025-11-20,Wildcats,https://ormrhl.com/wp-content/uploads/2021/11/wildcats_logo-128x128.png,#D97B29,19,5,13,1,11,53,98,-45
Regular Season 2025-2026,2025-2026,regular,2025-11-24,Cobras,https://ormrhl.com/wp-content/uploads/2021/11/Cobras_Logo-128x128.png,#2B8C5C,20,6,13,1,13,73,88,-15
Regular Season 2025-2026,2025-2026,regular,2025-11-24,Eagles,https://ormrhl.com/wp-content/uploads/2021/11/Eagles_logo-128x128.png,#A31E2E,20,10,9,1,21,94,94,0
Regular Season 2025-2026,2025-2026,regular,2025-11-24,Grizzlies,https://ormrhl.com/wp-content/uploads/2022/09/grizzlies-128x128.png,#8B4A26,20,9,11,0,18,63,67,-4
Regular Season 2025-2026,2025-2026,regular,2025-11-24,Kings,https://ormrhl.com/wp-content/uploads/2025/09/kingsfin-128x128.png,#5B2A86,20,12,7,1,25,92,64,28
Regular Season 2025-2026,2025-2026,regular,2025-11-24,Komodo Dragons,https://ormrhl.com/wp-content/uploads/2022/09/komodo-128x128.png,#3B6E2A,20,8,12,0,16,64,59,5
Regular Season 2025-2026,2025-2026,regular,2025-11-24,Leafs,https://ormrhl.com/wp-content/uploads/2025/09/leafsfin-128x128.png,#1B4D8E,20,15,5,0,30,88,57,31
Regular Season 2025-2026,2025-2026,regular,2025-11-24,Rhinos,https://ormrhl.com/wp-content/uploads/2021/11/Rhinos_logo-128x128.png,#6B6F76,20,12,6,2,26,82,79,3
Regular Season 2025-2026,2025-2026,regular,2025-11-24,Wildcats,https://ormrhl.com/wp-content/uploads/2021/11/wildcats_logo-128x128.png,#D97B29,20,5,14,1,11,54,102,-48
Regular Season 2025-2026,2025-2026,regular,2025-11-27,Cobras,https://ormrhl.com/wp-content/uploads/2021/11/Cobras_Logo-128x128.png,#2B8C5C,21,6,14,1,13,75,91,-16
Regular Season 2025-2026,2025-2026,regular,2025-11-27,Eagles,https://ormrhl.com/wp-content/uploads/2021/11/Eagles_logo-128x128.png,#A31E2E,21,11,9,1,23,100,97,3
Regular Season 2025-2026,2025-2026,regular,2025-11-27,Grizzlies,https://ormrhl.com/wp-content/uploads/2022/09/grizzlies-128x128.png,#8B4A26,21,10,11,0,20,66,69,-3
Regular Season 2025-2026,2025-2026,regular,2025-11-27,Kings,https://ormrhl.com/wp-content/uploads/2025/09/kingsfin-128x128.png,#5B2A86,21,13,7,1,27,98,66,32
Regular Season 2025-2026,2025-2026,regular,2025-11-27,Komodo Dragons,https://ormrhl.com/wp-content/uploads/2022/09/komodo-128x128.png,#3B6E2A,21,9,12,0,18,66,60,6
Regular Season 2025-2026,2025-2026,regular,2025-11-27,Leafs,https://ormrhl.com/wp-content/uploads/2025/09/leafsfin-128x128.png,#1B4D8E,21,15,6,0,30,89,59,30
Regular Season 2025-2026,2025-2026,regular,2025-11-27,Rhinos,https://ormrhl.com/wp-content/uploads/2021/11/Rhinos_logo-128x128.png,#6B6F76,21,12,7,2,26,84,85,-1
Regular Season 2025-2026,2025-2026,regular,2025-11-27,Wildcats,https://ormrhl.com/wp-content/uploads/2021/11/wildcats_logo-128x128.png,#D97B29,21,5,15,1,11,57,108,-51
Regular Season 2025-2026,2025-2026,regular,2025-12-01,Cobras,https://ormrhl.com/wp-content/uploads/2021/11/Cobras_Logo-128x128.png,#2B8C5C,22,6,15,1,13,78,96,-18
Regular Season 2025-2026,2025-2026,regular,2025-12-01,Eagles,https://ormrhl.com/wp-content/uploads/2021/11/Eagles_logo-128x128.png,#A31E2E,22,11,10,1,23,101,99,2
Regular Season 2025-2026,2025-2026,regular,2025-12-01,Grizzlies,https://ormrhl.com/wp-content/uploads/2022/09/grizzlies-128x128.png,#8B4A26,22,11,11,0,22,71,72,-1
Regular Season 2025-2026,2025-2026,regular,2025-12-01,Kings,https://ormrhl.com/wp-content/uploads/2025/09/kingsfin-128x128.png,#5B2A86,22,13,8,1,27,100,69,31
Regular Season 2025-2026,2025-2026,regular,2025-12-01,Komodo Dragons,https://ormrhl.com/wp-content/uploads/2022/09/komodo-128x128.png,#3B6E2A,22,10,12,0,20,68,61,7
Regular Season 2025-2026,2025-2026,regular,2025-12-01,Leafs,https://ormrhl.com/wp-content/uploads/2025/09/leafsfin-128x128.png,#1B4D8E,22,15,7,0,30,92,64,28
Regular Season 2025-2026,2025-2026,regular,2025-12-01,Rhinos,https://ormrhl.com/wp-content/uploads/2021/11/Rhinos_logo-128x128.png,#6B6F76,22,13,7,2,28,89,88,1
Regular Season 2025-2026,2025-2026,regular,2025-12-01,Wildcats,https://ormrhl.com/wp-content/uploads/2021/11/wildcats_logo-128x128.png,#D97B29,22,6,15,1,13,60,110,-50
Regular Season 2025-2026,2025-2026,regular,2025-12-04,Cobras,https://ormrhl.com/wp-content/uploads/2021/11/Cobras_Logo-128x128.png,#2B8C5C,23,6,16,1,13,79,100,-21
Regular Season 2025-2026,2025-2026,regular,2025-12-04,Eagles,https://ormrhl.com/wp-content/uploads/2021/11/Eagles_logo-128x128.png,#A31E2E,23,11,11,1,23,104,105,-1
Regular Season 2025-2026,2025-2026,regular,2025-12-04,Grizzlies,https://ormrhl.com/wp-content/uploads/2022/09/grizzlies-128x128.png,#8B4A26,23,12,11,0,24,73,72,1
Regular Season 2025-2026,2025-2026,regular,2025-12-04,Kings,https://ormrhl.com/wp-content/uploads/2025/09/kingsfin-128x128.png,#5B2A86,23,14,8,1,29,106,72,34
Regular Season 2025-2026,2025-2026,regular,2025-12-04,Komodo Dragons,https://ormrhl.com/wp-content/uploads/2022/09/komodo-128x128.png,#3B6E2A,23,10,13,0,20,68,63,5
Regular Season 2025-2026,2025-2026,regular,2025-12-04,Leafs,https://ormrhl.com/wp-content/uploads/2025/09/leafsfin-128x128.png,#1B4D8E,23,16,7,0,32,96,67,29
Regular Season 2025-2026,2025-2026,regular,2025-12-04,Rhinos,https://ormrhl.com/wp-content/uploads/2021/11/Rhinos_logo-128x128.png,#6B6F76,23,13,8,2,28,92,92,0
Regular Season 2025-2026,2025-2026,regular,2025-12-04,Wildcats,https://ormrhl.com/wp-content/uploads/2021/11/wildcats_logo-128x128.png,#D97B29,23,7,15,1,15,64,111,-47
Regular Season 2025-2026,2025-2026,regular,2025-12-08,Cobras,https://ormrhl.com/wp-content/uploads/2021/11/Cobras_Logo-128x128.png,#2B8C5C,24,6,17,1,13,82,107,-25
Regular Season 2025-2026,2025-2026,regular,2025-12-08,Eagles,https://ormrhl.com/wp-content/uploads/2021/11/Eagles_logo-128x128.png,#A31E2E,24,11,12,1,23,107,111,-4
Regular Season 2025-2026,2025-2026,regular,2025-12-08,Grizzlies,https://ormrhl.com/wp-content/uploads/2022/09/grizzlies-128x128.png,#8B4A26,24,13,11,0,26,79,75,4
Regular Season 2025-2026,2025-2026,regular,2025-12-08,Kings,https://ormrhl.com/wp-content/uploads/2025/09/kingsfin-128x128.png,#5B2A86,24,15,8,1,31,113,75,38
Regular Season 2025-2026,2025-2026,regular,2025-12-08,Komodo Dragons,https://ormrhl.com/wp-content/uploads/2022/09/komodo-128x128.png,#3B6E2A,24,10,14,0,20,69,70,-1
Regular Season 2025-2026,2025-2026,regular,2025-12-08,Leafs,https://ormrhl.com/wp-content/uploads/2025/09/leafsfin-128x128.png,#1B4D8E,24,16,8,0,32,98,71,27
Regular Season 2025-2026,2025-2026,regular,2025-12-08,Rhinos,https://ormrhl.com/wp-content/uploads/2021/11/Rhinos_logo-128x128.png,#6B6F76,24,14,8,2,30,99,93,6
Regular Season 2025-2026,2025-2026,regular,2025-12-08,Wildcats,https://ormrhl.com/wp-content/uploads/2021/11/wildcats_logo-128x128.png,#D97B29,24,8,15,1,17,68,113,-45
Regular Season 2025-2026,2025-2026,regular,2025-12-11,Cobras,https://ormrhl.com/wp-content/uploads/2021/11/Cobras_Logo-128x128.png,#2B8C5C,25,7,17,1,15,87,109,-22
Regular Season 2025-2026,2025-2026,regular,2025-12-11,Eagles,https://ormrhl.com/wp-content/uploads/2021/11/Eagles_logo-128x128.png,#A31E2E,25,11,13,1,23,109,116,-7
Regular Season 2025-2026,2025-2026,regular,2025-12-11,Grizzlies,https://ormrhl.com/wp-content/uploads/2022/09/grizzlies-128x128.png,#8B4A26,25,14,11,0,28,85,78,7
Regular Season 2025-2026,2025-2026,regular,2025-12-11,Kings,https://ormrhl.com/wp-content/uploads/2025/09/kingsfin-128x128.png,#5B2A86,25,15,9,1,31,114,81,33
Regular Season 2025-2026,2025-2026,regular,2025-12-11,Komodo Dragons,https://ormrhl.com/wp-content/uploads/2022/09/komodo-128x128.png,#3B6E2A,25,11,14,0,22,75,73,2
Regular Season 2025-2026,2025-2026,regular,2025-12-11,Leafs,https://ormrhl.com/wp-content/uploads/2025/09/leafsfin-128x128.png,#1B4D8E,25,17,8,0,34,104,72,32
Regular Season 2025-2026,2025-2026,regular,2025-12-11,Rhinos,https://ormrhl.com/wp-content/uploads/2021/11/Rhinos_logo-128x128.png,#6B6F76,25,14,9,2,30,102,99,3
Regular Season 2025-2026,2025-2026,regular,2025-12-11,Wildcats,https://ormrhl.com/wp-content/uploads/2021/11/wildcats_logo-128x128.png,#D97B29,25,8,16,1,17,71,119,-48
Regular Season 2025-2026,2025-2026,regular,2025-12-15,Cobras,https://ormrhl.com/wp-content/uploads/2021/11/Cobras_Logo-128x128.png,#2B8C5C,26,7,18,1,15,90,116,-26
Regular Season 2025-2026,2025-2026,regular,2025-12-15,Eagles,https://ormrhl.com/wp-content/uploads/2021/11/Eagles_logo-128x128.png,#A31E2E,26,12,13,1,25,116,121,-5
Regular Season 2025-2026,2025-2026,regular,2025-12-15,Grizzlies,https://ormrhl.com/wp-content/uploads/2022/09/grizzlies-128x128.png,#8B4A26,26,15,11,0,30,92,79,13
Regular Season 2025-2026,2025-2026,regular,2025-12-15,Kings,https://ormrhl.com/wp-content/uploads/2025/09/kingsfin-128x128.png,#5B2A86,26,16,9,1,33,120,84,36
Regular Season 2025-2026,2025-2026,regular,2025-12-15,Komodo Dragons,https://ormrhl.com/wp-content/uploads/2022/09/komodo-128x128.png,#3B6E2A,26,11,15,0,22,78,79,-1
Regular Season 2025-2026,2025-2026,regular,2025-12-15,Leafs,https://ormrhl.com/wp-content/uploads/2025/09/leafsfin-128x128.png,#1B4D8E,26,18,8,0,36,111,75,36
Regular Season 2025-2026,2025-2026,regular,2025-12-15,Rhinos,https://ormrhl.com/wp-content/uploads/2021/11/Rhinos_logo-128x128.png,#6B6F76,26,14,10,2,30,107,106,1
Regular Season 2025-2026,2025-2026,regular,2025-12-15,Wildcats,https://ormrhl.com/wp-content/uploads/2021/11/wildcats_logo-128x128.png,#D97B29,26,8,17,1,17,72,126,-54
Regular Season 2025-2026,2025-2026,regular,2025-12-18,Cobras,https://ormrhl.com/wp-content/uploads/2021/11/Cobras_Logo-128x128.png,#2B8C5C,27,7,19,1,15,94,121,-27
Regular Season 2025-2026,2025-2026,regular,2025-12-18,Eagles,https://ormrhl.com/wp-content/uploads/2021/11/Eagles_logo-128x128.png,#A31E2E,27,13,13,1,27,121,123,-2
Regular Season 2025-2026,2025-2026,regular,2025-12-18,Grizzlies,https://ormrhl.com/wp-content/uploads/2022/09/grizzlies-128x128.png,#8B4A26,27,15,12,0,30,97,85,12
Regular Season 2025-2026,2025-2026,regular,2025-12-18,Kings,https://ormrhl.com/wp-content/uploads/2025/09/kingsfin-128x128.png,#5B2A86,27,17,9,1,35,126,89,37
Regular Season 2025-2026,2025-2026,regular,2025-12-18,Komodo Dragons,https://ormrhl.com/wp-content/uploads/2022/09/komodo-128x128.png,#3B6E2A,27,12,15,0,24,83,83,0
Regular Season 2025-2026,2025-2026,regular,2025-12-18,Leafs,https://ormrhl.com/wp-content/uploads/2025/09/leafsfin-128x128.png,#1B4D8E,27,18,9,0,36,113,80,33
Regular Season 2025-2026,2025-2026,regular,2025-12-18,Rhinos,https://ormrhl.com/wp-content/uploads/2021/11/Rhinos_logo-128x128.png,#6B6F76,27,15,10,2,32,112,110,2
Regular Season 2025-2026,2025-2026,regular,2025-12-18,Wildcats,https://ormrhl.com/wp-content/uploads/2021/11/wildcats_logo-128x128.png,#D97B29,27,8,18,1,17,76,131,-55
Regular Season 2025-2026,2025-2026,regular,2025-12-22,Cobras,https://ormrhl.com/wp-content/uploads/2021/11/Cobras_Logo-128x128.png,#2B8C5C,28,7,20,1,15,96,126,-30
Regular Season 2025-2026,2025-2026,regular,2025-12-22,Eagles,https://ormrhl.com/wp-content/uploads/2021/11/Eagles_logo-128x128.png,#A31E2E,28,13,13,2,28,125,127,-2
Regular Season 2025-2026,2025-2026,regular,2025-12-22,Grizzlies,https://ormrhl.com/wp-content/uploads/2022/09/grizzlies-128x128.png,#8B4A26,28,16,12,0,32,102,87,15
Regular Season 2025-2026,2025-2026,regular,2025-12-22,Kings,https://ormrhl.com/wp-content/uploads/2025/09/kingsfin-128x128.png,#5B2A86,28,18,9,1,37,130,91,39
Regular Season 2025-2026,2025-2026,regular,2025-12-22,Komodo Dragons,https://ormrhl.com/wp-content/uploads/2022/09/komodo-128x128.png,#3B6E2A,28,12,16,0,24,85,88,-3
Regular Season 2025-2026,2025-2026,regular,2025-12-22,Leafs,https://ormrhl.com/wp-content/uploads/2025/09/leafsfin-128x128.png,#1B4D8E,28,19,9,0,38,118,82,36
Regular Season 2025-2026,2025-2026,regular,2025-12-22,Rhinos,https://ormrhl.com/wp-content/uploads/2021/11/Rhinos_logo-128x128.png,#6B6F76,28,15,11,2,32,114,114,0
Regular Season 2025-2026,2025-2026,regular,2025-12-22,Wildcats,https://ormrhl.com/wp-content/uploads/2021/11/wildcats_logo-128x128.png,#D97B29,28,8,18,2,18,80,135,-55
Regular Season 2025-2026,2025-2026,regular,2026-01-05,Cobras,https://ormrhl.com/wp-content/uploads/2021/11/Cobras_Logo-128x128.png,#2B8C5C,29,7,21,1,15,99,130,-31
Regular Season 2025-2026,2025-2026,regular,2026-01-05,Eagles,https://ormrhl.com/wp-content/uploads/2021/11/Eagles_logo-128x128.png,#A31E2E,29,13,14,2,28,129,134,-5
Regular Season 2025-2026,2025-2026,regular,2026-01-05,Grizzlies,https://ormrhl.com/wp-content/uploads/2022/09/grizzlies-128x128.png,#8B4A26,29,16,13,0,32,106,92,14
Regular Season 2025-2026,2025-2026,regular,2026-01-05,Kings,https://ormrhl.com/wp-content/uploads/2025/09/kingsfin-128x128.png,#5B2A86,29,19,9,1,39,137,95,42
Regular Season 2025-2026,2025-2026,regular,2026-01-05,Komodo Dragons,https://ormrhl.com/wp-content/uploads/2022/09/komodo-128x128.png,#3B6E2A,29,13,16,0,26,90,92,-2
Regular Season 2025-2026,2025-2026,regular,2026-01-05,Leafs,https://ormrhl.com/wp-content/uploads/2025/09/leafsfin-128x128.png,#1B4D8E,29,20,9,0,40,124,83,41
Regular Season 2025-2026,2025-2026,regular,2026-01-05,Rhinos,https://ormrhl.com/wp-content/uploads/2021/11/Rhinos_logo-128x128.png,#6B6F76,29,15,12,2,32,115,120,-5
Regular Season 2025-2026,2025-2026,regular,2026-01-05,Wildcats,https://ormrhl.com/wp-content/uploads/2021/11/wildcats_logo-128x128.png,#D97B29,29,9,18,2,20,84,138,-54
Regular Season 2025-2026,2025-2026,regular,2026-01-08,Cobras,https://ormrhl.com/wp-content/uploads/2021/11/Cobras_Logo-128x128.png,#2B8C5C,30,7,22,1,15,100,134,-34
Regular Season 2025-2026,2025-2026,regular,2026-01-08,Eagles,https://ormrhl.com/wp-content/uploads/2021/11/Eagles_logo-128x128.png,#A31E2E,30,14,14,2,30,136,136,0
Regular Season 2025-2026,2025-2026,regular,2026-01-08,Grizzlies,https://ormrhl.com/wp-content/uploads/2022/09/grizzlies-128x128.png,#8B4A26,30,16,14,0,32,108,99,9
Regular Season 2025-2026,2025-2026,regular,2026-01-08,Kings,https://ormrhl.com/wp-content/uploads/2025/09/kingsfin-128x128.png,#5B2A86,30,20,9,1,41,141,96,45
Regular Season 2025-2026,2025-2026,regular,2026-01-08,Komodo Dragons,https://ormrhl.com/wp-content/uploads/2022/09/komodo-128x128.png,#3B6E2A,30,14,16,0,28,99,96,3
Regular Season 2025-2026,2025-2026,regular,2026-01-08,Leafs,https://ormrhl.com/wp-content/uploads/2025/09/leafsfin-128x128.png,#1B4D8E,30,20,10,0,40,126,87,39
Regular Season 2025-2026,2025-2026,regular,2026-01-08,Rhinos,https://ormrhl.com/wp-content/uploads/2021/11/Rhinos_logo-128x128.png,#6B6F76,30,15,13,2,32,119,129,-10
Regular Season 2025-2026,2025-2026,regular,2026-01-08,Wildcats,https://ormrhl.com/wp-content/uploads/2021/11/wildcats_logo-128x128.png,#D97B29,30,10,18,2,22,88,140,-52
Regular Season 2025-2026,2025-2026,regular,2026-01-12,Cobras,https://ormrhl.com/wp-content/uploads/2021/11/Cobras_Logo-128x128.png,#2B8C5C,31,7,23,1,15,105,140,-35
Regular Season 2025-2026,2025-2026,regular,2026-01-12,Eagles,https://ormrhl.com/wp-content/uploads/2021/11/Eagles_logo-128x128.png,#A31E2E,31,15,14,2,32,142,141,1
Regular Season 2025-2026,2025-2026,regular,2026-01-12,Grizzlies,https://ormrhl.com/wp-content/uploads/2022/09/grizzlies-128x128.png,#8B4A26,31,16,15,0,32,110,107,3
Regular Season 2025-2026,2025-2026,regular,2026-01-12,Kings,https://ormrhl.com/wp-content/uploads/2025/09/kingsfin-128x128.png,#5B2A86,31,20,10,1,41,145,104,41
Regular Season 2025-2026,2025-2026,regular,2026-01-12,Komodo Dragons,https://ormrhl.com/wp-content/uploads/2022/09/komodo-128x128.png,#3B6E2A,31,15,16,0,30,103,97,6
Regular Season 2025-2026,2025-2026,regular,2026-01-12,Leafs,https://ormrhl.com/wp-content/uploads/2025/09/leafsfin-128x128.png,#1B4D8E,31,21,10,0,42,134,91,43
Regular Season 2025-2026,2025-2026,regular,2026-01-12,Rhinos,https://ormrhl.com/wp-content/uploads/2021/11/Rhinos_logo-128x128.png,#6B6F76,31,16,13,2,34,127,131,-4
Regular Season 2025-2026,2025-2026,regular,2026-01-12,Wildcats,https://ormrhl.com/wp-content/uploads/2021/11/wildcats_logo-128x128.png,#D97B29,31,10,19,2,22,89,144,-55
Regular Season 2025-2026,2025-2026,regular,2026-01-15,Cobras,https://ormrhl.com/wp-content/uploads/2021/11/Cobras_Logo-128x128.png,#2B8C5C,32,7,24,1,15,108,148,-40
Regular Season 2025-2026,2025-2026,regular,2026-01-15,Eagles,https://ormrhl.com/wp-content/uploads/2021/11/Eagles_logo-128x128.png,#A31E2E,32,16,14,2,34,147,144,3
Regular Season 2025-2026,2025-2026,regular,2026-01-15,Grizzlies,https://ormrhl.com/wp-content/uploads/2022/09/grizzlies-128x128.png,#8B4A26,32,16,16,0,32,111,110,1
Regular Season 2025-2026,2025-2026,regular,2026-01-15,Kings,https://ormrhl.com/wp-content/uploads/2025/09/kingsfin-128x128.png,#5B2A86,32,20,11,1,41,147,109,38
Regular Season 2025-2026,2025-2026,regular,2026-01-15,Komodo Dragons,https://ormrhl.com/wp-content/uploads/2022/09/komodo-128x128.png,#3B6E2A,32,16,16,0,32,108,99,9
Regular Season 2025-2026,2025-2026,regular,2026-01-15,Leafs,https://ormrhl.com/wp-content/uploads/2025/09/leafsfin-128x128.png,#1B4D8E,32,22,10,0,44,142,94,48
Regular Season 2025-2026,2025-2026,regular,2026-01-15,Rhinos,https://ormrhl.com/wp-content/uploads/2021/11/Rhinos_logo-128x128.png,#6B6F76,32,16,14,2,34,130,136,-6
Regular Season 2025-2026,2025-2026,regular,2026-01-15,Wildcats,https://ormrhl.com/wp-content/uploads/2021/11/wildcats_logo-128x128.png,#D97B29,32,11,19,2,24,92,145,-53
Regular Season 2025-2026,2025-2026,regular,2026-01-19,Cobras,https://ormrhl.com/wp-content/uploads/2021/11/Cobras_Logo-128x128.png,#2B8C5C,33,7,25,1,15,111,152,-41
Regular Season 2025-2026,2025-2026,regular,2026-01-19,Eagles,https://ormrhl.com/wp-content/uploads/2021/11/Eagles_logo-128x128.png,#A31E2E,33,17,14,2,36,152,145,7
Regular Season 2025-2026,2025-2026,regular,2026-01-19,Grizzlies,https://ormrhl.com/wp-content/uploads/2022/09/grizzlies-128x128.png,#8B4A26,33,17,16,0,34,113,111,2
Regular Season 2025-2026,2025-2026,regular,2026-01-19,Kings,https://ormrhl.com/wp-content/uploads/2025/09/kingsfin-128x128.png,#5B2A86,33,20,12,1,41,148,111,37
Regular Season 2025-2026,2025-2026,regular,2026-01-19,Komodo Dragons,https://ormrhl.com/wp-content/uploads/2022/09/komodo-128x128.png,#3B6E2A,33,17,16,0,34,112,102,10
Regular Season 2025-2026,2025-2026,regular,2026-01-19,Leafs,https://ormrhl.com/wp-content/uploads/2025/09/leafsfin-128x128.png,#1B4D8E,33,22,11,0,44,143,99,44
Regular Season 2025-2026,2025-2026,regular,2026-01-19,Rhinos,https://ormrhl.com/wp-content/uploads/2021/11/Rhinos_logo-128x128.png,#6B6F76,33,17,14,2,36,131,136,-5
Regular Season 2025-2026,2025-2026,regular,2026-01-19,Wildcats,https://ormrhl.com/wp-content/uploads/2021/11/wildcats_logo-128x128.png,#D97B29,33,11,20,2,24,92,146,-54
Regular Season 2025-2026,2025-2026,regular,2026-01-22,Cobras,https://ormrhl.com/wp-content/uploads/2021/11/Cobras_Logo-128x128.png,#2B8C5C,34,7,26,1,15,114,158,-44
Regular Season 2025-2026,2025-2026,regular,2026-01-22,Eagles,https://ormrhl.com/wp-content/uploads/2021/11/Eagles_logo-128x128.png,#A31E2E,34,17,15,2,36,154,149,5
Regular Season 2025-2026,2025-2026,regular,2026-01-22,Grizzlies,https://ormrhl.com/wp-content/uploads/2022/09/grizzlies-128x128.png,#8B4A26,34,18,16,0,36,119,114,5
Regular Season 2025-2026,2025-2026,regular,2026-01-22,Kings,https://ormrhl.com/wp-content/uploads/2025/09/kingsfin-128x128.png,#5B2A86,34,21,12,1,43,151,113,38
Regular Season 2025-2026,2025-2026,regular,2026-01-22,Komodo Dragons,https://ormrhl.com/wp-content/uploads/2022/09/komodo-128x128.png,#3B6E2A,34,18,16,0,36,118,104,14
Regular Season 2025-2026,2025-2026,regular,2026-01-22,Leafs,https://ormrhl.com/wp-content/uploads/2025/09/leafsfin-128x128.png,#1B4D8E,34,22,12,0,44,145,105,40
Regular Season 2025-2026,2025-2026,regular,2026-01-22,Rhinos,https://ormrhl.com/wp-content/uploads/2021/11/Rhinos_logo-128x128.png,#6B6F76,34,17,15,2,36,133,139,-6
Regular Season 2025-2026,2025-2026,regular,2026-01-22,Wildcats,https://ormrhl.com/wp-content/uploads/2021/11/wildcats_logo-128x128.png,#D97B29,34,12,20,2,26,96,148,-52
Regular Season 2025-2026,2025-2026,regular,2026-01-26,Cobras,https://ormrhl.com/wp-content/uploads/2021/11/Cobras_Logo-128x128.png,#2B8C5C,35,8,26,1,17,120,158,-38
Regular Season 2025-2026,2025-2026,regular,2026-01-26,Eagles,https://ormrhl.com/wp-content/uploads/2021/11/Eagles_logo-128x128.png,#A31E2E,35,18,15,2,38,156,150,6
Regular Season 2025-2026,2025-2026,regular,2026-01-26,Grizzlies,https://ormrhl.com/wp-content/uploads/2022/09/grizzlies-128x128.png,#8B4A26,35,19,16,0,38,124,118,6
Regular Season 2025-2026,2025-2026,regular,2026-01-26,Kings,https://ormrhl.com/wp-content/uploads/2025/09/kingsfin-128x128.png,#5B2A86,35,21,13,1,43,152,118,34
Regular Season 2025-2026,2025-2026,regular,2026-01-26,Komodo Dragons,https://ormrhl.com/wp-content/uploads/2022/09/komodo-128x128.png,#3B6E2A,35,18,17,0,36,119,106,13
Regular Season 2025-2026,2025-2026,regular,2026-01-26,Leafs,https://ormrhl.com/wp-content/uploads/2025/09/leafsfin-128x128.png,#1B4D8E,35,22,13,0,44,149,110,39
Regular Season 2025-2026,2025-2026,regular,2026-01-26,Rhinos,https://ormrhl.com/wp-content/uploads/2021/11/Rhinos_logo-128x128.png,#6B6F76,35,17,16,2,36,133,145,-12
Regular Season 2025-2026,2025-2026,regular,2026-01-26,Wildcats,https://ormrhl.com/wp-content/uploads/2021/11/wildcats_logo-128x128.png,#D97B29,35,13,20,2,28,101,149,-48
Regular Season 2025-2026,2025-2026,regular,2026-01-29,Cobras,https://ormrhl.com/wp-content/uploads/2021/11/Cobras_Logo-128x128.png,#2B8C5C,36,8,27,1,17,126,165,-39
Regular Season 2025-2026,2025-2026,regular,2026-01-29,Eagles,https://ormrhl.com/wp-content/uploads/2021/11/Eagles_logo-128x128.png,#A31E2E,36,18,16,2,38,156,153,3
Regular Season 2025-2026,2025-2026,regular,2026-01-29,Grizzlies,https://ormrhl.com/wp-content/uploads/2022/09/grizzlies-128x128.png,#8B4A26,36,19,17,0,38,127,122,5
Regular Season 2025-2026,2025-2026,regular,2026-01-29,Kings,https://ormrhl.com/wp-content/uploads/2025/09/kingsfin-128x128.png,#5B2A86,36,22,13,1,45,155,118,37
Regular Season 2025-2026,2025-2026,regular,2026-01-29,Komodo Dragons,https://ormrhl.com/wp-content/uploads/2022/09/komodo-128x128.png,#3B6E2A,36,19,17,0,38,123,109,14
Regular Season 2025-2026,2025-2026,regular,2026-01-29,Leafs,https://ormrhl.com/wp-content/uploads/2025/09/leafsfin-128x128.png,#1B4D8E,36,23,13,0,46,154,112,42
Regular Season 2025-2026,2025-2026,regular,2026-01-29,Rhinos,https://ormrhl.com/wp-content/uploads/2021/11/Rhinos_logo-128x128.png,#6B6F76,36,17,17,2,36,135,150,-15
Regular Season 2025-2026,2025-2026,regular,2026-01-29,Wildcats,https://ormrhl.com/wp-content/uploads/2021/11/wildcats_logo-128x128.png,#D97B29,36,14,20,2,30,108,155,-47
Regular Season 2025-2026,2025-2026,regular,2026-02-02,Cobras,https://ormrhl.com/wp-content/uploads/2021/11/Cobras_Logo-128x128.png,#2B8C5C,37,9,27,1,19,129,166,-37
Regular Season 2025-2026,2025-2026,regular,2026-02-02,Eagles,https://ormrhl.com/wp-content/uploads/2021/11/Eagles_logo-128x128.png,#A31E2E,37,18,17,2,38,158,158,0
Regular Season 2025-2026,2025-2026,regular,2026-02-02,Grizzlies,https://ormrhl.com/wp-content/uploads/2022/09/grizzlies-128x128.png,#8B4A26,37,20,17,0,40,132,124,8
Regular Season 2025-2026,2025-2026,regular,2026-02-02,Kings,https://ormrhl.com/wp-content/uploads/2025/09/kingsfin-128x128.png,#5B2A86,37,22,14,1,45,156,121,35
Regular Season 2025-2026,2025-2026,regular,2026-02-02,Komodo Dragons,https://ormrhl.com/wp-content/uploads/2022/09/komodo-128x128.png,#3B6E2A,37,19,18,0,38,129,116,13
Regular Season 2025-2026,2025-2026,regular,2026-02-02,Leafs,https://ormrhl.com/wp-content/uploads/2025/09/leafsfin-128x128.png,#1B4D8E,37,23,14,0,46,156,116,40
Regular Season 2025-2026,2025-2026,regular,2026-02-02,Rhinos,https://ormrhl.com/wp-content/uploads/2021/11/Rhinos_logo-128x128.png,#6B6F76,37,18,17,2,38,142,156,-14
Regular Season 2025-2026,2025-2026,regular,2026-02-02,Wildcats,https://ormrhl.com/wp-content/uploads/2021/11/wildcats_logo-128x128.png,#D97B29,37,15,20,2,32,112,157,-45
Regular Season 2025-2026,2025-2026,regular,2026-02-05,Cobras,https://ormrhl.com/wp-content/uploads/2021/11/Cobras_Logo-128x128.png,#2B8C5C,38,9,28,1,19,132,172,-40
Regular Season 2025-2026,2025-2026,regular,2026-02-05,Eagles,https://ormrhl.com/wp-content/uploads/2021/11/Eagles_logo-128x128.png,#A31E2E,38,19,17,2,40,164,161,3
Regular Season 2025-2026,2025-2026,regular,2026-02-05,Grizzlies,https://ormrhl.com/wp-content/uploads/2022/09/grizzlies-128x128.png,#8B4A26,38,21,17,0,42,139,127,12
Regular Season 2025-2026,2025-2026,regular,2026-02-05,Kings,https://ormrhl.com/wp-content/uploads/2025/09/kingsfin-128x128.png,#5B2A86,38,22,15,1,45,157,123,34
Regular Season 2025-2026,2025-2026,regular,2026-02-05,Komodo Dragons,https://ormrhl.com/wp-content/uploads/2022/09/komodo-128x128.png,#3B6E2A,38,20,18,0,40,135,119,16
Regular Season 2025-2026,2025-2026,regular,2026-02-05,Leafs,https://ormrhl.com/wp-content/uploads/2025/09/leafsfin-128x128.png,#1B4D8E,38,24,14,0,48,158,117,41
Regular Season 2025-2026,2025-2026,regular,2026-02-05,Rhinos,https://ormrhl.com/wp-content/uploads/2021/11/Rhinos_logo-128x128.png,#6B6F76,38,18,18,2,38,145,163,-18
Regular Season 2025-2026,2025-2026,regular,2026-02-05,Wildcats,https://ormrhl.com/wp-content/uploads/2021/11/wildcats_logo-128x128.png,#D97B29,38,15,21,2,32,115,163,-48
Regular Season 2025-2026,2025-2026,regular,2026-02-09,Cobras,https://ormrhl.com/wp-content/uploads/2021/11/Cobras_Logo-128x128.png,#2B8C5C,39,9,29,1,19,133,178,-45
Regular Season 2025-2026,2025-2026,regular,2026-02-09,Eagles,https://ormrhl.com/wp-content/uploads/2021/11/Eagles_logo-128x128.png,#A31E2E,39,20,17,2,42,173,164,9
Regular Season 2025-2026,2025-2026,regular,2026-02-09,Grizzlies,https://ormrhl.com/wp-content/uploads/2022/09/grizzlies-128x128.png,#8B4A26,39,21,18,0,42,139,130,9
Regular Season 2025-2026,2025-2026,regular,2026-02-09,Kings,https://ormrhl.com/wp-content/uploads/2025/09/kingsfin-128x128.png,#5B2A86,39,22,16,1,45,161,129,32
Regular Season 2025-2026,2025-2026,regular,2026-02-09,Komodo Dragons,https://ormrhl.com/wp-content/uploads/2022/09/komodo-128x128.png,#3B6E2A,39,21,18,0,42,141,123,18
Regular Season 2025-2026,2025-2026,regular,2026-02-09,Leafs,https://ormrhl.com/wp-content/uploads/2025/09/leafsfin-128x128.png,#1B4D8E,39,25,14,0,50,164,118,46
Regular Season 2025-2026,2025-2026,regular,2026-02-09,Rhinos,https://ormrhl.com/wp-content/uploads/2021/11/Rhinos_logo-128x128.png,#6B6F76,39,18,19,2,38,148,172,-24
Regular Season 2025-2026,2025-2026,regular,2026-02-09,Wildcats,https://ormrhl.com/wp-content/uploads/2021/11/wildcats_logo-128x128.png,#D97B29,39,16,21,2,34,118,163,-45
Regular Season 2025-2026,2025-2026,regular,2026-02-12,Cobras,https://ormrhl.com/wp-content/uploads/2021/11/Cobras_Logo-128x128.png,#2B8C5C,40,9,30,1,19,136,186,-50
Regular Season 2025-2026,2025-2026,regular,2026-02-12,Eagles,https://ormrhl.com/wp-content/uploads/2021/11/Eagles_logo-128x128.png,#A31E2E,40,20,18,2,42,176,168,8
Regular Season 2025-2026,2025-2026,regular,2026-02-12,Grizzlies,https://ormrhl.com/wp-content/uploads/2022/09/grizzlies-128x128.png,#8B4A26,40,22,18,0,44,144,133,11
Regular Season 2025-2026,2025-2026,regular,2026-02-12,Kings,https://ormrhl.com/wp-content/uploads/2025/09/kingsfin-128x128.png,#5B2A86,40,22,17,1,45,164,134,30
Regular Season 2025-2026,2025-2026,regular,2026-02-12,Komodo Dragons,https://ormrhl.com/wp-content/uploads/2022/09/komodo-128x128.png,#3B6E2A,40,22,18,0,44,149,126,23
Regular Season 2025-2026,2025-2026,regular,2026-02-12,Leafs,https://ormrhl.com/wp-content/uploads/2025/09/leafsfin-128x128.png,#1B4D8E,40,26,14,0,52,168,121,47
Regular Season 2025-2026,2025-2026,regular,2026-02-12,Rhinos,https://ormrhl.com/wp-content/uploads/2021/11/Rhinos_logo-128x128.png,#6B6F76,40,18,20,2,38,151,178,-27
Regular Season 2025-2026,2025-2026,regular,2026-02-12,Wildcats,https://ormrhl.com/wp-content/uploads/2021/11/wildcats_logo-128x128.png,#D97B29,40,17,21,2,36,124,166,-42
Regular Season 2025-2026,2025-2026,regular,2026-02-19,Cobras,https://ormrhl.com/wp-content/uploads/2021/11/Cobras_Logo-128x128.png,#2B8C5C,41,9,31,1,19,139,190,-51
Regular Season 2025-2026,2025-2026,regular,2026-02-19,Eagles,https://ormrhl.com/wp-content/uploads/2021/11/Eagles_logo-128x128.png,#A31E2E,41,21,18,2,44,180,169,11
Regular Season 2025-2026,2025-2026,regular,2026-02-19,Grizzlies,https://ormrhl.com/wp-content/uploads/2022/09/grizzlies-128x128.png,#8B4A26,41,23,18,0,46,148,136,12
Regular Season 2025-2026,2025-2026,regular,2026-02-19,Kings,https://ormrhl.com/wp-content/uploads/2025/09/kingsfin-128x128.png,#5B2A86,41,22,18,1,45,169,142,27
Regular Season 2025-2026,2025-2026,regular,2026-02-19,Komodo Dragons,https://ormrhl.com/wp-content/uploads/2022/09/komodo-128x128.png,#3B6E2A,41,22,19,0,44,153,131,22
Regular Season 2025-2026,2025-2026,regular,2026-02-19,Leafs,https://ormrhl.com/wp-content/uploads/2025/09/leafsfin-128x128.png,#1B4D8E,41,27,14,0,54,173,125,48
Regular Season 2025-2026,2025-2026,regular,2026-02-19,Rhinos,https://ormrhl.com/wp-content/uploads/2021/11/Rhinos_logo-128x128.png,#6B6F76,41,19,20,2,40,159,183,-24
Regular Season 2025-2026,2025-2026,regular,2026-02-19,Wildcats,https://ormrhl.com/wp-content/uploads/2021/11/wildcats_logo-128x128.png,#D97B29,41,17,22,2,36,125,170,-45
Regular Season 2025-2026,2025-2026,regular,2026-02-23,Cobras,https://ormrhl.com/wp-content/uploads/2021/11/Cobras_Logo-128x128.png,#2B8C5C,42,9,32,1,19,142,197,-55
Regular Season 2025-2026,2025-2026,regular,2026-02-23,Eagles,https://ormrhl.com/wp-content/uploads/2021/11/Eagles_logo-128x128.png,#A31E2E,42,21,19,2,44,183,177,6
Regular Season 2025-2026,2025-2026,regular,2026-02-23,Grizzlies,https://ormrhl.com/wp-content/uploads/2022/09/grizzlies-128x128.png,#8B4A26,42,23,19,0,46,151,141,10
Regular Season 2025-2026,2025-2026,regular,2026-02-23,Kings,https://ormrhl.com/wp-content/uploads/2025/09/kingsfin-128x128.png,#5B2A86,42,23,18,1,47,173,145,28
Regular Season 2025-2026,2025-2026,regular,2026-02-23,Komodo Dragons,https://ormrhl.com/wp-content/uploads/2022/09/komodo-128x128.png,#3B6E2A,42,23,19,0,46,161,134,27
Regular Season 2025-2026,2025-2026,regular,2026-02-23,Leafs,https://ormrhl.com/wp-content/uploads/2025/09/leafsfin-128x128.png,#1B4D8E,42,28,14,0,56,178,128,50
Regular Season 2025-2026,2025-2026,regular,2026-02-23,Rhinos,https://ormrhl.com/wp-content/uploads/2021/11/Rhinos_logo-128x128.png,#6B6F76,42,20,20,2,42,166,186,-20
Regular Season 2025-2026,2025-2026,regular,2026-02-23,Wildcats,https://ormrhl.com/wp-content/uploads/2021/11/wildcats_logo-128x128.png,#D97B29,42,17,23,2,36,128,174,-46
Regular Season 2025-2026,2025-2026,regular,2026-02-26,Cobras,https://ormrhl.com/wp-content/uploads/2021/11/Cobras_Logo-128x128.png,#2B8C5C,43,9,33,1,19,143,201,-58
Regular Season 2025-2026,2025-2026,regular,2026-02-26,Eagles,https://ormrhl.com/wp-content/uploads/2021/11/Eagles_logo-128x128.png,#A31E2E,43,21,20,2,44,185,186,-1
Regular Season 2025-2026,2025-2026,regular,2026-02-26,Grizzlies,https://ormrhl.com/wp-content/uploads/2022/09/grizzlies-128x128.png,#8B4A26,43,23,20,0,46,152,145,7
Regular Season 2025-2026,2025-2026,regular,2026-02-26,Kings,https://ormrhl.com/wp-content/uploads/2025/09/kingsfin-128x128.png,#5B2A86,43,24,18,1,49,182,147,35
Regular Season 2025-2026,2025-2026,regular,2026-02-26,Komodo Dragons,https://ormrhl.com/wp-content/uploads/2022/09/komodo-128x128.png,#3B6E2A,43,24,19,0,48,165,135,30
Regular Season 2025-2026,2025-2026,regular,2026-02-26,Leafs,https://ormrhl.com/wp-content/uploads/2025/09/leafsfin-128x128.png,#1B4D8E,43,29,14,0,58,183,131,52
Regular Season 2025-2026,2025-2026,regular,2026-02-26,Rhinos,https://ormrhl.com/wp-content/uploads/2021/11/Rhinos_logo-128x128.png,#6B6F76,43,20,21,2,42,169,191,-22
Regular Season 2025-2026,2025-2026,regular,2026-02-26,Wildcats,https://ormrhl.com/wp-content/uploads/2021/11/wildcats_logo-128x128.png,#D97B29,43,18,23,2,38,132,175,-43
Regular Season 2025-2026,2025-2026,regular,2026-03-02,Cobras,https://ormrhl.com/wp-content/uploads/2021/11/Cobras_Logo-128x128.png,#2B8C5C,44,9,34,1,19,144,203,-59
Regular Season 2025-2026,2025-2026,regular,2026-03-02,Eagles,https://ormrhl.com/wp-content/uploads/2021/11/Eagles_logo-128x128.png,#A31E2E,44,21,21,2,44,188,190,-2
Regular Season 2025-2026,2025-2026,regular,2026-03-02,Grizzlies,https://ormrhl.com/wp-content/uploads/2022/09/grizzlies-128x128.png,#8B4A26,44,24,20,0,48,156,148,8
Regular Season 2025-2026,2025-2026,regular,2026-03-02,Kings,https://ormrhl.com/wp-content/uploads/2025/09/kingsfin-128x128.png,#5B2A86,44,25,18,1,51,184,148,36
Regular Season 2025-2026,2025-2026,regular,2026-03-02,Komodo Dragons,https://ormrhl.com/wp-content/uploads/2022/09/komodo-128x128.png,#3B6E2A,44,25,19,0,50,169,136,33
Regular Season 2025-2026,2025-2026,regular,2026-03-02,Leafs,https://ormrhl.com/wp-content/uploads/2025/09/leafsfin-128x128.png,#1B4D8E,44,29,14,1,59,187,135,52
Regular Season 2025-2026,2025-2026,regular,2026-03-02,Rhinos,https://ormrhl.com/wp-content/uploads/2021/11/Rhinos_logo-128x128.png,#6B6F76,44,20,22,2,42,170,195,-25
Regular Season 2025-2026,2025-2026,regular,2026-03-02,Wildcats,https://ormrhl.com/wp-content/uploads/2021/11/wildcats_logo-128x128.png,#D97B29,44,18,23,3,39,136,179,-43
Regular Season 2025-2026,2025-2026,regular,2026-03-05,Cobras,https://ormrhl.com/wp-content/uploads/2021/11/Cobras_Logo-128x128.png,#2B8C5C,45,9,35,1,19,146,209,-63
Regular Season 2025-2026,2025-2026,regular,2026-03-05,Eagles,https://ormrhl.com/wp-content/uploads/2021/11/Eagles_logo-128x128.png,#A31E2E,45,22,21,2,46,194,192,2
Regular Season 2025-2026,2025-2026,regular,2026-03-05,Grizzlies,https://ormrhl.com/wp-content/uploads/2022/09/grizzlies-128x128.png,#8B4A26,45,24,21,0,48,158,151,7
Regular Season 2025-2026,2025-2026,regular,2026-03-05,Kings,https://ormrhl.com/wp-content/uploads/2025/09/kingsfin-128x128.png,#5B2A86,45,26,18,1,53,190,149,41
Regular Season 2025-2026,2025-2026,regular,2026-03-05,Komodo Dragons,https://ormrhl.com/wp-content/uploads/2022/09/komodo-128x128.png,#3B6E2A,45,26,19,0,52,174,139,35
Regular Season 2025-2026,2025-2026,regular,2026-03-05,Leafs,https://ormrhl.com/wp-content/uploads/2025/09/leafsfin-128x128.png,#1B4D8E,45,29,15,1,59,188,141,47
Regular Season 2025-2026,2025-2026,regular,2026-03-05,Rhinos,https://ormrhl.com/wp-content/uploads/2021/11/Rhinos_logo-128x128.png,#6B6F76,45,21,22,2,44,173,197,-24
Regular Season 2025-2026,2025-2026,regular,2026-03-05,Wildcats,https://ormrhl.com/wp-content/uploads/2021/11/wildcats_logo-128x128.png,#D97B29,45,18,24,3,39,139,184,-45
Playoffs Round 2 2024,Round 2 2024,playoffs,2024-04-11,Cobras,https://ormrhl.com/wp-content/uploads/2021/11/Cobras_Logo-128x128.png,#2B8C5C,1,1,0,0,2,7,4,3
Playoffs Round 2 2024,Round 2 2024,playoffs,2024-04-11,Eagles,https://ormrhl.com/wp-content/uploads/2021/11/Eagles_logo-128x128.png,#A31E2E,1,0,1,0,0,4,7,-3
Playoffs Round 2 2024,Round 2 2024,playoffs,2024-04-11,Falcons,https://ormrhl.com/wp-content/uploads/2021/11/falcons_icon-128x128.png,#233A6B,1,0,1,0,0,2,4,-2
Playoffs Round 2 2024,Round 2 2024,playoffs,2024-04-11,Grizzlies,https://ormrhl.com/wp-content/uploads/2022/09/grizzlies-128x128.png,#8B4A26,1,1,0,0,2,4,2,2
Playoffs Round 2 2024,Round 2 2024,playoffs,2024-04-11,Komodo Dragons,https://ormrhl.com/wp-content/uploads/2022/09/komodo-128x128.png,#3B6E2A,1,1,0,0,2,5,0,5
Playoffs Round 2 2024,Round 2 2024,playoffs,2024-04-11,Marlins,https://ormrhl.com/wp-content/uploads/2021/11/marlins_logo-128x128.png,#1E8A8A,1,1,0,0,2,7,3,4
Playoffs Round 2 2024,Round 2 2024,playoffs,2024-04-11,Rhinos,https://ormrhl.com/wp-content/uploads/2021/11/Rhinos_logo-128x128.png,#6B6F76,1,0,1,0,0,0,5,-5
Playoffs Round 2 2024,Round 2 2024,playoffs,2024-04-11,Wildcats,https://ormrhl.com/wp-content/uploads/2021/11/wildcats_logo-128x128.png,#D97B29,1,0,1,0,0,3,7,-4
Playoffs Round 2 2024,Round 2 2024,playoffs,2024-04-15,Cobras,https://ormrhl.com/wp-content/uploads/2021/11/Cobras_Logo-128x128.png,#2B8C5C,2,2,0,0,4,15,5,10
Playoffs Round 2 2024,Round 2 2024,playoffs,2024-04-15,Eagles,https://ormrhl.com/wp-content/uploads/2021/11/Eagles_logo-128x128.png,#A31E2E,2,1,1,0,2,9,11,-2
Playoffs Round 2 2024,Round 2 2024,playoffs,2024-04-15,Falcons,https://ormrhl.com/wp-content/uploads/2021/11/falcons_icon-128x128.png,#233A6B,2,0,2,0,0,6,10,-4
Playoffs Round 2 2024,Round 2 2024,playoffs,2024-04-15,Grizzlies,https://ormrhl.com/wp-content/uploads/2022/09/grizzlies-128x128.png,#8B4A26,2,1,1,0,2,6,9,-3
Playoffs Round 2 2024,Round 2 2024,playoffs,2024-04-15,Komodo Dragons,https://ormrhl.com/wp-content/uploads/2022/09/komodo-128x128.png,#3B6E2A,2,1,1,0,2,9,5,4
Playoffs Round 2 2024,Round 2 2024,playoffs,2024-04-15,Marlins,https://ormrhl.com/wp-content/uploads/2021/11/marlins_logo-128x128.png,#1E8A8A,2,2,0,0,4,14,5,9
Playoffs Round 2 2024,Round 2 2024,playoffs,2024-04-15,Rhinos,https://ormrhl.com/wp-content/uploads/2021/11/Rhinos_logo-128x128.png,#6B6F76,2,0,2,0,0,1,13,-12
Playoffs Round 2 2024,Round 2 2024,playoffs,2024-04-15,Wildcats,https://ormrhl.com/wp-content/uploads/2021/11/wildcats_logo-128x128.png,#D97B29,2,1,1,0,2,9,11,-2
Playoffs Round 2 2024,Round 2 2024,playoffs,2024-04-18,Cobras,https://ormrhl.com/wp-content/uploads/2021/11/Cobras_Logo-128x128.png,#2B8C5C,3,2,0,1,5,21,11,10
Playoffs Round 2 2024,Round 2 2024,playoffs,2024-04-18,Eagles,https://ormrhl.com/wp-content/uploads/2021/11/Eagles_logo-128x128.png,#A31E2E,3,2,1,0,4,17,13,4
Playoffs Round 2 2024,Round 2 2024,playoffs,2024-04-18,Falcons,https://ormrhl.com/wp-content/uploads/2021/11/falcons_icon-128x128.png,#233A6B,3,0,3,0,0,10,18,-8
Playoffs Round 2 2024,Round 2 2024,playoffs,2024-04-18,Grizzlies,https://ormrhl.com/wp-content/uploads/2022/09/grizzlies-128x128.png,#8B4A26,3,2,1,0,4,10,9,1
Playoffs Round 2 2024,Round 2 2024,playoffs,2024-04-18,Komodo Dragons,https://ormrhl.com/wp-content/uploads/2022/09/komodo-128x128.png,#3B6E2A,3,1,1,1,3,15,11,4
Playoffs Round 2 2024,Round 2 2024,playoffs,2024-04-18,Marlins,https://ormrhl.com/wp-content/uploads/2021/11/marlins_logo-128x128.png,#1E8A8A,3,3,0,0,6,22,9,13
Playoffs Round 2 2024,Round 2 2024,playoffs,2024-04-18,Rhinos,https://ormrhl.com/wp-content/uploads/2021/11/Rhinos_logo-128x128.png,#6B6F76,3,0,3,0,0,3,21,-18
Playoffs Round 2 2024,Round 2 2024,playoffs,2024-04-18,Wildcats,https://ormrhl.com/wp-content/uploads/2021/11/wildcats_logo-128x128.png,#D97B29,3,1,2,0,2,9,15,-6
Playoffs Round 2 2024,Round 2 2024,playoffs,2024-04-20,Cobras,https://ormrhl.com/wp-content/uploads/2021/11/Cobras_Logo-128x128.png,#2B8C5C,4,3,0,1,7,27,15,12
Playoffs Round 2 2024,Round 2 2024,playoffs,2024-04-20,Eagles,https://ormrhl.com/wp-content/uploads/2021/11/Eagles_logo-128x128.png,#A31E2E,4,2,2,0,4,21,19,2
Playoffs Round 2 2024,Round 2 2024,playoffs,2024-04-20,Falcons,https://ormrhl.com/wp-content/uploads/2021/11/falcons_icon-128x128.png,#233A6B,4,0,4,0,0,14,24,-10
Playoffs Round 2 2024,Round 2 2024,playoffs,2024-04-20,Grizzlies,https://ormrhl.com/wp-content/uploads/2022/09/grizzlies-128x128.png,#8B4A26,4,2,2,0,4,10,10,0
Playoffs Round 2 2024,Round 2 2024,playoffs,2024-04-20,Komodo Dragons,https://ormrhl.com/wp-content/uploads/2022/09/komodo-128x128.png,#3B6E2A,4,2,1,1,5,22,15,7
Playoffs Round 2 2024,Round 2 2024,playoffs,2024-04-20,Marlins,https://ormrhl.com/wp-content/uploads/2021/11/marlins_logo-128x128.png,#1E8A8A,4,4,0,0,8,23,9,14
Playoffs Round 2 2024,Round 2 2024,playoffs,2024-04-20,Rhinos,https://ormrhl.com/wp-content/uploads/2021/11/Rhinos_logo-128x128.png,#6B6F76,4,0,4,0,0,7,28,-21
Playoffs Round 2 2024,Round 2 2024,playoffs,2024-04-20,Wildcats,https://ormrhl.com/wp-content/uploads/2021/11/wildcats_logo-128x128.png,#D97B29,4,2,2,0,4,15,19,-4
