event_id,season_label,game_date,game_datetime,team1,team2,score1,score2,url,scraped_at,season_key,season_type
1012,Regular Season 2021-2022,2021-11-01,2021-11-01 20:00:00,Wildcats,Cobras,5,3,https://ormrhl.com/event/1012/,2026-09-11T23:10:27.228428+00:00,2021-2022,regular
1013,Regular Season 2021-2022,2021-11-01,2021-11-01 21:00:00,Rhinos,Eagles,5,4,https://ormrhl.com/event/1013/,2026-09-11T23:10:27.228428+00:00,2021-2022,regular
1014,Regular Season 2021-2022,2021-11-01,2021-11-01 22:00:00,Marlins,Falcons,5,3,https://ormrhl.com/event/1014/,2026-09-11T23:10:27.228428+00:00,2021-2022,regular
1015,Regular Season 2021-2022,2021-11-04,2021-11-04 20:00:00,Eagles,Marlins,5,4,https://ormrhl.com/event/1015/,2026-09-11T23:10:27.228428+00:00,2021-2022,regular
1016,Regular Season 2021-2022,2021-11-04,2021-11-04 21:00:00,Cobras,Falcons,3,3,https://ormrhl.com/event/1016/,2026-09-11T23:10:27.228428+00:00,2021-2022,regular
1017,Regular Season 2021-2022,2021-11-04,2021-11-04 22:00:00,Wildcats,Rhinos,8,10,https://ormrhl.com/event/1017/,2026-09-11T23:10:27.228428+00:00,2021-2022,regular
1018,Regular Season 2021-2022,2021-11-08,2021-11-08 20:00:00,Falcons,Rhinos,3,6,https://ormrhl.com/event/1018/,2026-09-11T23:10:27.228428+00:00,2021-2022,regular
1019,Regular Season 2021-2022,2021-11-08,2021-11-08 21:00:00,Eagles,Wildcats,4,6,https://ormrhl.com/event/1019/,2026-09-11T23:10:27.228428+00:00,2021-2022,regular
1020,Regular Season 2021-2022,2021-11-08,2021-11-08 22:00:00,Cobras,Marlins,5,2,https://ormrhl.com/event/1020/,2026-09-11T23:10:27.228428+00:00,2021-2022,regular
1021,Regular Season 2021-2022,2021-11-11,2021-11-11 20:00:00,Rhinos,Cobras,8,7,https://ormrhl.com/event/1021/,2026-09-11T23:10:27.228428+00:00,2021-2022,regular
1022,Regular Season 2021-2022,2021-11-11,2021-11-11 21:00:00,Wildcats,Marlins,5,7,https://ormrhl.com/event/1022/,2026-09-11T23:10:27.228428+00:00,2021-2022,regular
1023,Regular Season 2021-2022,2021-11-11,2021-11-11 22:00:00,Falcons,Eagles,3,5,https://ormrhl.com/event/1023/,2026-09-11T23:10:27.228428+00:00,2021-2022,regular
1024,Regular Season 2021-2022,2021-11-15,2021-11-15 20:00:00,Rhinos,Marlins,4,6,https://ormrhl.com/event/1024/,2026-09-11T23:10:27.228428+00:00,2021-2022,regular
1025,Regular Season 2021-2022,2021-11-15,2021-11-15 21:00:00,Falcons,Wildcats,1,7,https://ormrhl.com/event/1025/,2026-09-11T23:10:27.228428+00:00,2021-2022,regular
1026,Regular Season 2021-2022,2021-11-15,2021-11-15 22:00:00,Cobras,Eagles,3,6,https://ormrhl.com/event/1026/,2026-09-11T23:10:27.228428+00:00,2021-2022,regular
1027,Regular Season 2021-2022,2021-11-18,2021-11-18 20:00:00,Wildcats,Cobras,6,2,https://ormrhl.com/event/1027/,2026-09-11T23:10:27.228428+00:00,2021-2022,regular
1028,Regular Season 2021-2022,2021-11-18,2021-11-18 21:00:00,Rhinos,Eagles,3,4,https://ormrhl.com/event/1028/,2026-09-11T23:10:27.228428+00:00,2021-2022,regular
1029,Regular Season 2021-2022,2021-11-18,2021-11-18 22:00:00,Marlins,Falcons,4,3,https://ormrhl.com/event/1029/,2026-09-11T23:10:27.228428+00:00,2021-2022,regular
1030,Regular Season 2021-2022,2021-11-22,2021-11-22 20:00:00,Cobras,Falcons,1,4,https://ormrhl.com/event/1030/,2026-09-11T23:10:27.228428+00:00,2021-2022,regular
1031,Regular Season 2021-2022,2021-11-22,2021-11-22 21:00:00,Wildcats,Rhinos,4,7,https://ormrhl.com/event/1031/,2026-09-11T23:10:27.228428+00:00,2021-2022,regular
1032,Regular Season 2021-2022,2021-11-22,2021-11-22 22:00:00,Eagles,Marlins,3,2,https://ormrhl.com/event/1032/,2026-09-11T23:10:27.228428+00:00,2021-2022,regular
1033,Regular Season 2021-2022,2021-11-25,2021-11-25 20:00:00,Eagles,Wildcats,4,6,https://ormrhl.com/event/1033/,2026-09-11T23:10:27.228428+00:00,2021-2022,regular
1034,Regular Season 2021-2022,2021-11-25,2021-11-25 21:00:00,Cobras,Marlins,4,5,https://ormrhl.com/event/1034/,2026-09-11T23:10:27.228428+00:00,2021-2022,regular
1035,Regular Season 2021-2022,2021-11-25,2021-11-25 22:00:00,Falcons,Rhinos,6,5,https://ormrhl.com/event/1035/,2026-09-11T23:10:27.228428+00:00,2021-2022,regular
1036,Regular Season 2021-2022,2021-11-29,2021-11-29 20:00:00,Falcons,Eagles,4,8,https://ormrhl.com/event/1036/,2026-09-11T23:10:27.228428+00:00,2021-2022,regular
1037,Regular Season 2021-2022,2021-11-29,2021-11-29 21:00:00,Rhinos,Cobras,4,6,https://ormrhl.com/event/1037/,2026-09-11T23:10:27.228428+00:00,2021-2022,regular
1038,Regular Season 2021-2022,2021-11-29,2021-11-29 22:00:00,Wildcats,Marlins,3,7,https://ormrhl.com/event/1038/,2026-09-11T23:10:27.228428+00:00,2021-2022,regular
1039,Regular Season 2021-2022,2021-12-02,2021-12-02 20:00:00,Rhinos,Marlins,6,9,https://ormrhl.com/event/1039/,2026-09-11T23:10:27.228428+00:00,2021-2022,regular
1040,Regular Season 2021-2022,2021-12-02,2021-12-02 21:00:00,Falcons,Wildcats,4,6,https://ormrhl.com/event/1040/,2026-09-11T23:10:27.228428+00:00,2021-2022,regular
1041,Regular Season 2021-2022,2021-12-02,2021-12-02 22:00:00,Cobras,Eagles,3,4,https://ormrhl.com/event/1041/,2026-09-11T23:10:27.228428+00:00,2021-2022,regular
1043,Regular Season 2021-2022,2021-12-06,2021-12-06 21:00:00,Wildcats,Cobras,10,7,https://ormrhl.com/event/1043/,2026-09-11T23:10:27.228428+00:00,2021-2022,regular
1044,Regular Season 2021-2022,2021-12-06,2021-12-06 22:00:00,Rhinos,Eagles,5,9,https://ormrhl.com/event/1044/,2026-09-11T23:10:27.228428+00:00,2021-2022,regular
1045,Regular Season 2021-2022,2021-12-09,2021-12-09 20:00:00,Eagles,Marlins,8,3,https://ormrhl.com/event/1045/,2026-09-11T23:10:27.228428+00:00,2021-2022,regular
1046,Regular Season 2021-2022,2021-12-09,2021-12-09 21:00:00,Cobras,Falcons,3,5,https://ormrhl.com/event/1046/,2026-09-11T23:10:27.228428+00:00,2021-2022,regular
1047,Regular Season 2021-2022,2021-12-09,2021-12-09 22:00:00,Wildcats,Rhinos,11,6,https://ormrhl.com/event/1047/,2026-09-11T23:10:27.228428+00:00,2021-2022,regular
1048,Regular Season 2021-2022,2021-12-13,2021-12-13 20:00:00,Falcons,Rhinos,6,5,https://ormrhl.com/event/1048/,2026-09-11T23:10:27.228428+00:00,2021-2022,regular
1049,Regular Season 2021-2022,2021-12-13,2021-12-13 21:00:00,Cobras,Marlins,7,6,https://ormrhl.com/event/1049/,2026-09-11T23:10:27.228428+00:00,2021-2022,regular
1050,Regular Season 2021-2022,2021-12-13,2021-12-13 22:00:00,Eagles,Wildcats,8,2,https://ormrhl.com/event/1050/,2026-09-11T23:10:27.228428+00:00,2021-2022,regular
1084,Regular Season 2021-2022,2022-01-31,2022-01-31 20:00:00,Falcons,Wildcats,7,8,https://ormrhl.com/event/1084/,2026-09-11T23:10:27.228428+00:00,2021-2022,regular
1085,Regular Season 2021-2022,2022-01-31,2022-01-31 21:00:00,Rhinos,Marlins,6,9,https://ormrhl.com/event/1085/,2026-09-11T23:10:27.228428+00:00,2021-2022,regular
1086,Regular Season 2021-2022,2022-01-31,2022-01-31 22:00:00,Cobras,Eagles,6,6,https://ormrhl.com/event/1086/,2026-09-11T23:10:27.228428+00:00,2021-2022,regular
1087,Regular Season 2021-2022,2022-02-03,2022-02-03 20:00:00,Wildcats,Cobras,8,3,https://ormrhl.com/event/1087/,2026-09-11T23:10:27.228428+00:00,2021-2022,regular
1088,Regular Season 2021-2022,2022-02-03,2022-02-03 21:00:00,Rhinos,Eagles,1,12,https://ormrhl.com/event/1088/,2026-09-11T23:10:27.228428+00:00,2021-2022,regular
1089,Regular Season 2021-2022,2022-02-03,2022-02-03 22:00:00,Marlins,Falcons,3,7,https://ormrhl.com/event/1089/,2026-09-11T23:10:27.228428+00:00,2021-2022,regular
1090,Regular Season 2021-2022,2022-02-07,2022-02-07 20:00:00,Eagles,Marlins,11,5,https://ormrhl.com/event/1090/,2026-09-11T23:10:27.228428+00:00,2021-2022,regular
1091,Regular Season 2021-2022,2022-02-07,2022-02-07 21:00:00,Wildcats,Rhinos,5,7,https://ormrhl.com/event/1091/,2026-09-11T23:10:27.228428+00:00,2021-2022,regular
1092,Regular Season 2021-2022,2022-02-07,2022-02-07 22:00:00,Cobras,Falcons,3,1,https://ormrhl.com/event/1092/,2026-09-11T23:10:27.228428+00:00,2021-2022,regular
1093,Regular Season 2021-2022,2022-02-10,2022-02-10 20:00:00,Eagles,Wildcats,5,8,https://ormrhl.com/event/1093/,2026-09-11T23:10:27.228428+00:00,2021-2022,regular
1094,Regular Season 2021-2022,2022-02-10,2022-02-10 21:00:00,Cobras,Marlins,2,6,https://ormrhl.com/event/1094/,2026-09-11T23:10:27.228428+00:00,2021-2022,regular
1095,Regular Season 2021-2022,2022-02-10,2022-02-10 22:00:00,Falcons,Rhinos,6,4,https://ormrhl.com/event/1095/,2026-09-11T23:10:27.228428+00:00,2021-2022,regular
1096,Regular Season 2021-2022,2022-02-14,2022-02-14 20:00:00,Rhinos,Cobras,0,9,https://ormrhl.com/event/1096/,2026-09-11T23:10:27.228428+00:00,2021-2022,regular
1097,Regular Season 2021-2022,2022-02-14,2022-02-14 21:00:00,Falcons,Eagles,2,7,https://ormrhl.com/event/1097/,2026-09-11T23:10:27.228428+00:00,2021-2022,regular
1098,Regular Season 2021-2022,2022-02-14,2022-02-14 22:00:00,Wildcats,Marlins,6,7,https://ormrhl.com/event/1098/,2026-09-11T23:10:27.228428+00:00,2021-2022,regular
1099,Regular Season 2021-2022,2022-02-17,2022-02-17 20:00:00,Rhinos,Marlins,6,8,https://ormrhl.com/event/1099/,2026-09-11T23:10:27.228428+00:00,2021-2022,regular
1100,Regular Season 2021-2022,2022-02-17,2022-02-17 21:00:00,Falcons,Wildcats,6,6,https://ormrhl.com/event/1100/,2026-09-11T23:10:27.228428+00:00,2021-2022,regular
1101,Regular Season 2021-2022,2022-02-17,2022-02-17 22:00:00,Cobras,Eagles,4,9,https://ormrhl.com/event/1101/,2026-09-11T23:10:27.228428+00:00,2021-2022,regular
1102,Regular Season 2021-2022,2022-02-21,2022-02-21 19:00:00,Wildcats,Cobras,6,7,https://ormrhl.com/event/1102/,2026-09-11T23:10:27.228428+00:00,2021-2022,regular
1103,Regular Season 2021-2022,2022-02-21,2022-02-21 20:00:00,Rhinos,Eagles,5,2,https://ormrhl.com/event/1103/,2026-09-11T23:10:27.228428+00:00,2021-2022,regular
1104,Regular Season 2021-2022,2022-02-21,2022-02-21 21:00:00,Marlins,Falcons,3,4,https://ormrhl.com/event/1104/,2026-09-11T23:10:27.228428+00:00,2021-2022,regular
1105,Regular Season 2021-2022,2022-02-24,2022-02-24 20:00:00,Eagles,Marlins,3,2,https://ormrhl.com/event/1105/,2026-09-11T23:10:27.228428+00:00,2021-2022,regular
1106,Regular Season 2021-2022,2022-02-24,2022-02-24 21:00:00,Cobras,Falcons,1,5,https://ormrhl.com/event/1106/,2026-09-11T23:10:27.228428+00:00,2021-2022,regular
1107,Regular Season 2021-2022,2022-02-24,2022-02-24 22:00:00,Wildcats,Rhinos,2,5,https://ormrhl.com/event/1107/,2026-09-11T23:10:27.228428+00:00,2021-2022,regular
1108,Regular Season 2021-2022,2022-02-28,2022-02-28 20:00:00,Eagles,Wildcats,7,4,https://ormrhl.com/event/1108/,2026-09-11T23:10:27.228428+00:00,2021-2022,regular
1109,Regular Season 2021-2022,2022-02-28,2022-02-28 21:00:00,Cobras,Marlins,4,2,https://ormrhl.com/event/1109/,2026-09-11T23:10:27.228428+00:00,2021-2022,regular
1110,Regular Season 2021-2022,2022-02-28,2022-02-28 22:00:00,Falcons,Rhinos,7,4,https://ormrhl.com/event/1110/,2026-09-11T23:10:27.228428+00:00,2021-2022,regular
1111,Regular Season 2021-2022,2022-03-03,2022-03-03 20:00:00,Falcons,Eagles,3,4,https://ormrhl.com/event/1111/,2026-09-11T23:10:27.228428+00:00,2021-2022,regular
1112,Regular Season 2021-2022,2022-03-03,2022-03-03 21:00:00,Wildcats,Marlins,2,6,https://ormrhl.com/event/1112/,2026-09-11T23:10:27.228428+00:00,2021-2022,regular
1113,Regular Season 2021-2022,2022-03-03,2022-03-03 22:00:00,Rhinos,Cobras,3,4,https://ormrhl.com/event/1113/,2026-09-11T23:10:27.228428+00:00,2021-2022,regular
1114,Regular Season 2021-2022,2022-03-07,2022-03-07 20:00:00,Rhinos,Marlins,2,7,https://ormrhl.com/event/1114/,2026-09-11T23:10:27.228428+00:00,2021-2022,regular
1115,Regular Season 2021-2022,2022-03-07,2022-03-07 21:00:00,Falcons,Wildcats,2,7,https://ormrhl.com/event/1115/,2026-09-11T23:10:27.228428+00:00,2021-2022,regular
1116,Regular Season 2021-2022,2022-03-07,2022-03-07 22:00:00,Cobras,Eagles,3,5,https://ormrhl.com/event/1116/,2026-09-11T23:10:27.228428+00:00,2021-2022,regular
1117,Regular Season 2021-2022,2022-03-10,2022-03-10 20:00:00,Wildcats,Cobras,7,6,https://ormrhl.com/event/1117/,2026-09-11T23:10:27.228428+00:00,2021-2022,regular
1118,Regular Season 2021-2022,2022-03-10,2022-03-10 21:00:00,Rhinos,Eagles,4,6,https://ormrhl.com/event/1118/,2026-09-11T23:10:27.228428+00:00,2021-2022,regular
1119,Regular Season 2021-2022,2022-03-10,2022-03-10 22:00:00,Marlins,Falcons,7,5,https://ormrhl.com/event/1119/,2026-09-11T23:10:27.228428+00:00,2021-2022,regular
cobras-vs-falcons,Regular Season 2021-2022,2022-03-14,2022-03-14 20:00:17,Cobras,Falcons,10,5,https://ormrhl.com/event/cobras-vs-falcons/,2026-09-11T23:10:27.228428+00:00,2021-2022,regular
eagles-vs-marlins,Regular Season 2021-2022,2022-03-14,2022-03-14 21:00:27,Eagles,Marlins,3,8,https://ormrhl.com/event/eagles-vs-marlins/,2026-09-11T23:10:27.228428+00:00,2021-2022,regular
wildcats-vs-rhinos,Regular Season 2021-2022,2022-03-14,2022-03-14 22:00:10,Wildcats,Rhinos,7,6,https://ormrhl.com/event/wildcats-vs-rhinos/,2026-09-11T23:10:27.228428+00:00,2021-2022,regular
falcons-vs-eagles,Regular Season 2021-2022,2022-03-17,2022-03-17 22:00:56,Falcons,Eagles,2,1,https://ormrhl.com/event/falcons-vs-eagles/,2026-09-11T23:10:27.228428+00:00,2021-2022,regular
rhinos-vs-cobras,Regular Season 2021-2022,2022-03-17,2022-03-17 21:00:51,Rhinos,Cobras,10,3,https://ormrhl.com/event/rhinos-vs-cobras/,2026-09-11T23:10:27.228428+00:00,2021-2022,regular
wildcats-vs-marlins,Regular Season 2021-2022,2022-03-17,2022-03-17 20:00:01,Wildcats,Marlins,5,8,https://ormrhl.com/event/wildcats-vs-marlins/,2026-09-11T23:10:27.228428+00:00,2021-2022,regular
1121,Playoffs 2022,2022-03-21,2022-03-21 20:00:00,Marlins,Falcons,0,5,https://ormrhl.com/event/1121/,2026-09-11T23:10:27.228428+00:00,2021-2022,playoffs
1122,Playoffs 2022,2022-03-21,2022-03-21 21:00:00,Rhinos,Eagles,2,10,https://ormrhl.com/event/1122/,2026-09-11T23:10:27.228428+00:00,2021-2022,playoffs
1123,Playoffs 2022,2022-03-21,2022-03-21 22:00:00,Wildcats,Cobras,2,3,https://ormrhl.com/event/1123/,2026-09-11T23:10:27.228428+00:00,2021-2022,playoffs
1124,Playoffs 2022,2022-03-24,2022-03-24 20:00:00,Eagles,Marlins,6,4,https://ormrhl.com/event/1124/,2026-09-11T23:10:27.228428+00:00,2021-2022,playoffs
1125,Playoffs 2022,2022-03-24,2022-03-24 21:00:00,Cobras,Falcons,5,3,https://ormrhl.com/event/1125/,2026-09-11T23:10:27.228428+00:00,2021-2022,playoffs
1126,Playoffs 2022,2022-03-24,2022-03-24 22:00:00,Wildcats,Rhinos,7,1,https://ormrhl.com/event/1126/,2026-09-11T23:10:27.228428+00:00,2021-2022,playoffs
1127,Playoffs 2022,2022-03-28,2022-03-28 20:00:00,Eagles,Wildcats,5,2,https://ormrhl.com/event/1127/,2026-09-11T23:10:27.228428+00:00,2021-2022,playoffs
1128,Playoffs 2022,2022-03-28,2022-03-28 21:00:00,Cobras,Marlins,2,7,https://ormrhl.com/event/1128/,2026-09-11T23:10:27.228428+00:00,2021-2022,playoffs
1129,Playoffs 2022,2022-03-28,2022-03-28 22:00:00,Falcons,Rhinos,6,5,https://ormrhl.com/event/1129/,2026-09-11T23:10:27.228428+00:00,2021-2022,playoffs
falcons-vs-eagles-2,Playoffs 2022,2022-03-30,2022-03-30 21:00:58,Falcons,Eagles,6,2,https://ormrhl.com/event/falcons-vs-eagles-2/,2026-09-11T23:10:27.228428+00:00,2021-2022,playoffs
rhinos-vs-cobras-2,Playoffs 2022,2022-03-30,2022-03-30 20:00:42,Rhinos,Cobras,2,8,https://ormrhl.com/event/rhinos-vs-cobras-2/,2026-09-11T23:10:27.228428+00:00,2021-2022,playoffs
wildcats-vs-marlins-2,Playoffs 2022,2022-03-30,2022-03-30 22:00:38,Wildcats,Marlins,5,9,https://ormrhl.com/event/wildcats-vs-marlins-2/,2026-09-11T23:10:27.228428+00:00,2021-2022,playoffs
1133,Playoffs 2022,2022-04-04,2022-04-04 20:00:00,Rhinos,Marlins,7,2,https://ormrhl.com/event/1133/,2026-09-11T23:10:27.228428+00:00,2021-2022,playoffs
1134,Playoffs 2022,2022-04-04,2022-04-04 21:00:00,Falcons,Wildcats,8,1,https://ormrhl.com/event/1134/,2026-09-11T23:10:27.228428+00:00,2021-2022,playoffs
1135,Playoffs 2022,2022-04-04,2022-04-04 22:00:00,Cobras,Eagles,2,3,https://ormrhl.com/event/1135/,2026-09-11T23:10:27.228428+00:00,2021-2022,playoffs
falcons-vs-eagles-3,Playoffs 2022,2022-04-06,2022-04-06 21:00:55,Rhinos,Eagles,7,3,https://ormrhl.com/event/falcons-vs-eagles-3/,2026-09-11T23:10:27.228428+00:00,2021-2022,playoffs
marlins-vs-falcons,Playoffs 2022,2022-04-06,2022-04-06 22:00:30,Marlins,Falcons,7,2,https://ormrhl.com/event/marlins-vs-falcons/,2026-09-11T23:10:27.228428+00:00,2021-2022,playoffs
rhinos-vs-cobras-3,Playoffs 2022,2022-04-06,2022-04-06 20:00:21,Wildcats,Cobras,5,4,https://ormrhl.com/event/rhinos-vs-cobras-3/,2026-09-11T23:10:27.228428+00:00,2021-2022,playoffs
1139,Playoffs 2022,2022-04-11,2022-04-11 20:00:00,Cobras,Falcons,6,6,https://ormrhl.com/event/1139/,2026-09-11T23:10:27.228428+00:00,2021-2022,playoffs
1140,Playoffs 2022,2022-04-11,2022-04-11 21:00:00,Wildcats,Rhinos,2,6,https://ormrhl.com/event/1140/,2026-09-11T23:10:27.228428+00:00,2021-2022,playoffs
1141,Playoffs 2022,2022-04-11,2022-04-11 22:00:00,Eagles,Marlins,0,7,https://ormrhl.com/event/1141/,2026-09-11T23:10:27.228428+00:00,2021-2022,playoffs
1142,Playoffs 2022,2022-04-14,2022-04-14 20:00:00,Eagles,Wildcats,8,4,https://ormrhl.com/event/1142/,2026-09-11T23:10:27.228428+00:00,2021-2022,playoffs
1143,Playoffs 2022,2022-04-14,2022-04-14 21:00:00,Cobras,Marlins,1,9,https://ormrhl.com/event/1143/,2026-09-11T23:10:27.228428+00:00,2021-2022,playoffs
1144,Playoffs 2022,2022-04-14,2022-04-14 22:00:00,Falcons,Rhinos,6,6,https://ormrhl.com/event/1144/,2026-09-11T23:10:27.228428+00:00,2021-2022,playoffs
1145,Playoffs 2022,2022-04-18,2022-04-18 19:00:00,Rhinos,Cobras,9,3,https://ormrhl.com/event/1145/,2026-09-11T23:10:27.228428+00:00,2021-2022,playoffs
falcons-vs-eagles-4,Playoffs 2022,2022-04-18,2022-04-18 21:00:04,Falcons,Eagles,4,2,https://ormrhl.com/event/falcons-vs-eagles-4/,2026-09-11T23:10:27.228428+00:00,2021-2022,playoffs
wildcats-vs-marlins-3,Playoffs 2022,2022-04-18,2022-04-18 20:00:29,Wildcats,Marlins,3,2,https://ormrhl.com/event/wildcats-vs-marlins-3/,2026-09-11T23:10:27.228428+00:00,2021-2022,playoffs
1148,Playoffs 2022,2022-04-21,2022-04-21 20:00:00,Falcons,Wildcats,9,1,https://ormrhl.com/event/1148/,2026-09-11T23:10:27.228428+00:00,2021-2022,playoffs
1149,Playoffs 2022,2022-04-21,2022-04-21 21:00:00,Rhinos,Marlins,6,7,https://ormrhl.com/event/1149/,2026-09-11T23:10:27.228428+00:00,2021-2022,playoffs
1150,Playoffs 2022,2022-04-21,2022-04-21 22:00:00,Cobras,Eagles,5,10,https://ormrhl.com/event/1150/,2026-09-11T23:10:27.228428+00:00,2021-2022,playoffs
wildcats-vs-cobras,Playoffs 2022,2022-04-23,2022-04-23 13:00:44,Wildcats,Cobras,4,7,https://ormrhl.com/event/wildcats-vs-cobras/,2026-09-11T23:10:27.228428+00:00,2021-2022,playoffs
1842,Regular Season 2022-2023,2022-09-19,2022-09-19 20:00:00,Komodo Dragons,Eagles,3,2,https://ormrhl.com/event/1842/,2026-09-11T23:10:27.228428+00:00,2022-2023,regular
1843,Regular Season 2022-2023,2022-09-19,2022-09-19 21:00:00,Falcons,Grizzlies,6,4,https://ormrhl.com/event/1843/,2026-09-11T23:10:27.228428+00:00,2022-2023,regular
1844,Regular Season 2022-2023,2022-09-19,2022-09-19 22:00:00,Marlins,Wildcats,4,8,https://ormrhl.com/event/1844/,2026-09-11T23:10:27.228428+00:00,2022-2023,regular
1845,Regular Season 2022-2023,2022-09-19,2022-09-19 23:00:00,Rhinos,Cobras,6,4,https://ormrhl.com/event/1845/,2026-09-11T23:10:27.228428+00:00,2022-2023,regular
1846,Regular Season 2022-2023,2022-09-22,2022-09-22 20:00:00,Wildcats,Rhinos,6,4,https://ormrhl.com/event/1846/,2026-09-11T23:10:27.228428+00:00,2022-2023,regular
1847,Regular Season 2022-2023,2022-09-22,2022-09-22 21:00:00,Komodo Dragons,Cobras,6,7,https://ormrhl.com/event/1847/,2026-09-11T23:10:27.228428+00:00,2022-2023,regular
1848,Regular Season 2022-2023,2022-09-22,2022-09-22 22:00:00,Eagles,Falcons,5,7,https://ormrhl.com/event/1848/,2026-09-11T23:10:27.228428+00:00,2022-2023,regular
1849,Regular Season 2022-2023,2022-09-22,2022-09-22 23:00:00,Grizzlies,Marlins,1,7,https://ormrhl.com/event/1849/,2026-09-11T23:10:27.228428+00:00,2022-2023,regular
1852,Regular Season 2022-2023,2022-09-26,2022-09-26 20:00:00,Komodo Dragons,Marlins,6,1,https://ormrhl.com/event/1852/,2026-09-11T23:10:27.228428+00:00,2022-2023,regular
1853,Regular Season 2022-2023,2022-09-26,2022-09-26 21:00:00,Eagles,Wildcats,4,9,https://ormrhl.com/event/1853/,2026-09-11T23:10:27.228428+00:00,2022-2023,regular
1854,Regular Season 2022-2023,2022-09-26,2022-09-26 22:00:00,Grizzlies,Cobras,5,3,https://ormrhl.com/event/1854/,2026-09-11T23:10:27.228428+00:00,2022-2023,regular
1855,Regular Season 2022-2023,2022-09-26,2022-09-26 23:00:00,Falcons,Rhinos,5,4,https://ormrhl.com/event/1855/,2026-09-11T23:10:27.228428+00:00,2022-2023,regular
1856,Regular Season 2022-2023,2022-09-29,2022-09-29 20:00:00,Eagles,Grizzlies,5,3,https://ormrhl.com/event/1856/,2026-09-11T23:10:27.228428+00:00,2022-2023,regular
1857,Regular Season 2022-2023,2022-09-29,2022-09-29 21:00:00,Falcons,Marlins,6,3,https://ormrhl.com/event/1857/,2026-09-11T23:10:27.228428+00:00,2022-2023,regular
1858,Regular Season 2022-2023,2022-09-29,2022-09-29 22:00:00,Komodo Dragons,Rhinos,7,5,https://ormrhl.com/event/1858/,2026-09-11T23:10:27.228428+00:00,2022-2023,regular
1859,Regular Season 2022-2023,2022-09-29,2022-09-29 23:00:00,Wildcats,Cobras,3,4,https://ormrhl.com/event/1859/,2026-09-11T23:10:27.228428+00:00,2022-2023,regular
1860,Regular Season 2022-2023,2022-10-03,2022-10-03 20:00:00,Grizzlies,Wildcats,2,8,https://ormrhl.com/event/1860/,2026-09-11T23:10:27.228428+00:00,2022-2023,regular
1861,Regular Season 2022-2023,2022-10-03,2022-10-03 21:00:00,Eagles,Cobras,7,6,https://ormrhl.com/event/1861/,2026-09-11T23:10:27.228428+00:00,2022-2023,regular
1862,Regular Season 2022-2023,2022-10-03,2022-10-03 22:00:00,Marlins,Rhinos,6,3,https://ormrhl.com/event/1862/,2026-09-11T23:10:27.228428+00:00,2022-2023,regular
1863,Regular Season 2022-2023,2022-10-03,2022-10-03 23:00:00,Komodo Dragons,Falcons,5,5,https://ormrhl.com/event/1863/,2026-09-11T23:10:27.228428+00:00,2022-2023,regular
1864,Regular Season 2022-2023,2022-10-06,2022-10-06 20:00:00,Komodo Dragons,Grizzlies,8,6,https://ormrhl.com/event/1864/,2026-09-11T23:10:27.228428+00:00,2022-2023,regular
1865,Regular Season 2022-2023,2022-10-06,2022-10-06 21:00:00,Marlins,Cobras,8,2,https://ormrhl.com/event/1865/,2026-09-11T23:10:27.228428+00:00,2022-2023,regular
1866,Regular Season 2022-2023,2022-10-06,2022-10-06 22:00:00,Eagles,Rhinos,4,2,https://ormrhl.com/event/1866/,2026-09-11T23:10:27.228428+00:00,2022-2023,regular
1867,Regular Season 2022-2023,2022-10-06,2022-10-06 23:00:00,Falcons,Wildcats,7,11,https://ormrhl.com/event/1867/,2026-09-11T23:10:27.228428+00:00,2022-2023,regular
1868,Regular Season 2022-2023,2022-10-10,2022-10-10 20:00:00,Eagles,Marlins,6,7,https://ormrhl.com/event/1868/,2026-09-11T23:10:27.228428+00:00,2022-2023,regular
1869,Regular Season 2022-2023,2022-10-10,2022-10-10 21:00:00,Komodo Dragons,Wildcats,7,6,https://ormrhl.com/event/1869/,2026-09-11T23:10:27.228428+00:00,2022-2023,regular
1870,Regular Season 2022-2023,2022-10-10,2022-10-10 22:00:00,Falcons,Cobras,4,3,https://ormrhl.com/event/1870/,2026-09-11T23:10:27.228428+00:00,2022-2023,regular
1871,Regular Season 2022-2023,2022-10-10,2022-10-10 23:00:00,Grizzlies,Rhinos,0,0,https://ormrhl.com/event/1871/,2026-09-11T23:10:27.228428+00:00,2022-2023,regular
1872,Regular Season 2022-2023,2022-10-13,2022-10-13 20:00:00,Rhinos,Cobras,4,9,https://ormrhl.com/event/1872/,2026-09-11T23:10:27.228428+00:00,2022-2023,regular
1873,Regular Season 2022-2023,2022-10-13,2022-10-13 21:00:00,Komodo Dragons,Eagles,4,2,https://ormrhl.com/event/1873/,2026-09-11T23:10:27.228428+00:00,2022-2023,regular
1874,Regular Season 2022-2023,2022-10-13,2022-10-13 22:00:00,Falcons,Grizzlies,5,1,https://ormrhl.com/event/1874/,2026-09-11T23:10:27.228428+00:00,2022-2023,regular
1875,Regular Season 2022-2023,2022-10-13,2022-10-13 23:00:00,Marlins,Wildcats,0,8,https://ormrhl.com/event/1875/,2026-09-11T23:10:27.228428+00:00,2022-2023,regular
1876,Regular Season 2022-2023,2022-10-17,2022-10-17 20:00:00,Komodo Dragons,Cobras,11,6,https://ormrhl.com/event/1876/,2026-09-11T23:10:27.228428+00:00,2022-2023,regular
1877,Regular Season 2022-2023,2022-10-17,2022-10-17 21:00:00,Eagles,Falcons,4,2,https://ormrhl.com/event/1877/,2026-09-11T23:10:27.228428+00:00,2022-2023,regular
1878,Regular Season 2022-2023,2022-10-17,2022-10-17 22:00:00,Grizzlies,Marlins,5,3,https://ormrhl.com/event/1878/,2026-09-11T23:10:27.228428+00:00,2022-2023,regular
1879,Regular Season 2022-2023,2022-10-17,2022-10-17 23:00:00,Wildcats,Rhinos,8,5,https://ormrhl.com/event/1879/,2026-09-11T23:10:27.228428+00:00,2022-2023,regular
1880,Regular Season 2022-2023,2022-10-20,2022-10-20 20:00:00,Falcons,Rhinos,4,3,https://ormrhl.com/event/1880/,2026-09-11T23:10:27.228428+00:00,2022-2023,regular
1881,Regular Season 2022-2023,2022-10-20,2022-10-20 21:00:00,Komodo Dragons,Marlins,4,3,https://ormrhl.com/event/1881/,2026-09-11T23:10:27.228428+00:00,2022-2023,regular
1882,Regular Season 2022-2023,2022-10-20,2022-10-20 22:00:00,Eagles,Wildcats,5,9,https://ormrhl.com/event/1882/,2026-09-11T23:10:27.228428+00:00,2022-2023,regular
1883,Regular Season 2022-2023,2022-10-20,2022-10-20 23:00:00,Grizzlies,Cobras,1,2,https://ormrhl.com/event/1883/,2026-09-11T23:10:27.228428+00:00,2022-2023,regular
1884,Regular Season 2022-2023,2022-10-24,2022-10-24 20:00:00,Komodo Dragons,Rhinos,8,5,https://ormrhl.com/event/1884/,2026-09-11T23:10:27.228428+00:00,2022-2023,regular
1885,Regular Season 2022-2023,2022-10-24,2022-10-24 21:00:00,Eagles,Grizzlies,2,3,https://ormrhl.com/event/1885/,2026-09-11T23:10:27.228428+00:00,2022-2023,regular
1886,Regular Season 2022-2023,2022-10-24,2022-10-24 22:00:00,Wildcats,Cobras,8,7,https://ormrhl.com/event/1886/,2026-09-11T23:10:27.228428+00:00,2022-2023,regular
1887,Regular Season 2022-2023,2022-10-24,2022-10-24 23:00:00,Falcons,Marlins,7,3,https://ormrhl.com/event/1887/,2026-09-11T23:10:27.228428+00:00,2022-2023,regular
1888,Regular Season 2022-2023,2022-10-27,2022-10-27 20:00:00,Eagles,Cobras,5,7,https://ormrhl.com/event/1888/,2026-09-11T23:10:27.228428+00:00,2022-2023,regular
1889,Regular Season 2022-2023,2022-10-27,2022-10-27 21:00:00,Grizzlies,Wildcats,2,5,https://ormrhl.com/event/1889/,2026-09-11T23:10:27.228428+00:00,2022-2023,regular
1890,Regular Season 2022-2023,2022-10-27,2022-10-27 22:00:00,Komodo Dragons,Falcons,6,2,https://ormrhl.com/event/1890/,2026-09-11T23:10:27.228428+00:00,2022-2023,regular
1891,Regular Season 2022-2023,2022-10-27,2022-10-27 23:00:00,Marlins,Rhinos,1,3,https://ormrhl.com/event/1891/,2026-09-11T23:10:27.228428+00:00,2022-2023,regular
1892,Regular Season 2022-2023,2022-10-31,2022-10-31 20:00:00,Falcons,Wildcats,4,8,https://ormrhl.com/event/1892/,2026-09-11T23:10:27.228428+00:00,2022-2023,regular
1893,Regular Season 2022-2023,2022-10-31,2022-10-31 21:00:00,Komodo Dragons,Grizzlies,4,1,https://ormrhl.com/event/1893/,2026-09-11T23:10:27.228428+00:00,2022-2023,regular
1894,Regular Season 2022-2023,2022-10-31,2022-10-31 22:00:00,Eagles,Rhinos,2,7,https://ormrhl.com/event/1894/,2026-09-11T23:10:27.228428+00:00,2022-2023,regular
1895,Regular Season 2022-2023,2022-10-31,2022-10-31 23:00:00,Marlins,Cobras,6,5,https://ormrhl.com/event/1895/,2026-09-11T23:10:27.228428+00:00,2022-2023,regular
1896,Regular Season 2022-2023,2022-11-03,2022-11-03 20:00:00,Eagles,Marlins,3,4,https://ormrhl.com/event/1896/,2026-09-11T23:10:27.228428+00:00,2022-2023,regular
1897,Regular Season 2022-2023,2022-11-03,2022-11-03 21:00:00,Komodo Dragons,Wildcats,6,2,https://ormrhl.com/event/1897/,2026-09-11T23:10:27.228428+00:00,2022-2023,regular
1898,Regular Season 2022-2023,2022-11-03,2022-11-03 22:00:00,Falcons,Cobras,1,4,https://ormrhl.com/event/1898/,2026-09-11T23:10:27.228428+00:00,2022-2023,regular
1899,Regular Season 2022-2023,2022-11-03,2022-11-03 23:00:00,Grizzlies,Rhinos,5,3,https://ormrhl.com/event/1899/,2026-09-11T23:10:27.228428+00:00,2022-2023,regular
1900,Regular Season 2022-2023,2022-11-07,2022-11-07 20:00:00,Rhinos,Cobras,6,5,https://ormrhl.com/event/1900/,2026-09-11T23:10:27.228428+00:00,2022-2023,regular
1901,Regular Season 2022-2023,2022-11-07,2022-11-07 21:00:00,Marlins,Wildcats,2,9,https://ormrhl.com/event/1901/,2026-09-11T23:10:27.228428+00:00,2022-2023,regular
1902,Regular Season 2022-2023,2022-11-07,2022-11-07 22:00:00,Falcons,Grizzlies,6,4,https://ormrhl.com/event/1902/,2026-09-11T23:10:27.228428+00:00,2022-2023,regular
1903,Regular Season 2022-2023,2022-11-07,2022-11-07 23:00:00,Komodo Dragons,Eagles,3,7,https://ormrhl.com/event/1903/,2026-09-11T23:10:27.228428+00:00,2022-2023,regular
1904,Regular Season 2022-2023,2022-11-10,2022-11-10 20:00:00,Grizzlies,Marlins,0,1,https://ormrhl.com/event/1904/,2026-09-11T23:10:27.228428+00:00,2022-2023,regular
1905,Regular Season 2022-2023,2022-11-10,2022-11-10 21:00:00,Eagles,Falcons,6,1,https://ormrhl.com/event/1905/,2026-09-11T23:10:27.228428+00:00,2022-2023,regular
1906,Regular Season 2022-2023,2022-11-10,2022-11-10 22:00:00,Wildcats,Rhinos,1,5,https://ormrhl.com/event/1906/,2026-09-11T23:10:27.228428+00:00,2022-2023,regular
1907,Regular Season 2022-2023,2022-11-10,2022-11-10 23:00:00,Komodo Dragons,Cobras,4,2,https://ormrhl.com/event/1907/,2026-09-11T23:10:27.228428+00:00,2022-2023,regular
1908,Regular Season 2022-2023,2022-11-14,2022-11-14 20:00:00,Grizzlies,Cobras,8,4,https://ormrhl.com/event/1908/,2026-09-11T23:10:27.228428+00:00,2022-2023,regular
1909,Regular Season 2022-2023,2022-11-14,2022-11-14 21:00:00,Falcons,Rhinos,5,2,https://ormrhl.com/event/1909/,2026-09-11T23:10:27.228428+00:00,2022-2023,regular
1910,Regular Season 2022-2023,2022-11-14,2022-11-14 22:00:00,Komodo Dragons,Marlins,3,5,https://ormrhl.com/event/1910/,2026-09-11T23:10:27.228428+00:00,2022-2023,regular
1911,Regular Season 2022-2023,2022-11-14,2022-11-14 23:00:00,Eagles,Wildcats,8,5,https://ormrhl.com/event/1911/,2026-09-11T23:10:27.228428+00:00,2022-2023,regular
1912,Regular Season 2022-2023,2022-11-17,2022-11-17 20:00:00,Komodo Dragons,Rhinos,2,3,https://ormrhl.com/event/1912/,2026-09-11T23:10:27.228428+00:00,2022-2023,regular
1913,Regular Season 2022-2023,2022-11-17,2022-11-17 21:00:00,Wildcats,Cobras,5,3,https://ormrhl.com/event/1913/,2026-09-11T23:10:27.228428+00:00,2022-2023,regular
1914,Regular Season 2022-2023,2022-11-17,2022-11-17 22:00:00,Eagles,Grizzlies,7,4,https://ormrhl.com/event/1914/,2026-09-11T23:10:27.228428+00:00,2022-2023,regular
1915,Regular Season 2022-2023,2022-11-17,2022-11-17 23:00:00,Falcons,Marlins,4,9,https://ormrhl.com/event/1915/,2026-09-11T23:10:27.228428+00:00,2022-2023,regular
1916,Regular Season 2022-2023,2022-11-21,2022-11-21 20:00:00,Grizzlies,Wildcats,1,2,https://ormrhl.com/event/1916/,2026-09-11T23:10:27.228428+00:00,2022-2023,regular
1917,Regular Season 2022-2023,2022-11-21,2022-11-21 21:00:00,Komodo Dragons,Falcons,6,2,https://ormrhl.com/event/1917/,2026-09-11T23:10:27.228428+00:00,2022-2023,regular
1918,Regular Season 2022-2023,2022-11-21,2022-11-21 22:00:00,Marlins,Rhinos,4,2,https://ormrhl.com/event/1918/,2026-09-11T23:10:27.228428+00:00,2022-2023,regular
1919,Regular Season 2022-2023,2022-11-21,2022-11-21 23:00:00,Eagles,Cobras,9,7,https://ormrhl.com/event/1919/,2026-09-11T23:10:27.228428+00:00,2022-2023,regular
1920,Regular Season 2022-2023,2022-11-24,2022-11-24 20:00:00,Marlins,Cobras,6,5,https://ormrhl.com/event/1920/,2026-09-11T23:10:27.228428+00:00,2022-2023,regular
1921,Regular Season 2022-2023,2022-11-24,2022-11-24 21:00:00,Falcons,Wildcats,7,4,https://ormrhl.com/event/1921/,2026-09-11T23:10:27.228428+00:00,2022-2023,regular
1922,Regular Season 2022-2023,2022-11-24,2022-11-24 22:00:00,Komodo Dragons,Grizzlies,5,4,https://ormrhl.com/event/1922/,2026-09-11T23:10:27.228428+00:00,2022-2023,regular
1923,Regular Season 2022-2023,2022-11-24,2022-11-24 23:00:00,Eagles,Rhinos,8,2,https://ormrhl.com/event/1923/,2026-09-11T23:10:27.228428+00:00,2022-2023,regular
1924,Regular Season 2022-2023,2022-11-28,2022-11-28 20:00:00,Falcons,Cobras,4,6,https://ormrhl.com/event/1924/,2026-09-11T23:10:27.228428+00:00,2022-2023,regular
1925,Regular Season 2022-2023,2022-11-28,2022-11-28 21:00:00,Eagles,Marlins,1,4,https://ormrhl.com/event/1925/,2026-09-11T23:10:27.228428+00:00,2022-2023,regular
1926,Regular Season 2022-2023,2022-11-28,2022-11-28 22:00:00,Grizzlies,Rhinos,7,2,https://ormrhl.com/event/1926/,2026-09-11T23:10:27.228428+00:00,2022-2023,regular
1927,Regular Season 2022-2023,2022-11-28,2022-11-28 23:00:00,Komodo Dragons,Wildcats,6,3,https://ormrhl.com/event/1927/,2026-09-11T23:10:27.228428+00:00,2022-2023,regular
1928,Regular Season 2022-2023,2022-12-01,2022-12-01 20:00:00,Falcons,Grizzlies,5,6,https://ormrhl.com/event/1928/,2026-09-11T23:10:27.228428+00:00,2022-2023,regular
1929,Regular Season 2022-2023,2022-12-01,2022-12-01 21:00:00,Rhinos,Cobras,2,7,https://ormrhl.com/event/1929/,2026-09-11T23:10:27.228428+00:00,2022-2023,regular
1930,Regular Season 2022-2023,2022-12-01,2022-12-01 22:00:00,Marlins,Wildcats,4,2,https://ormrhl.com/event/1930/,2026-09-11T23:10:27.228428+00:00,2022-2023,regular
1931,Regular Season 2022-2023,2022-12-01,2022-12-01 23:00:00,Komodo Dragons,Eagles,7,3,https://ormrhl.com/event/1931/,2026-09-11T23:10:27.228428+00:00,2022-2023,regular
1932,Regular Season 2022-2023,2022-12-05,2022-12-05 20:00:00,Eagles,Falcons,4,6,https://ormrhl.com/event/1932/,2026-09-11T23:10:27.228428+00:00,2022-2023,regular
1933,Regular Season 2022-2023,2022-12-05,2022-12-05 21:00:00,Wildcats,Rhinos,5,3,https://ormrhl.com/event/1933/,2026-09-11T23:10:27.228428+00:00,2022-2023,regular
1934,Regular Season 2022-2023,2022-12-05,2022-12-05 22:00:00,Komodo Dragons,Cobras,3,8,https://ormrhl.com/event/1934/,2026-09-11T23:10:27.228428+00:00,2022-2023,regular
1935,Regular Season 2022-2023,2022-12-05,2022-12-05 23:00:00,Grizzlies,Marlins,7,8,https://ormrhl.com/event/1935/,2026-09-11T23:10:27.228428+00:00,2022-2023,regular
1936,Regular Season 2022-2023,2022-12-08,2022-12-08 20:00:00,Eagles,Wildcats,4,7,https://ormrhl.com/event/1936/,2026-09-11T23:10:27.228428+00:00,2022-2023,regular
1937,Regular Season 2022-2023,2022-12-08,2022-12-08 21:00:00,Grizzlies,Cobras,4,3,https://ormrhl.com/event/1937/,2026-09-11T23:10:27.228428+00:00,2022-2023,regular
1938,Regular Season 2022-2023,2022-12-08,2022-12-08 22:00:00,Falcons,Rhinos,8,4,https://ormrhl.com/event/1938/,2026-09-11T23:10:27.228428+00:00,2022-2023,regular
1939,Regular Season 2022-2023,2022-12-08,2022-12-08 23:00:00,Komodo Dragons,Marlins,3,4,https://ormrhl.com/event/1939/,2026-09-11T23:10:27.228428+00:00,2022-2023,regular
1940,Regular Season 2022-2023,2022-12-12,2022-12-12 20:00:00,Marlins,Cobras,5,7,https://ormrhl.com/event/1940/,2026-09-11T23:10:27.228428+00:00,2022-2023,regular
1941,Regular Season 2022-2023,2022-12-12,2022-12-12 21:00:00,Eagles,Rhinos,6,2,https://ormrhl.com/event/1941/,2026-09-11T23:10:27.228428+00:00,2022-2023,regular
1942,Regular Season 2022-2023,2022-12-12,2022-12-12 22:00:00,Falcons,Wildcats,5,9,https://ormrhl.com/event/1942/,2026-09-11T23:10:27.228428+00:00,2022-2023,regular
1943,Regular Season 2022-2023,2022-12-12,2022-12-12 23:00:00,Komodo Dragons,Grizzlies,0,0,https://ormrhl.com/event/1943/,2026-09-11T23:10:27.228428+00:00,2022-2023,regular
1944,Regular Season 2022-2023,2022-12-15,2022-12-15 20:00:00,Komodo Dragons,Falcons,5,0,https://ormrhl.com/event/1944/,2026-09-11T23:10:27.228428+00:00,2022-2023,regular
1945,Regular Season 2022-2023,2022-12-15,2022-12-15 21:00:00,Marlins,Rhinos,3,4,https://ormrhl.com/event/1945/,2026-09-11T23:10:27.228428+00:00,2022-2023,regular
1946,Regular Season 2022-2023,2022-12-15,2022-12-15 22:00:00,Eagles,Cobras,5,8,https://ormrhl.com/event/1946/,2026-09-11T23:10:27.228428+00:00,2022-2023,regular
1947,Regular Season 2022-2023,2022-12-15,2022-12-15 23:00:00,Grizzlies,Wildcats,4,6,https://ormrhl.com/event/1947/,2026-09-11T23:10:27.228428+00:00,2022-2023,regular
1948,Regular Season 2022-2023,2022-12-19,2022-12-19 20:00:00,Grizzlies,Rhinos,3,5,https://ormrhl.com/event/1948/,2026-09-11T23:10:27.228428+00:00,2022-2023,regular
1949,Regular Season 2022-2023,2022-12-19,2022-12-19 21:00:00,Eagles,Marlins,2,7,https://ormrhl.com/event/1949/,2026-09-11T23:10:27.228428+00:00,2022-2023,regular
1950,Regular Season 2022-2023,2022-12-19,2022-12-19 22:00:00,Komodo Dragons,Wildcats,3,6,https://ormrhl.com/event/1950/,2026-09-11T23:10:27.228428+00:00,2022-2023,regular
1951,Regular Season 2022-2023,2022-12-19,2022-12-19 23:00:00,Falcons,Cobras,1,9,https://ormrhl.com/event/1951/,2026-09-11T23:10:27.228428+00:00,2022-2023,regular
1952,Regular Season 2022-2023,2022-12-22,2022-12-22 20:00:00,Komodo Dragons,Rhinos,5,2,https://ormrhl.com/event/1952/,2026-09-11T23:10:27.228428+00:00,2022-2023,regular
1953,Regular Season 2022-2023,2022-12-22,2022-12-22 21:00:00,Wildcats,Cobras,6,9,https://ormrhl.com/event/1953/,2026-09-11T23:10:27.228428+00:00,2022-2023,regular
1954,Regular Season 2022-2023,2022-12-22,2022-12-22 22:00:00,Marlins,Falcons,9,3,https://ormrhl.com/event/1954/,2026-09-11T23:10:27.228428+00:00,2022-2023,regular
1955,Regular Season 2022-2023,2022-12-22,2022-12-22 23:00:00,Eagles,Grizzlies,6,5,https://ormrhl.com/event/1955/,2026-09-11T23:10:27.228428+00:00,2022-2023,regular
2018,Regular Season 2022-2023,2023-01-05,2023-01-05 20:00:00,Komodo Dragons,Falcons,2,3,https://ormrhl.com/event/2018/,2026-09-11T23:10:27.228428+00:00,2022-2023,regular
2019,Regular Season 2022-2023,2023-01-05,2023-01-05 21:00:00,Marlins,Rhinos,3,5,https://ormrhl.com/event/2019/,2026-09-11T23:10:27.228428+00:00,2022-2023,regular
2020,Regular Season 2022-2023,2023-01-05,2023-01-05 22:00:00,Eagles,Cobras,6,2,https://ormrhl.com/event/2020/,2026-09-11T23:10:27.228428+00:00,2022-2023,regular
2021,Regular Season 2022-2023,2023-01-05,2023-01-05 23:00:00,Grizzlies,Wildcats,5,2,https://ormrhl.com/event/2021/,2026-09-11T23:10:27.228428+00:00,2022-2023,regular
2022,Regular Season 2022-2023,2023-01-09,2023-01-09 20:00:00,Eagles,Rhinos,8,4,https://ormrhl.com/event/2022/,2026-09-11T23:10:27.228428+00:00,2022-2023,regular
2023,Regular Season 2022-2023,2023-01-09,2023-01-09 21:00:00,Marlins,Cobras,3,1,https://ormrhl.com/event/2023/,2026-09-11T23:10:27.228428+00:00,2022-2023,regular
2024,Regular Season 2022-2023,2023-01-09,2023-01-09 22:00:00,Falcons,Wildcats,5,2,https://ormrhl.com/event/2024/,2026-09-11T23:10:27.228428+00:00,2022-2023,regular
2025,Regular Season 2022-2023,2023-01-09,2023-01-09 23:00:00,Komodo Dragons,Grizzlies,9,5,https://ormrhl.com/event/2025/,2026-09-11T23:10:27.228428+00:00,2022-2023,regular
2026,Regular Season 2022-2023,2023-01-12,2023-01-12 20:00:00,Komodo Dragons,Wildcats,5,8,https://ormrhl.com/event/2026/,2026-09-11T23:10:27.228428+00:00,2022-2023,regular
2027,Regular Season 2022-2023,2023-01-12,2023-01-12 21:00:00,Falcons,Cobras,7,6,https://ormrhl.com/event/2027/,2026-09-11T23:10:27.228428+00:00,2022-2023,regular
2028,Regular Season 2022-2023,2023-01-12,2023-01-12 22:00:00,Grizzlies,Rhinos,7,6,https://ormrhl.com/event/2028/,2026-09-11T23:10:27.228428+00:00,2022-2023,regular
2029,Regular Season 2022-2023,2023-01-12,2023-01-12 23:00:00,Eagles,Marlins,4,2,https://ormrhl.com/event/2029/,2026-09-11T23:10:27.228428+00:00,2022-2023,regular
2030,Regular Season 2022-2023,2023-01-16,2023-01-16 20:00:00,Wildcats,Rhinos,6,5,https://ormrhl.com/event/2030/,2026-09-11T23:10:27.228428+00:00,2022-2023,regular
2031,Regular Season 2022-2023,2023-01-16,2023-01-16 21:00:00,Komodo Dragons,Cobras,6,5,https://ormrhl.com/event/2031/,2026-09-11T23:10:27.228428+00:00,2022-2023,regular
2032,Regular Season 2022-2023,2023-01-16,2023-01-16 22:00:00,Eagles,Falcons,2,3,https://ormrhl.com/event/2032/,2026-09-11T23:10:27.228428+00:00,2022-2023,regular
2033,Regular Season 2022-2023,2023-01-16,2023-01-16 23:00:00,Grizzlies,Marlins,3,5,https://ormrhl.com/event/2033/,2026-09-11T23:10:27.228428+00:00,2022-2023,regular
2034,Regular Season 2022-2023,2023-01-19,2023-01-19 20:00:00,Marlins,Wildcats,4,3,https://ormrhl.com/event/2034/,2026-09-11T23:10:27.228428+00:00,2022-2023,regular
2035,Regular Season 2022-2023,2023-01-19,2023-01-19 21:00:00,Falcons,Grizzlies,2,7,https://ormrhl.com/event/2035/,2026-09-11T23:10:27.228428+00:00,2022-2023,regular
2036,Regular Season 2022-2023,2023-01-19,2023-01-19 22:00:00,Rhinos,Cobras,3,5,https://ormrhl.com/event/2036/,2026-09-11T23:10:27.228428+00:00,2022-2023,regular
2037,Regular Season 2022-2023,2023-01-19,2023-01-19 23:00:00,Komodo Dragons,Eagles,5,9,https://ormrhl.com/event/2037/,2026-09-11T23:10:27.228428+00:00,2022-2023,regular
2038,Regular Season 2022-2023,2023-01-23,2023-01-23 20:00:00,Eagles,Grizzlies,1,6,https://ormrhl.com/event/2038/,2026-09-11T23:10:27.228428+00:00,2022-2023,regular
2039,Regular Season 2022-2023,2023-01-23,2023-01-23 21:00:00,Falcons,Marlins,6,5,https://ormrhl.com/event/2039/,2026-09-11T23:10:27.228428+00:00,2022-2023,regular
2040,Regular Season 2022-2023,2023-01-23,2023-01-23 22:00:00,Komodo Dragons,Rhinos,9,3,https://ormrhl.com/event/2040/,2026-09-11T23:10:27.228428+00:00,2022-2023,regular
2041,Regular Season 2022-2023,2023-01-23,2023-01-23 23:00:00,Wildcats,Cobras,9,4,https://ormrhl.com/event/2041/,2026-09-11T23:10:27.228428+00:00,2022-2023,regular
2042,Regular Season 2022-2023,2023-01-26,2023-01-26 20:00:00,Komodo Dragons,Marlins,2,4,https://ormrhl.com/event/2042/,2026-09-11T23:10:27.228428+00:00,2022-2023,regular
2043,Regular Season 2022-2023,2023-01-26,2023-01-26 21:00:00,Eagles,Wildcats,7,4,https://ormrhl.com/event/2043/,2026-09-11T23:10:27.228428+00:00,2022-2023,regular
2044,Regular Season 2022-2023,2023-01-26,2023-01-26 22:00:00,Grizzlies,Cobras,4,5,https://ormrhl.com/event/2044/,2026-09-11T23:10:27.228428+00:00,2022-2023,regular
2045,Regular Season 2022-2023,2023-01-26,2023-01-26 23:00:00,Falcons,Rhinos,4,8,https://ormrhl.com/event/2045/,2026-09-11T23:10:27.228428+00:00,2022-2023,regular
2046,Regular Season 2022-2023,2023-01-30,2023-01-30 20:00:00,Komodo Dragons,Grizzlies,1,5,https://ormrhl.com/event/2046/,2026-09-11T23:10:27.228428+00:00,2022-2023,regular
2047,Regular Season 2022-2023,2023-01-30,2023-01-30 21:00:00,Marlins,Cobras,2,4,https://ormrhl.com/event/2047/,2026-09-11T23:10:27.228428+00:00,2022-2023,regular
2048,Regular Season 2022-2023,2023-01-30,2023-01-30 22:00:00,Eagles,Rhinos,6,3,https://ormrhl.com/event/2048/,2026-09-11T23:10:27.228428+00:00,2022-2023,regular
2049,Regular Season 2022-2023,2023-01-30,2023-01-30 23:00:00,Falcons,Wildcats,4,7,https://ormrhl.com/event/2049/,2026-09-11T23:10:27.228428+00:00,2022-2023,regular
2050,Regular Season 2022-2023,2023-02-02,2023-02-02 20:00:00,Eagles,Cobras,9,5,https://ormrhl.com/event/2050/,2026-09-11T23:10:27.228428+00:00,2022-2023,regular
2051,Regular Season 2022-2023,2023-02-02,2023-02-02 21:00:00,Grizzlies,Wildcats,4,1,https://ormrhl.com/event/2051/,2026-09-11T23:10:27.228428+00:00,2022-2023,regular
2052,Regular Season 2022-2023,2023-02-02,2023-02-02 22:00:00,Komodo Dragons,Falcons,5,0,https://ormrhl.com/event/2052/,2026-09-11T23:10:27.228428+00:00,2022-2023,regular
2053,Regular Season 2022-2023,2023-02-02,2023-02-02 23:00:00,Marlins,Rhinos,6,7,https://ormrhl.com/event/2053/,2026-09-11T23:10:27.228428+00:00,2022-2023,regular
2054,Regular Season 2022-2023,2023-02-06,2023-02-06 20:00:00,Marlins,Wildcats,4,6,https://ormrhl.com/event/2054/,2026-09-11T23:10:27.228428+00:00,2022-2023,regular
2055,Regular Season 2022-2023,2023-02-06,2023-02-06 21:00:00,Komodo Dragons,Eagles,4,5,https://ormrhl.com/event/2055/,2026-09-11T23:10:27.228428+00:00,2022-2023,regular
2056,Regular Season 2022-2023,2023-02-06,2023-02-06 22:00:00,Falcons,Grizzlies,7,3,https://ormrhl.com/event/2056/,2026-09-11T23:10:27.228428+00:00,2022-2023,regular
2057,Regular Season 2022-2023,2023-02-06,2023-02-06 23:00:00,Rhinos,Cobras,7,6,https://ormrhl.com/event/2057/,2026-09-11T23:10:27.228428+00:00,2022-2023,regular
2058,Regular Season 2022-2023,2023-02-09,2023-02-09 20:00:00,Komodo Dragons,Wildcats,1,2,https://ormrhl.com/event/2058/,2026-09-11T23:10:27.228428+00:00,2022-2023,regular
2059,Regular Season 2022-2023,2023-02-09,2023-02-09 21:00:00,Grizzlies,Rhinos,8,6,https://ormrhl.com/event/2059/,2026-09-11T23:10:27.228428+00:00,2022-2023,regular
2060,Regular Season 2022-2023,2023-02-09,2023-02-09 22:00:00,Eagles,Marlins,6,4,https://ormrhl.com/event/2060/,2026-09-11T23:10:27.228428+00:00,2022-2023,regular
2061,Regular Season 2022-2023,2023-02-09,2023-02-09 23:00:00,Falcons,Cobras,3,7,https://ormrhl.com/event/2061/,2026-09-11T23:10:27.228428+00:00,2022-2023,regular
2062,Regular Season 2022-2023,2023-02-13,2023-02-13 20:00:00,Grizzlies,Marlins,7,0,https://ormrhl.com/event/2062/,2026-09-11T23:10:27.228428+00:00,2022-2023,regular
2063,Regular Season 2022-2023,2023-02-13,2023-02-13 21:00:00,Wildcats,Rhinos,4,8,https://ormrhl.com/event/2063/,2026-09-11T23:10:27.228428+00:00,2022-2023,regular
2064,Regular Season 2022-2023,2023-02-13,2023-02-13 22:00:00,Komodo Dragons,Cobras,2,5,https://ormrhl.com/event/2064/,2026-09-11T23:10:27.228428+00:00,2022-2023,regular
2065,Regular Season 2022-2023,2023-02-13,2023-02-13 23:00:00,Eagles,Falcons,9,2,https://ormrhl.com/event/2065/,2026-09-11T23:10:27.228428+00:00,2022-2023,regular
2066,Regular Season 2022-2023,2023-02-16,2023-02-16 20:00:00,Falcons,Rhinos,6,4,https://ormrhl.com/event/2066/,2026-09-11T23:10:27.228428+00:00,2022-2023,regular
2067,Regular Season 2022-2023,2023-02-16,2023-02-16 21:00:00,Komodo Dragons,Marlins,3,0,https://ormrhl.com/event/2067/,2026-09-11T23:10:27.228428+00:00,2022-2023,regular
2068,Regular Season 2022-2023,2023-02-16,2023-02-16 22:00:00,Eagles,Wildcats,5,6,https://ormrhl.com/event/2068/,2026-09-11T23:10:27.228428+00:00,2022-2023,regular
2069,Regular Season 2022-2023,2023-02-16,2023-02-16 23:00:00,Grizzlies,Cobras,0,0,https://ormrhl.com/event/2069/,2026-09-11T23:10:27.228428+00:00,2022-2023,regular
2070,Regular Season 2022-2023,2023-02-20,2023-02-20 20:00:00,Wildcats,Cobras,5,4,https://ormrhl.com/event/2070/,2026-09-11T23:10:27.228428+00:00,2022-2023,regular
2071,Regular Season 2022-2023,2023-02-20,2023-02-20 21:00:00,Eagles,Grizzlies,10,2,https://ormrhl.com/event/2071/,2026-09-11T23:10:27.228428+00:00,2022-2023,regular
2072,Regular Season 2022-2023,2023-02-20,2023-02-20 22:00:00,Falcons,Marlins,2,7,https://ormrhl.com/event/2072/,2026-09-11T23:10:27.228428+00:00,2022-2023,regular
2073,Regular Season 2022-2023,2023-02-20,2023-02-20 23:00:00,Komodo Dragons,Rhinos,9,6,https://ormrhl.com/event/2073/,2026-09-11T23:10:27.228428+00:00,2022-2023,regular
2074,Regular Season 2022-2023,2023-02-23,2023-02-23 20:00:00,Marlins,Rhinos,0,3,https://ormrhl.com/event/2074/,2026-09-11T23:10:27.228428+00:00,2022-2023,regular
2075,Regular Season 2022-2023,2023-02-23,2023-02-23 21:00:00,Eagles,Cobras,4,13,https://ormrhl.com/event/2075/,2026-09-11T23:10:27.228428+00:00,2022-2023,regular
2076,Regular Season 2022-2023,2023-02-23,2023-02-23 22:00:00,Grizzlies,Wildcats,6,4,https://ormrhl.com/event/2076/,2026-09-11T23:10:27.228428+00:00,2022-2023,regular
2077,Regular Season 2022-2023,2023-02-23,2023-02-23 23:00:00,Komodo Dragons,Falcons,4,5,https://ormrhl.com/event/2077/,2026-09-11T23:10:27.228428+00:00,2022-2023,regular
2078,Regular Season 2022-2023,2023-02-27,2023-02-27 20:00:00,Falcons,Wildcats,2,12,https://ormrhl.com/event/2078/,2026-09-11T23:10:27.228428+00:00,2022-2023,regular
2079,Regular Season 2022-2023,2023-02-27,2023-02-27 21:00:00,Komodo Dragons,Grizzlies,6,4,https://ormrhl.com/event/2079/,2026-09-11T23:10:27.228428+00:00,2022-2023,regular
2080,Regular Season 2022-2023,2023-02-27,2023-02-27 22:00:00,Marlins,Cobras,4,3,https://ormrhl.com/event/2080/,2026-09-11T23:10:27.228428+00:00,2022-2023,regular
2081,Regular Season 2022-2023,2023-02-27,2023-02-27 23:00:00,Eagles,Rhinos,7,3,https://ormrhl.com/event/2081/,2026-09-11T23:10:27.228428+00:00,2022-2023,regular
2082,Regular Season 2022-2023,2023-03-02,2023-03-02 20:00:00,Falcons,Cobras,4,2,https://ormrhl.com/event/2082/,2026-09-11T23:10:27.228428+00:00,2022-2023,regular
2083,Regular Season 2022-2023,2023-03-02,2023-03-02 21:00:00,Grizzlies,Rhinos,7,4,https://ormrhl.com/event/2083/,2026-09-11T23:10:27.228428+00:00,2022-2023,regular
2084,Regular Season 2022-2023,2023-03-02,2023-03-02 22:00:00,Komodo Dragons,Wildcats,7,2,https://ormrhl.com/event/2084/,2026-09-11T23:10:27.228428+00:00,2022-2023,regular
2085,Regular Season 2022-2023,2023-03-02,2023-03-02 23:00:00,Eagles,Marlins,4,2,https://ormrhl.com/event/2085/,2026-09-11T23:10:27.228428+00:00,2022-2023,regular
2086,Regular Season 2022-2023,2023-03-06,2023-03-06 20:00:00,Marlins,Wildcats,7,6,https://ormrhl.com/event/2086/,2026-09-11T23:10:27.228428+00:00,2022-2023,regular
2087,Regular Season 2022-2023,2023-03-06,2023-03-06 21:00:00,Rhinos,Cobras,6,3,https://ormrhl.com/event/2087/,2026-09-11T23:10:27.228428+00:00,2022-2023,regular
2088,Regular Season 2022-2023,2023-03-06,2023-03-06 22:00:00,Komodo Dragons,Eagles,5,7,https://ormrhl.com/event/2088/,2026-09-11T23:10:27.228428+00:00,2022-2023,regular
2089,Regular Season 2022-2023,2023-03-06,2023-03-06 23:00:00,Falcons,Grizzlies,0,0,https://ormrhl.com/event/2089/,2026-09-11T23:10:27.228428+00:00,2022-2023,regular
2090,Regular Season 2022-2023,2023-03-09,2023-03-09 20:00:00,Eagles,Falcons,6,2,https://ormrhl.com/event/2090/,2026-09-11T23:10:27.228428+00:00,2022-2023,regular
2091,Regular Season 2022-2023,2023-03-09,2023-03-09 21:00:00,Grizzlies,Marlins,1,2,https://ormrhl.com/event/2091/,2026-09-11T23:10:27.228428+00:00,2022-2023,regular
2092,Regular Season 2022-2023,2023-03-09,2023-03-09 22:00:00,Wildcats,Rhinos,11,3,https://ormrhl.com/event/2092/,2026-09-11T23:10:27.228428+00:00,2022-2023,regular
2093,Regular Season 2022-2023,2023-03-09,2023-03-09 23:00:00,Komodo Dragons,Cobras,3,4,https://ormrhl.com/event/2093/,2026-09-11T23:10:27.228428+00:00,2022-2023,regular
2123,Playoffs 2023,2023-03-20,2023-03-20 20:00:00,Marlins,Rhinos,5,4,https://ormrhl.com/event/2123/,2026-09-11T23:10:27.228428+00:00,2022-2023,playoffs
2124,Playoffs 2023,2023-03-20,2023-03-20 21:00:00,Grizzlies,Wildcats,2,2,https://ormrhl.com/event/2124/,2026-09-11T23:10:27.228428+00:00,2022-2023,playoffs
2125,Playoffs 2023,2023-03-20,2023-03-20 22:00:00,Komodo Dragons,Falcons,3,2,https://ormrhl.com/event/2125/,2026-09-11T23:10:27.228428+00:00,2022-2023,playoffs
2126,Playoffs 2023,2023-03-20,2023-03-20 23:00:00,Eagles,Cobras,8,0,https://ormrhl.com/event/2126/,2026-09-11T23:10:27.228428+00:00,2022-2023,playoffs
2127,Playoffs 2023,2023-03-23,2023-03-23 20:00:00,Eagles,Rhinos,6,5,https://ormrhl.com/event/2127/,2026-09-11T23:10:27.228428+00:00,2022-2023,playoffs
2128,Playoffs 2023,2023-03-23,2023-03-23 21:00:00,Falcons,Wildcats,2,3,https://ormrhl.com/event/2128/,2026-09-11T23:10:27.228428+00:00,2022-2023,playoffs
2129,Playoffs 2023,2023-03-23,2023-03-23 22:00:00,Komodo Dragons,Grizzlies,4,1,https://ormrhl.com/event/2129/,2026-09-11T23:10:27.228428+00:00,2022-2023,playoffs
2130,Playoffs 2023,2023-03-23,2023-03-23 23:00:00,Marlins,Cobras,5,5,https://ormrhl.com/event/2130/,2026-09-11T23:10:27.228428+00:00,2022-2023,playoffs
2131,Playoffs 2023,2023-03-27,2023-03-27 20:00:00,Falcons,Cobras,7,4,https://ormrhl.com/event/2131/,2026-09-11T23:10:27.228428+00:00,2022-2023,playoffs
2132,Playoffs 2023,2023-03-27,2023-03-27 21:00:00,Grizzlies,Rhinos,6,2,https://ormrhl.com/event/2132/,2026-09-11T23:10:27.228428+00:00,2022-2023,playoffs
2133,Playoffs 2023,2023-03-27,2023-03-27 22:00:00,Eagles,Marlins,6,3,https://ormrhl.com/event/2133/,2026-09-11T23:10:27.228428+00:00,2022-2023,playoffs
2134,Playoffs 2023,2023-03-27,2023-03-27 23:00:00,Komodo Dragons,Wildcats,2,3,https://ormrhl.com/event/2134/,2026-09-11T23:10:27.228428+00:00,2022-2023,playoffs
2135,Playoffs 2023,2023-03-30,2023-03-30 20:00:00,Komodo Dragons,Eagles,1,6,https://ormrhl.com/event/2135/,2026-09-11T23:10:27.228428+00:00,2022-2023,playoffs
2136,Playoffs 2023,2023-03-30,2023-03-30 21:00:00,Marlins,Wildcats,3,3,https://ormrhl.com/event/2136/,2026-09-11T23:10:27.228428+00:00,2022-2023,playoffs
2137,Playoffs 2023,2023-03-30,2023-03-30 22:00:00,Rhinos,Cobras,1,4,https://ormrhl.com/event/2137/,2026-09-11T23:10:27.228428+00:00,2022-2023,playoffs
2138,Playoffs 2023,2023-03-30,2023-03-30 23:00:00,Falcons,Grizzlies,2,2,https://ormrhl.com/event/2138/,2026-09-11T23:10:27.228428+00:00,2022-2023,playoffs
2139,Playoffs 2023,2023-04-03,2023-04-03 20:00:00,Komodo Dragons,Cobras,5,1,https://ormrhl.com/event/2139/,2026-09-11T23:10:27.228428+00:00,2022-2023,playoffs
2140,Playoffs 2023,2023-04-03,2023-04-03 21:00:00,Eagles,Falcons,3,5,https://ormrhl.com/event/2140/,2026-09-11T23:10:27.228428+00:00,2022-2023,playoffs
2141,Playoffs 2023,2023-04-03,2023-04-03 22:00:00,Grizzlies,Marlins,5,5,https://ormrhl.com/event/2141/,2026-09-11T23:10:27.228428+00:00,2022-2023,playoffs
2142,Playoffs 2023,2023-04-03,2023-04-03 23:00:00,Wildcats,Rhinos,11,5,https://ormrhl.com/event/2142/,2026-09-11T23:10:27.228428+00:00,2022-2023,playoffs
2143,Playoffs 2023,2023-04-06,2023-04-06 20:00:00,Eagles,Wildcats,4,3,https://ormrhl.com/event/2143/,2026-09-11T23:10:27.228428+00:00,2022-2023,playoffs
2144,Playoffs 2023,2023-04-06,2023-04-06 21:00:00,Grizzlies,Cobras,3,10,https://ormrhl.com/event/2144/,2026-09-11T23:10:27.228428+00:00,2022-2023,playoffs
2145,Playoffs 2023,2023-04-06,2023-04-06 22:00:00,Falcons,Rhinos,3,4,https://ormrhl.com/event/2145/,2026-09-11T23:10:27.228428+00:00,2022-2023,playoffs
2146,Playoffs 2023,2023-04-06,2023-04-06 23:00:00,Komodo Dragons,Marlins,6,2,https://ormrhl.com/event/2146/,2026-09-11T23:10:27.228428+00:00,2022-2023,playoffs
2147,Playoffs 2023,2023-04-10,2023-04-10 20:00:00,Falcons,Marlins,3,2,https://ormrhl.com/event/2147/,2026-09-11T23:10:27.228428+00:00,2022-2023,playoffs
2148,Playoffs 2023,2023-04-10,2023-04-10 21:00:00,Komodo Dragons,Rhinos,9,6,https://ormrhl.com/event/2148/,2026-09-11T23:10:27.228428+00:00,2022-2023,playoffs
2149,Playoffs 2023,2023-04-10,2023-04-10 22:00:00,Wildcats,Cobras,10,3,https://ormrhl.com/event/2149/,2026-09-11T23:10:27.228428+00:00,2022-2023,playoffs
2150,Playoffs 2023,2023-04-10,2023-04-10 23:00:00,Eagles,Grizzlies,3,6,https://ormrhl.com/event/2150/,2026-09-11T23:10:27.228428+00:00,2022-2023,playoffs
2298,Playoffs Round 2 2023,2023-04-12,2023-04-12 20:00:00,Wildcats,Grizzlies,3,2,https://ormrhl.com/event/2298/,2026-09-11T23:10:27.228428+00:00,2022-2023,playoffs
2299,Playoffs Round 2 2023,2023-04-12,2023-04-12 21:00:00,Eagles,Komodo Dragons,3,3,https://ormrhl.com/event/2299/,2026-09-11T23:10:27.228428+00:00,2022-2023,playoffs
2300,Playoffs Round 2 2023,2023-04-12,2023-04-12 22:00:00,Falcons,Rhinos,6,1,https://ormrhl.com/event/2300/,2026-09-11T23:10:27.228428+00:00,2022-2023,playoffs
2301,Playoffs Round 2 2023,2023-04-12,2023-04-12 23:00:00,Marlins,Cobras,4,3,https://ormrhl.com/event/2301/,2026-09-11T23:10:27.228428+00:00,2022-2023,playoffs
2304,Playoffs Round 2 2023,2023-04-17,2023-04-17 20:00:00,Falcons,Cobras,6,6,https://ormrhl.com/event/2304/,2026-09-11T23:10:27.228428+00:00,2022-2023,playoffs
2305,Playoffs Round 2 2023,2023-04-17,2023-04-17 21:00:00,Wildcats,Komodo Dragons,5,4,https://ormrhl.com/event/2305/,2026-09-11T23:10:27.228428+00:00,2022-2023,playoffs
2306,Playoffs Round 2 2023,2023-04-17,2023-04-17 22:00:00,Marlins,Rhinos,2,1,https://ormrhl.com/event/2306/,2026-09-11T23:10:27.228428+00:00,2022-2023,playoffs
2307,Playoffs Round 2 2023,2023-04-17,2023-04-17 23:00:00,Eagles,Grizzlies,6,2,https://ormrhl.com/event/2307/,2026-09-11T23:10:27.228428+00:00,2022-2023,playoffs
2308,Playoffs Round 2 2023,2023-04-19,2023-04-19 20:00:00,Komodo Dragons,Grizzlies,5,3,https://ormrhl.com/event/2308/,2026-09-11T23:10:27.228428+00:00,2022-2023,playoffs
2309,Playoffs Round 2 2023,2023-04-19,2023-04-19 21:00:00,Cobras,Rhinos,12,4,https://ormrhl.com/event/2309/,2026-09-11T23:10:27.228428+00:00,2022-2023,playoffs
2310,Playoffs Round 2 2023,2023-04-19,2023-04-19 22:00:00,Wildcats,Eagles,6,3,https://ormrhl.com/event/2310/,2026-09-11T23:10:27.228428+00:00,2022-2023,playoffs
event,A Finals 2023,2023-04-22,2023-04-22 15:30:00,Wildcats,Komodo Dragons,6,7,https://ormrhl.com/event/event/,2026-09-11T23:10:27.228428+00:00,2022-2023,playoffs
event-2,B Finals 2023,2023-04-22,2023-04-22 14:00:00,Marlins,Falcons,3,7,https://ormrhl.com/event/event-2/,2026-09-11T23:10:27.228428+00:00,2022-2023,playoffs
event-3,A Finals 2023,2023-04-22,2023-04-22 13:00:00,Eagles,Grizzlies,9,6,https://ormrhl.com/event/event-3/,2026-09-11T23:10:27.228428+00:00,2022-2023,playoffs
event-4,B Finals 2023,2023-04-22,2023-04-22 12:00:00,Cobras,Rhinos,8,5,https://ormrhl.com/event/event-4/,2026-09-11T23:10:27.228428+00:00,2022-2023,playoffs
3002,Regular Season 2023-2024,2023-09-18,2023-09-18 20:00:00,Grizzlies,Marlins,7,1,https://ormrhl.com/event/3002/,2026-09-11T23:10:27.228428+00:00,2023-2024,regular
3003,Regular Season 2023-2024,2023-09-18,2023-09-18 21:00:00,Rhinos,Cobras,5,3,https://ormrhl.com/event/3003/,2026-09-11T23:10:27.228428+00:00,2023-2024,regular
3004,Regular Season 2023-2024,2023-09-18,2023-09-18 22:00:00,Wildcats,Eagles,3,5,https://ormrhl.com/event/3004/,2026-09-11T23:10:27.228428+00:00,2023-2024,regular
3005,Regular Season 2023-2024,2023-09-18,2023-09-18 23:00:00,Falcons,Komodo Dragons,5,2,https://ormrhl.com/event/3005/,2026-09-11T23:10:27.228428+00:00,2023-2024,regular
3006,Regular Season 2023-2024,2023-09-21,2023-09-21 20:00:00,Eagles,Falcons,2,7,https://ormrhl.com/event/3006/,2026-09-11T23:10:27.228428+00:00,2023-2024,regular
3007,Regular Season 2023-2024,2023-09-21,2023-09-21 21:00:00,Grizzlies,Komodo Dragons,0,8,https://ormrhl.com/event/3007/,2026-09-11T23:10:27.228428+00:00,2023-2024,regular
3008,Regular Season 2023-2024,2023-09-21,2023-09-21 22:00:00,Marlins,Rhinos,3,5,https://ormrhl.com/event/3008/,2026-09-11T23:10:27.228428+00:00,2023-2024,regular
3009,Regular Season 2023-2024,2023-09-21,2023-09-21 23:00:00,Cobras,Wildcats,6,4,https://ormrhl.com/event/3009/,2026-09-11T23:10:27.228428+00:00,2023-2024,regular
3010,Regular Season 2023-2024,2023-09-25,2023-09-25 20:00:00,Grizzlies,Wildcats,1,7,https://ormrhl.com/event/3010/,2026-09-11T23:10:27.228428+00:00,2023-2024,regular
3011,Regular Season 2023-2024,2023-09-25,2023-09-25 21:00:00,Marlins,Eagles,4,8,https://ormrhl.com/event/3011/,2026-09-11T23:10:27.228428+00:00,2023-2024,regular
3012,Regular Season 2023-2024,2023-09-25,2023-09-25 22:00:00,Cobras,Komodo Dragons,3,6,https://ormrhl.com/event/3012/,2026-09-11T23:10:27.228428+00:00,2023-2024,regular
3013,Regular Season 2023-2024,2023-09-25,2023-09-25 23:00:00,Rhinos,Falcons,1,6,https://ormrhl.com/event/3013/,2026-09-11T23:10:27.228428+00:00,2023-2024,regular
3014,Regular Season 2023-2024,2023-09-28,2023-09-28 20:00:00,Marlins,Cobras,2,9,https://ormrhl.com/event/3014/,2026-09-11T23:10:27.228428+00:00,2023-2024,regular
3015,Regular Season 2023-2024,2023-09-28,2023-09-28 21:00:00,Rhinos,Wildcats,4,5,https://ormrhl.com/event/3015/,2026-09-11T23:10:27.228428+00:00,2023-2024,regular
3016,Regular Season 2023-2024,2023-09-28,2023-09-28 22:00:00,Grizzlies,Falcons,2,3,https://ormrhl.com/event/3016/,2026-09-11T23:10:27.228428+00:00,2023-2024,regular
3017,Regular Season 2023-2024,2023-09-28,2023-09-28 23:00:00,Eagles,Komodo Dragons,4,5,https://ormrhl.com/event/3017/,2026-09-11T23:10:27.228428+00:00,2023-2024,regular
3018,Regular Season 2023-2024,2023-10-02,2023-10-02 20:00:00,Cobras,Eagles,8,6,https://ormrhl.com/event/3018/,2026-09-11T23:10:27.228428+00:00,2023-2024,regular
3019,Regular Season 2023-2024,2023-10-02,2023-10-02 21:00:00,Marlins,Komodo Dragons,0,1,https://ormrhl.com/event/3019/,2026-09-11T23:10:27.228428+00:00,2023-2024,regular
3020,Regular Season 2023-2024,2023-10-02,2023-10-02 22:00:00,Wildcats,Falcons,6,5,https://ormrhl.com/event/3020/,2026-09-11T23:10:27.228428+00:00,2023-2024,regular
3021,Regular Season 2023-2024,2023-10-02,2023-10-02 23:00:00,Grizzlies,Rhinos,5,6,https://ormrhl.com/event/3021/,2026-09-11T23:10:27.228428+00:00,2023-2024,regular
3022,Regular Season 2023-2024,2023-10-05,2023-10-05 20:00:00,Grizzlies,Cobras,3,7,https://ormrhl.com/event/3022/,2026-09-11T23:10:27.228428+00:00,2023-2024,regular
3023,Regular Season 2023-2024,2023-10-05,2023-10-05 21:00:00,Wildcats,Komodo Dragons,3,5,https://ormrhl.com/event/3023/,2026-09-11T23:10:27.228428+00:00,2023-2024,regular
3024,Regular Season 2023-2024,2023-10-05,2023-10-05 22:00:00,Marlins,Falcons,5,3,https://ormrhl.com/event/3024/,2026-09-11T23:10:27.228428+00:00,2023-2024,regular
3025,Regular Season 2023-2024,2023-10-05,2023-10-05 23:00:00,Rhinos,Eagles,3,4,https://ormrhl.com/event/3025/,2026-09-11T23:10:27.228428+00:00,2023-2024,regular
3026,Regular Season 2023-2024,2023-10-12,2023-10-12 20:00:00,Wildcats,Eagles,5,6,https://ormrhl.com/event/3026/,2026-09-11T23:10:27.228428+00:00,2023-2024,regular
3027,Regular Season 2023-2024,2023-10-12,2023-10-12 21:00:00,Grizzlies,Marlins,3,4,https://ormrhl.com/event/3027/,2026-09-11T23:10:27.228428+00:00,2023-2024,regular
3028,Regular Season 2023-2024,2023-10-12,2023-10-12 22:00:00,Rhinos,Cobras,3,6,https://ormrhl.com/event/3028/,2026-09-11T23:10:27.228428+00:00,2023-2024,regular
3029,Regular Season 2023-2024,2023-10-12,2023-10-12 23:00:00,Falcons,Komodo Dragons,8,1,https://ormrhl.com/event/3029/,2026-09-11T23:10:27.228428+00:00,2023-2024,regular
3030,Regular Season 2023-2024,2023-10-16,2023-10-16 20:00:00,Grizzlies,Komodo Dragons,1,3,https://ormrhl.com/event/3030/,2026-09-11T23:10:27.228428+00:00,2023-2024,regular
3031,Regular Season 2023-2024,2023-10-16,2023-10-16 21:00:00,Marlins,Rhinos,3,6,https://ormrhl.com/event/3031/,2026-09-11T23:10:27.228428+00:00,2023-2024,regular
3032,Regular Season 2023-2024,2023-10-16,2023-10-16 22:00:00,Cobras,Wildcats,5,9,https://ormrhl.com/event/3032/,2026-09-11T23:10:27.228428+00:00,2023-2024,regular
3033,Regular Season 2023-2024,2023-10-16,2023-10-16 23:00:00,Eagles,Falcons,4,5,https://ormrhl.com/event/3033/,2026-09-11T23:10:27.228428+00:00,2023-2024,regular
3034,Regular Season 2023-2024,2023-10-19,2023-10-19 20:00:00,Rhinos,Falcons,1,3,https://ormrhl.com/event/3034/,2026-09-11T23:10:27.228428+00:00,2023-2024,regular
3035,Regular Season 2023-2024,2023-10-19,2023-10-19 21:00:00,Grizzlies,Wildcats,13,2,https://ormrhl.com/event/3035/,2026-09-11T23:10:27.228428+00:00,2023-2024,regular
3036,Regular Season 2023-2024,2023-10-19,2023-10-19 22:00:00,Marlins,Eagles,0,7,https://ormrhl.com/event/3036/,2026-09-11T23:10:27.228428+00:00,2023-2024,regular
3037,Regular Season 2023-2024,2023-10-19,2023-10-19 23:00:00,Cobras,Komodo Dragons,4,12,https://ormrhl.com/event/3037/,2026-09-11T23:10:27.228428+00:00,2023-2024,regular
3038,Regular Season 2023-2024,2023-10-23,2023-10-23 20:00:00,Grizzlies,Falcons,1,1,https://ormrhl.com/event/3038/,2026-09-11T23:10:27.228428+00:00,2023-2024,regular
3039,Regular Season 2023-2024,2023-10-23,2023-10-23 21:00:00,Marlins,Cobras,8,5,https://ormrhl.com/event/3039/,2026-09-11T23:10:27.228428+00:00,2023-2024,regular
3040,Regular Season 2023-2024,2023-10-23,2023-10-23 22:00:00,Eagles,Komodo Dragons,5,6,https://ormrhl.com/event/3040/,2026-09-11T23:10:27.228428+00:00,2023-2024,regular
3041,Regular Season 2023-2024,2023-10-23,2023-10-23 23:00:00,Rhinos,Wildcats,5,4,https://ormrhl.com/event/3041/,2026-09-11T23:10:27.228428+00:00,2023-2024,regular
3042,Regular Season 2023-2024,2023-10-26,2023-10-26 20:00:00,Marlins,Komodo Dragons,4,6,https://ormrhl.com/event/3042/,2026-09-11T23:10:27.228428+00:00,2023-2024,regular
3043,Regular Season 2023-2024,2023-10-26,2023-10-26 21:00:00,Wildcats,Falcons,1,5,https://ormrhl.com/event/3043/,2026-09-11T23:10:27.228428+00:00,2023-2024,regular
3044,Regular Season 2023-2024,2023-10-26,2023-10-26 22:00:00,Grizzlies,Rhinos,5,6,https://ormrhl.com/event/3044/,2026-09-11T23:10:27.228428+00:00,2023-2024,regular
3045,Regular Season 2023-2024,2023-10-26,2023-10-26 23:00:00,Cobras,Eagles,11,4,https://ormrhl.com/event/3045/,2026-09-11T23:10:27.228428+00:00,2023-2024,regular
3046,Regular Season 2023-2024,2023-10-30,2023-10-30 20:00:00,Rhinos,Eagles,10,3,https://ormrhl.com/event/3046/,2026-09-11T23:10:27.228428+00:00,2023-2024,regular
3047,Regular Season 2023-2024,2023-10-30,2023-10-30 21:00:00,Grizzlies,Cobras,5,4,https://ormrhl.com/event/3047/,2026-09-11T23:10:27.228428+00:00,2023-2024,regular
3048,Regular Season 2023-2024,2023-10-30,2023-10-30 22:00:00,Marlins,Falcons,4,5,https://ormrhl.com/event/3048/,2026-09-11T23:10:27.228428+00:00,2023-2024,regular
3049,Regular Season 2023-2024,2023-10-30,2023-10-30 23:00:00,Wildcats,Komodo Dragons,6,2,https://ormrhl.com/event/3049/,2026-09-11T23:10:27.228428+00:00,2023-2024,regular
3050,Regular Season 2023-2024,2023-11-02,2023-11-02 20:00:00,Marlins,Wildcats,0,5,https://ormrhl.com/event/3050/,2026-09-11T23:10:27.228428+00:00,2023-2024,regular
3051,Regular Season 2023-2024,2023-11-02,2023-11-02 21:00:00,Grizzlies,Eagles,3,4,https://ormrhl.com/event/3051/,2026-09-11T23:10:27.228428+00:00,2023-2024,regular
3052,Regular Season 2023-2024,2023-11-02,2023-11-02 22:00:00,Rhinos,Komodo Dragons,3,1,https://ormrhl.com/event/3052/,2026-09-11T23:10:27.228428+00:00,2023-2024,regular
3053,Regular Season 2023-2024,2023-11-02,2023-11-02 23:00:00,Cobras,Falcons,6,4,https://ormrhl.com/event/3053/,2026-09-11T23:10:27.228428+00:00,2023-2024,regular
3054,Regular Season 2023-2024,2023-11-06,2023-11-06 20:00:00,Falcons,Komodo Dragons,8,1,https://ormrhl.com/event/3054/,2026-09-11T23:10:27.228428+00:00,2023-2024,regular
3055,Regular Season 2023-2024,2023-11-06,2023-11-06 21:00:00,Wildcats,Eagles,4,3,https://ormrhl.com/event/3055/,2026-09-11T23:10:27.228428+00:00,2023-2024,regular
3056,Regular Season 2023-2024,2023-11-06,2023-11-06 22:00:00,Rhinos,Cobras,6,8,https://ormrhl.com/event/3056/,2026-09-11T23:10:27.228428+00:00,2023-2024,regular
3057,Regular Season 2023-2024,2023-11-06,2023-11-06 23:00:00,Grizzlies,Marlins,6,4,https://ormrhl.com/event/3057/,2026-09-11T23:10:27.228428+00:00,2023-2024,regular
3058,Regular Season 2023-2024,2023-11-09,2023-11-09 20:00:00,Cobras,Wildcats,7,8,https://ormrhl.com/event/3058/,2026-09-11T23:10:27.228428+00:00,2023-2024,regular
3059,Regular Season 2023-2024,2023-11-09,2023-11-09 21:00:00,Marlins,Rhinos,4,3,https://ormrhl.com/event/3059/,2026-09-11T23:10:27.228428+00:00,2023-2024,regular
3060,Regular Season 2023-2024,2023-11-09,2023-11-09 22:00:00,Eagles,Falcons,9,4,https://ormrhl.com/event/3060/,2026-09-11T23:10:27.228428+00:00,2023-2024,regular
3061,Regular Season 2023-2024,2023-11-09,2023-11-09 23:00:00,Grizzlies,Komodo Dragons,3,1,https://ormrhl.com/event/3061/,2026-09-11T23:10:27.228428+00:00,2023-2024,regular
3062,Regular Season 2023-2024,2023-11-13,2023-11-13 20:00:00,Cobras,Komodo Dragons,3,4,https://ormrhl.com/event/3062/,2026-09-11T23:10:27.228428+00:00,2023-2024,regular
3063,Regular Season 2023-2024,2023-11-13,2023-11-13 21:00:00,Rhinos,Falcons,3,2,https://ormrhl.com/event/3063/,2026-09-11T23:10:27.228428+00:00,2023-2024,regular
3064,Regular Season 2023-2024,2023-11-13,2023-11-13 22:00:00,Grizzlies,Wildcats,2,3,https://ormrhl.com/event/3064/,2026-09-11T23:10:27.228428+00:00,2023-2024,regular
3065,Regular Season 2023-2024,2023-11-13,2023-11-13 23:00:00,Marlins,Eagles,5,9,https://ormrhl.com/event/3065/,2026-09-11T23:10:27.228428+00:00,2023-2024,regular
3066,Regular Season 2023-2024,2023-11-16,2023-11-16 20:00:00,Grizzlies,Falcons,1,1,https://ormrhl.com/event/3066/,2026-09-11T23:10:27.228428+00:00,2023-2024,regular
3067,Regular Season 2023-2024,2023-11-16,2023-11-16 21:00:00,Eagles,Komodo Dragons,5,3,https://ormrhl.com/event/3067/,2026-09-11T23:10:27.228428+00:00,2023-2024,regular
3068,Regular Season 2023-2024,2023-11-16,2023-11-16 22:00:00,Marlins,Cobras,5,6,https://ormrhl.com/event/3068/,2026-09-11T23:10:27.228428+00:00,2023-2024,regular
3069,Regular Season 2023-2024,2023-11-16,2023-11-16 23:00:00,Rhinos,Wildcats,4,6,https://ormrhl.com/event/3069/,2026-09-11T23:10:27.228428+00:00,2023-2024,regular
3070,Regular Season 2023-2024,2023-11-20,2023-11-20 20:00:00,Cobras,Eagles,5,5,https://ormrhl.com/event/3070/,2026-09-11T23:10:27.228428+00:00,2023-2024,regular
3071,Regular Season 2023-2024,2023-11-20,2023-11-20 21:00:00,Grizzlies,Rhinos,2,8,https://ormrhl.com/event/3071/,2026-09-11T23:10:27.228428+00:00,2023-2024,regular
3072,Regular Season 2023-2024,2023-11-20,2023-11-20 22:00:00,Wildcats,Falcons,4,3,https://ormrhl.com/event/3072/,2026-09-11T23:10:27.228428+00:00,2023-2024,regular
3073,Regular Season 2023-2024,2023-11-20,2023-11-20 23:00:00,Marlins,Komodo Dragons,6,3,https://ormrhl.com/event/3073/,2026-09-11T23:10:27.228428+00:00,2023-2024,regular
3074,Regular Season 2023-2024,2023-11-23,2023-11-23 20:00:00,Wildcats,Komodo Dragons,4,6,https://ormrhl.com/event/3074/,2026-09-11T23:10:27.228428+00:00,2023-2024,regular
3075,Regular Season 2023-2024,2023-11-23,2023-11-23 21:00:00,Rhinos,Eagles,5,5,https://ormrhl.com/event/3075/,2026-09-11T23:10:27.228428+00:00,2023-2024,regular
3076,Regular Season 2023-2024,2023-11-23,2023-11-23 22:00:00,Grizzlies,Cobras,4,5,https://ormrhl.com/event/3076/,2026-09-11T23:10:27.228428+00:00,2023-2024,regular
3077,Regular Season 2023-2024,2023-11-23,2023-11-23 23:00:00,Marlins,Falcons,2,7,https://ormrhl.com/event/3077/,2026-09-11T23:10:27.228428+00:00,2023-2024,regular
3078,Regular Season 2023-2024,2023-11-27,2023-11-27 20:00:00,Rhinos,Komodo Dragons,3,4,https://ormrhl.com/event/3078/,2026-09-11T23:10:27.228428+00:00,2023-2024,regular
3079,Regular Season 2023-2024,2023-11-27,2023-11-27 21:00:00,Marlins,Wildcats,6,9,https://ormrhl.com/event/3079/,2026-09-11T23:10:27.228428+00:00,2023-2024,regular
3080,Regular Season 2023-2024,2023-11-27,2023-11-27 22:00:00,Cobras,Falcons,8,3,https://ormrhl.com/event/3080/,2026-09-11T23:10:27.228428+00:00,2023-2024,regular
3081,Regular Season 2023-2024,2023-11-27,2023-11-27 23:00:00,Grizzlies,Eagles,8,1,https://ormrhl.com/event/3081/,2026-09-11T23:10:27.228428+00:00,2023-2024,regular
3082,Regular Season 2023-2024,2023-11-30,2023-11-30 20:00:00,Rhinos,Cobras,2,4,https://ormrhl.com/event/3082/,2026-09-11T23:10:27.228428+00:00,2023-2024,regular
3083,Regular Season 2023-2024,2023-11-30,2023-11-30 21:00:00,Falcons,Komodo Dragons,1,2,https://ormrhl.com/event/3083/,2026-09-11T23:10:27.228428+00:00,2023-2024,regular
3084,Regular Season 2023-2024,2023-11-30,2023-11-30 22:00:00,Wildcats,Eagles,2,5,https://ormrhl.com/event/3084/,2026-09-11T23:10:27.228428+00:00,2023-2024,regular
3085,Regular Season 2023-2024,2023-11-30,2023-11-30 23:00:00,Grizzlies,Marlins,6,3,https://ormrhl.com/event/3085/,2026-09-11T23:10:27.228428+00:00,2023-2024,regular
3086,Regular Season 2023-2024,2023-12-04,2023-12-04 20:00:00,Marlins,Rhinos,5,8,https://ormrhl.com/event/3086/,2026-09-11T23:10:27.228428+00:00,2023-2024,regular
3087,Regular Season 2023-2024,2023-12-04,2023-12-04 21:00:00,Eagles,Falcons,4,11,https://ormrhl.com/event/3087/,2026-09-11T23:10:27.228428+00:00,2023-2024,regular
3088,Regular Season 2023-2024,2023-12-04,2023-12-04 22:00:00,Grizzlies,Komodo Dragons,1,5,https://ormrhl.com/event/3088/,2026-09-11T23:10:27.228428+00:00,2023-2024,regular
3089,Regular Season 2023-2024,2023-12-04,2023-12-04 23:00:00,Cobras,Wildcats,8,5,https://ormrhl.com/event/3089/,2026-09-11T23:10:27.228428+00:00,2023-2024,regular
3090,Regular Season 2023-2024,2023-12-07,2023-12-07 20:00:00,Marlins,Eagles,11,1,https://ormrhl.com/event/3090/,2026-09-11T23:10:27.228428+00:00,2023-2024,regular
3091,Regular Season 2023-2024,2023-12-07,2023-12-07 21:00:00,Cobras,Komodo Dragons,7,5,https://ormrhl.com/event/3091/,2026-09-11T23:10:27.228428+00:00,2023-2024,regular
3092,Regular Season 2023-2024,2023-12-07,2023-12-07 22:00:00,Rhinos,Falcons,5,3,https://ormrhl.com/event/3092/,2026-09-11T23:10:27.228428+00:00,2023-2024,regular
3093,Regular Season 2023-2024,2023-12-07,2023-12-07 23:00:00,Grizzlies,Wildcats,1,3,https://ormrhl.com/event/3093/,2026-09-11T23:10:27.228428+00:00,2023-2024,regular
3094,Regular Season 2023-2024,2023-12-11,2023-12-11 20:00:00,Wildcats,Komodo Dragons,0,6,https://ormrhl.com/event/3094/,2026-09-11T23:10:27.228428+00:00,2023-2024,regular
3095,Regular Season 2023-2024,2023-12-11,2023-12-11 21:00:00,Marlins,Falcons,4,6,https://ormrhl.com/event/3095/,2026-09-11T23:10:27.228428+00:00,2023-2024,regular
3096,Regular Season 2023-2024,2023-12-11,2023-12-11 22:00:00,Rhinos,Eagles,6,6,https://ormrhl.com/event/3096/,2026-09-11T23:10:27.228428+00:00,2023-2024,regular
3097,Regular Season 2023-2024,2023-12-11,2023-12-11 23:00:00,Grizzlies,Cobras,7,4,https://ormrhl.com/event/3097/,2026-09-11T23:10:27.228428+00:00,2023-2024,regular
3098,Regular Season 2023-2024,2023-12-14,2023-12-14 20:00:00,Grizzlies,Rhinos,2,7,https://ormrhl.com/event/3098/,2026-09-11T23:10:27.228428+00:00,2023-2024,regular
3099,Regular Season 2023-2024,2023-12-14,2023-12-14 21:00:00,Cobras,Eagles,8,6,https://ormrhl.com/event/3099/,2026-09-11T23:10:27.228428+00:00,2023-2024,regular
3100,Regular Season 2023-2024,2023-12-14,2023-12-14 22:00:00,Marlins,Komodo Dragons,3,10,https://ormrhl.com/event/3100/,2026-09-11T23:10:27.228428+00:00,2023-2024,regular
3101,Regular Season 2023-2024,2023-12-14,2023-12-14 23:00:00,Wildcats,Falcons,3,1,https://ormrhl.com/event/3101/,2026-09-11T23:10:27.228428+00:00,2023-2024,regular
3102,Regular Season 2023-2024,2023-12-18,2023-12-18 20:00:00,Cobras,Falcons,4,8,https://ormrhl.com/event/3102/,2026-09-11T23:10:27.228428+00:00,2023-2024,regular
3103,Regular Season 2023-2024,2023-12-18,2023-12-18 21:00:00,Marlins,Wildcats,6,6,https://ormrhl.com/event/3103/,2026-09-11T23:10:27.228428+00:00,2023-2024,regular
3104,Regular Season 2023-2024,2023-12-18,2023-12-18 22:00:00,Grizzlies,Eagles,7,1,https://ormrhl.com/event/3104/,2026-09-11T23:10:27.228428+00:00,2023-2024,regular
3105,Regular Season 2023-2024,2023-12-18,2023-12-18 23:00:00,Rhinos,Komodo Dragons,5,10,https://ormrhl.com/event/3105/,2026-09-11T23:10:27.228428+00:00,2023-2024,regular
3106,Regular Season 2023-2024,2023-12-21,2023-12-21 20:00:00,Grizzlies,Falcons,3,3,https://ormrhl.com/event/3106/,2026-09-11T23:10:27.228428+00:00,2023-2024,regular
3107,Regular Season 2023-2024,2023-12-21,2023-12-21 21:00:00,Eagles,Komodo Dragons,6,4,https://ormrhl.com/event/3107/,2026-09-11T23:10:27.228428+00:00,2023-2024,regular
3108,Regular Season 2023-2024,2023-12-21,2023-12-21 22:00:00,Wildcats,Rhinos,5,4,https://ormrhl.com/event/3108/,2026-09-11T23:10:27.228428+00:00,2023-2024,regular
3109,Regular Season 2023-2024,2023-12-21,2023-12-21 23:00:00,Marlins,Cobras,3,4,https://ormrhl.com/event/3109/,2026-09-11T23:10:27.228428+00:00,2023-2024,regular
3110,Regular Season 2023-2024,2024-01-04,2024-01-04 20:00:00,Grizzlies,Rhinos,5,2,https://ormrhl.com/event/3110/,2026-09-11T23:10:27.228428+00:00,2023-2024,regular
3111,Regular Season 2023-2024,2024-01-04,2024-01-04 21:00:00,Cobras,Eagles,5,6,https://ormrhl.com/event/3111/,2026-09-11T23:10:27.228428+00:00,2023-2024,regular
3112,Regular Season 2023-2024,2024-01-04,2024-01-04 22:00:00,Marlins,Komodo Dragons,5,4,https://ormrhl.com/event/3112/,2026-09-11T23:10:27.228428+00:00,2023-2024,regular
3113,Regular Season 2023-2024,2024-01-04,2024-01-04 23:00:00,Wildcats,Falcons,2,1,https://ormrhl.com/event/3113/,2026-09-11T23:10:27.228428+00:00,2023-2024,regular
3114,Regular Season 2023-2024,2024-01-08,2024-01-08 20:00:00,Marlins,Falcons,4,2,https://ormrhl.com/event/3114/,2026-09-11T23:10:27.228428+00:00,2023-2024,regular
3115,Regular Season 2023-2024,2024-01-08,2024-01-08 21:00:00,Wildcats,Komodo Dragons,4,5,https://ormrhl.com/event/3115/,2026-09-11T23:10:27.228428+00:00,2023-2024,regular
3116,Regular Season 2023-2024,2024-01-08,2024-01-08 22:00:00,Rhinos,Eagles,6,3,https://ormrhl.com/event/3116/,2026-09-11T23:10:27.228428+00:00,2023-2024,regular
3117,Regular Season 2023-2024,2024-01-08,2024-01-08 23:00:00,Grizzlies,Cobras,2,4,https://ormrhl.com/event/3117/,2026-09-11T23:10:27.228428+00:00,2023-2024,regular
3118,Regular Season 2023-2024,2024-01-11,2024-01-11 20:00:00,Grizzlies,Eagles,0,2,https://ormrhl.com/event/3118/,2026-09-11T23:10:27.228428+00:00,2023-2024,regular
3119,Regular Season 2023-2024,2024-01-11,2024-01-11 21:00:00,Rhinos,Komodo Dragons,4,7,https://ormrhl.com/event/3119/,2026-09-11T23:10:27.228428+00:00,2023-2024,regular
3120,Regular Season 2023-2024,2024-01-11,2024-01-11 22:00:00,Cobras,Falcons,3,2,https://ormrhl.com/event/3120/,2026-09-11T23:10:27.228428+00:00,2023-2024,regular
3121,Regular Season 2023-2024,2024-01-11,2024-01-11 23:00:00,Marlins,Wildcats,2,6,https://ormrhl.com/event/3121/,2026-09-11T23:10:27.228428+00:00,2023-2024,regular
3122,Regular Season 2023-2024,2024-01-15,2024-01-15 20:00:00,Eagles,Falcons,5,2,https://ormrhl.com/event/3122/,2026-09-11T23:10:27.228428+00:00,2023-2024,regular
3123,Regular Season 2023-2024,2024-01-15,2024-01-15 21:00:00,Grizzlies,Komodo Dragons,4,5,https://ormrhl.com/event/3123/,2026-09-11T23:10:27.228428+00:00,2023-2024,regular
3124,Regular Season 2023-2024,2024-01-15,2024-01-15 22:00:00,Cobras,Wildcats,10,4,https://ormrhl.com/event/3124/,2026-09-11T23:10:27.228428+00:00,2023-2024,regular
3125,Regular Season 2023-2024,2024-01-15,2024-01-15 23:00:00,Marlins,Rhinos,2,3,https://ormrhl.com/event/3125/,2026-09-11T23:10:27.228428+00:00,2023-2024,regular
3126,Regular Season 2023-2024,2024-01-18,2024-01-18 20:00:00,Wildcats,Eagles,6,3,https://ormrhl.com/event/3126/,2026-09-11T23:10:27.228428+00:00,2023-2024,regular
3127,Regular Season 2023-2024,2024-01-18,2024-01-18 21:00:00,Rhinos,Cobras,4,9,https://ormrhl.com/event/3127/,2026-09-11T23:10:27.228428+00:00,2023-2024,regular
3128,Regular Season 2023-2024,2024-01-18,2024-01-18 22:00:00,Falcons,Komodo Dragons,4,3,https://ormrhl.com/event/3128/,2026-09-11T23:10:27.228428+00:00,2023-2024,regular
3129,Regular Season 2023-2024,2024-01-18,2024-01-18 23:00:00,Grizzlies,Marlins,4,6,https://ormrhl.com/event/3129/,2026-09-11T23:10:27.228428+00:00,2023-2024,regular
3130,Regular Season 2023-2024,2024-01-22,2024-01-22 20:00:00,Marlins,Cobras,3,7,https://ormrhl.com/event/3130/,2026-09-11T23:10:27.228428+00:00,2023-2024,regular
3131,Regular Season 2023-2024,2024-01-22,2024-01-22 21:00:00,Rhinos,Wildcats,6,9,https://ormrhl.com/event/3131/,2026-09-11T23:10:27.228428+00:00,2023-2024,regular
3132,Regular Season 2023-2024,2024-01-22,2024-01-22 22:00:00,Grizzlies,Falcons,4,6,https://ormrhl.com/event/3132/,2026-09-11T23:10:27.228428+00:00,2023-2024,regular
3133,Regular Season 2023-2024,2024-01-22,2024-01-22 23:00:00,Eagles,Komodo Dragons,2,1,https://ormrhl.com/event/3133/,2026-09-11T23:10:27.228428+00:00,2023-2024,regular
3134,Regular Season 2023-2024,2024-01-25,2024-01-25 20:00:00,Grizzlies,Wildcats,7,5,https://ormrhl.com/event/3134/,2026-09-11T23:10:27.228428+00:00,2023-2024,regular
3135,Regular Season 2023-2024,2024-01-25,2024-01-25 21:00:00,Marlins,Eagles,2,3,https://ormrhl.com/event/3135/,2026-09-11T23:10:27.228428+00:00,2023-2024,regular
3136,Regular Season 2023-2024,2024-01-25,2024-01-25 22:00:00,Cobras,Komodo Dragons,7,7,https://ormrhl.com/event/3136/,2026-09-11T23:10:27.228428+00:00,2023-2024,regular
3137,Regular Season 2023-2024,2024-01-25,2024-01-25 23:00:00,Rhinos,Falcons,3,5,https://ormrhl.com/event/3137/,2026-09-11T23:10:27.228428+00:00,2023-2024,regular
3138,Regular Season 2023-2024,2024-01-29,2024-01-29 20:00:00,Grizzlies,Cobras,11,4,https://ormrhl.com/event/3138/,2026-09-11T23:10:27.228428+00:00,2023-2024,regular
3139,Regular Season 2023-2024,2024-01-29,2024-01-29 21:00:00,Wildcats,Komodo Dragons,2,0,https://ormrhl.com/event/3139/,2026-09-11T23:10:27.228428+00:00,2023-2024,regular
3140,Regular Season 2023-2024,2024-01-29,2024-01-29 22:00:00,Marlins,Falcons,2,3,https://ormrhl.com/event/3140/,2026-09-11T23:10:27.228428+00:00,2023-2024,regular
3141,Regular Season 2023-2024,2024-01-29,2024-01-29 23:00:00,Rhinos,Eagles,0,10,https://ormrhl.com/event/3141/,2026-09-11T23:10:27.228428+00:00,2023-2024,regular
3142,Regular Season 2023-2024,2024-02-01,2024-02-01 20:00:00,Marlins,Komodo Dragons,6,5,https://ormrhl.com/event/3142/,2026-09-11T23:10:27.228428+00:00,2023-2024,regular
3143,Regular Season 2023-2024,2024-02-01,2024-02-01 21:00:00,Wildcats,Falcons,4,2,https://ormrhl.com/event/3143/,2026-09-11T23:10:27.228428+00:00,2023-2024,regular
3144,Regular Season 2023-2024,2024-02-01,2024-02-01 22:00:00,Grizzlies,Rhinos,4,0,https://ormrhl.com/event/3144/,2026-09-11T23:10:27.228428+00:00,2023-2024,regular
3145,Regular Season 2023-2024,2024-02-01,2024-02-01 23:00:00,Cobras,Eagles,9,3,https://ormrhl.com/event/3145/,2026-09-11T23:10:27.228428+00:00,2023-2024,regular
3146,Regular Season 2023-2024,2024-02-05,2024-02-05 20:00:00,Falcons,Komodo Dragons,4,1,https://ormrhl.com/event/3146/,2026-09-11T23:10:27.228428+00:00,2023-2024,regular
3147,Regular Season 2023-2024,2024-02-05,2024-02-05 21:00:00,Grizzlies,Marlins,2,5,https://ormrhl.com/event/3147/,2026-09-11T23:10:27.228428+00:00,2023-2024,regular
3148,Regular Season 2023-2024,2024-02-05,2024-02-05 22:00:00,Rhinos,Cobras,6,5,https://ormrhl.com/event/3148/,2026-09-11T23:10:27.228428+00:00,2023-2024,regular
3149,Regular Season 2023-2024,2024-02-05,2024-02-05 23:00:00,Wildcats,Eagles,5,10,https://ormrhl.com/event/3149/,2026-09-11T23:10:27.228428+00:00,2023-2024,regular
3150,Regular Season 2023-2024,2024-02-08,2024-02-08 20:00:00,Grizzlies,Eagles,2,4,https://ormrhl.com/event/3150/,2026-09-11T23:10:27.228428+00:00,2023-2024,regular
3151,Regular Season 2023-2024,2024-02-08,2024-02-08 21:00:00,Cobras,Falcons,4,5,https://ormrhl.com/event/3151/,2026-09-11T23:10:27.228428+00:00,2023-2024,regular
3152,Regular Season 2023-2024,2024-02-08,2024-02-08 22:00:00,Marlins,Wildcats,5,3,https://ormrhl.com/event/3152/,2026-09-11T23:10:27.228428+00:00,2023-2024,regular
3153,Regular Season 2023-2024,2024-02-08,2024-02-08 23:00:00,Rhinos,Komodo Dragons,5,6,https://ormrhl.com/event/3153/,2026-09-11T23:10:27.228428+00:00,2023-2024,regular
3154,Regular Season 2023-2024,2024-02-12,2024-02-12 20:00:00,Cobras,Wildcats,6,5,https://ormrhl.com/event/3154/,2026-09-11T23:10:27.228428+00:00,2023-2024,regular
3155,Regular Season 2023-2024,2024-02-12,2024-02-12 21:00:00,Eagles,Falcons,3,6,https://ormrhl.com/event/3155/,2026-09-11T23:10:27.228428+00:00,2023-2024,regular
3156,Regular Season 2023-2024,2024-02-12,2024-02-12 22:00:00,Grizzlies,Komodo Dragons,2,3,https://ormrhl.com/event/3156/,2026-09-11T23:10:27.228428+00:00,2023-2024,regular
3157,Regular Season 2023-2024,2024-02-12,2024-02-12 23:00:00,Marlins,Rhinos,9,5,https://ormrhl.com/event/3157/,2026-09-11T23:10:27.228428+00:00,2023-2024,regular
3158,Regular Season 2023-2024,2024-02-15,2024-02-15 20:00:00,Rhinos,Falcons,5,0,https://ormrhl.com/event/3158/,2026-09-11T23:10:27.228428+00:00,2023-2024,regular
3159,Regular Season 2023-2024,2024-02-15,2024-02-15 21:00:00,Grizzlies,Wildcats,7,6,https://ormrhl.com/event/3159/,2026-09-11T23:10:27.228428+00:00,2023-2024,regular
3160,Regular Season 2023-2024,2024-02-15,2024-02-15 22:00:00,Marlins,Eagles,5,6,https://ormrhl.com/event/3160/,2026-09-11T23:10:27.228428+00:00,2023-2024,regular
3161,Regular Season 2023-2024,2024-02-15,2024-02-15 23:00:00,Cobras,Komodo Dragons,6,1,https://ormrhl.com/event/3161/,2026-09-11T23:10:27.228428+00:00,2023-2024,regular
3162,Regular Season 2023-2024,2024-02-22,2024-02-22 20:00:00,Wildcats,Falcons,4,0,https://ormrhl.com/event/3162/,2026-09-11T23:10:27.228428+00:00,2023-2024,regular
3163,Regular Season 2023-2024,2024-02-22,2024-02-22 21:00:00,Marlins,Komodo Dragons,1,9,https://ormrhl.com/event/3163/,2026-09-11T23:10:27.228428+00:00,2023-2024,regular
3164,Regular Season 2023-2024,2024-02-22,2024-02-22 22:00:00,Cobras,Eagles,6,6,https://ormrhl.com/event/3164/,2026-09-11T23:10:27.228428+00:00,2023-2024,regular
3165,Regular Season 2023-2024,2024-02-22,2024-02-22 23:00:00,Grizzlies,Rhinos,5,4,https://ormrhl.com/event/3165/,2026-09-11T23:10:27.228428+00:00,2023-2024,regular
3166,Regular Season 2023-2024,2024-02-26,2024-02-26 20:00:00,Rhinos,Eagles,6,4,https://ormrhl.com/event/3166/,2026-09-11T23:10:27.228428+00:00,2023-2024,regular
3184,Regular Season 2023-2024,2024-02-26,2024-02-26 21:00:00,Grizzlies,Cobras,6,7,https://ormrhl.com/event/3184/,2026-09-11T23:10:27.228428+00:00,2023-2024,regular
3185,Regular Season 2023-2024,2024-02-26,2024-02-26 22:00:00,Wildcats,Komodo Dragons,6,6,https://ormrhl.com/event/3185/,2026-09-11T23:10:27.228428+00:00,2023-2024,regular
3186,Regular Season 2023-2024,2024-02-26,2024-02-26 23:00:00,Marlins,Falcons,4,4,https://ormrhl.com/event/3186/,2026-09-11T23:10:27.228428+00:00,2023-2024,regular
3187,Regular Season 2023-2024,2024-02-29,2024-02-29 20:00:00,Rhinos,Komodo Dragons,3,4,https://ormrhl.com/event/3187/,2026-09-11T23:10:27.228428+00:00,2023-2024,regular
3188,Regular Season 2023-2024,2024-02-29,2024-02-29 21:00:00,Cobras,Falcons,4,1,https://ormrhl.com/event/3188/,2026-09-11T23:10:27.228428+00:00,2023-2024,regular
3189,Regular Season 2023-2024,2024-02-29,2024-02-29 22:00:00,Grizzlies,Eagles,6,1,https://ormrhl.com/event/3189/,2026-09-11T23:10:27.228428+00:00,2023-2024,regular
3190,Regular Season 2023-2024,2024-02-29,2024-02-29 23:00:00,Marlins,Wildcats,4,3,https://ormrhl.com/event/3190/,2026-09-11T23:10:27.228428+00:00,2023-2024,regular
3191,Regular Season 2023-2024,2024-03-04,2024-03-04 20:00:00,Wildcats,Eagles,4,5,https://ormrhl.com/event/3191/,2026-09-11T23:10:27.228428+00:00,2023-2024,regular
3192,Regular Season 2023-2024,2024-03-04,2024-03-04 21:00:00,Falcons,Komodo Dragons,3,1,https://ormrhl.com/event/3192/,2026-09-11T23:10:27.228428+00:00,2023-2024,regular
3193,Regular Season 2023-2024,2024-03-04,2024-03-04 22:00:00,Grizzlies,Marlins,6,5,https://ormrhl.com/event/3193/,2026-09-11T23:10:27.228428+00:00,2023-2024,regular
3194,Regular Season 2023-2024,2024-03-04,2024-03-04 23:00:00,Rhinos,Cobras,6,7,https://ormrhl.com/event/3194/,2026-09-11T23:10:27.228428+00:00,2023-2024,regular
3195,Regular Season 2023-2024,2024-03-07,2024-03-07 20:00:00,Marlins,Rhinos,1,6,https://ormrhl.com/event/3195/,2026-09-11T23:10:27.228428+00:00,2023-2024,regular
3196,Regular Season 2023-2024,2024-03-07,2024-03-07 21:00:00,Cobras,Wildcats,4,7,https://ormrhl.com/event/3196/,2026-09-11T23:10:27.228428+00:00,2023-2024,regular
3197,Regular Season 2023-2024,2024-03-07,2024-03-07 22:00:00,Eagles,Falcons,6,3,https://ormrhl.com/event/3197/,2026-09-11T23:10:27.228428+00:00,2023-2024,regular
3198,Regular Season 2023-2024,2024-03-07,2024-03-07 23:00:00,Grizzlies,Komodo Dragons,4,3,https://ormrhl.com/event/3198/,2026-09-11T23:10:27.228428+00:00,2023-2024,regular
2960,Playoffs 2024,2024-03-18,2024-03-18 20:00:00,Wildcats,Falcons,2,3,https://ormrhl.com/event/2960/,2026-09-11T23:10:27.228428+00:00,2023-2024,playoffs
2961,Playoffs 2024,2024-03-18,2024-03-18 21:00:00,Cobras,Eagles,4,4,https://ormrhl.com/event/2961/,2026-09-11T23:10:27.228428+00:00,2023-2024,playoffs
2962,Playoffs 2024,2024-03-18,2024-03-18 22:00:00,Grizzlies,Rhinos,3,3,https://ormrhl.com/event/2962/,2026-09-11T23:10:27.228428+00:00,2023-2024,playoffs
2963,Playoffs 2024,2024-03-18,2024-03-18 23:00:00,Marlins,Komodo Dragons,5,8,https://ormrhl.com/event/2963/,2026-09-11T23:10:27.228428+00:00,2023-2024,playoffs
2964,Playoffs 2024,2024-03-21,2024-03-21 20:00:00,Marlins,Falcons,3,3,https://ormrhl.com/event/2964/,2026-09-11T23:10:27.228428+00:00,2023-2024,playoffs
2965,Playoffs 2024,2024-03-21,2024-03-21 21:00:00,Rhinos,Eagles,2,6,https://ormrhl.com/event/2965/,2026-09-11T23:10:27.228428+00:00,2023-2024,playoffs
2966,Playoffs 2024,2024-03-21,2024-03-21 22:00:00,Grizzlies,Cobras,3,5,https://ormrhl.com/event/2966/,2026-09-11T23:10:27.228428+00:00,2023-2024,playoffs
2967,Playoffs 2024,2024-03-21,2024-03-21 23:00:00,Wildcats,Komodo Dragons,3,9,https://ormrhl.com/event/2967/,2026-09-11T23:10:27.228428+00:00,2023-2024,playoffs
2968,Playoffs 2024,2024-03-25,2024-03-25 20:00:00,Rhinos,Komodo Dragons,4,2,https://ormrhl.com/event/2968/,2026-09-11T23:10:27.228428+00:00,2023-2024,playoffs
2969,Playoffs 2024,2024-03-25,2024-03-25 21:00:00,Cobras,Falcons,6,2,https://ormrhl.com/event/2969/,2026-09-11T23:10:27.228428+00:00,2023-2024,playoffs
2970,Playoffs 2024,2024-03-25,2024-03-25 22:00:00,Marlins,Wildcats,5,4,https://ormrhl.com/event/2970/,2026-09-11T23:10:27.228428+00:00,2023-2024,playoffs
2971,Playoffs 2024,2024-03-25,2024-03-25 23:00:00,Grizzlies,Eagles,7,4,https://ormrhl.com/event/2971/,2026-09-11T23:10:27.228428+00:00,2023-2024,playoffs
2972,Playoffs 2024,2024-03-28,2024-03-28 20:00:00,Grizzlies,Marlins,1,4,https://ormrhl.com/event/2972/,2026-09-11T23:10:27.228428+00:00,2023-2024,playoffs
2973,Playoffs 2024,2024-03-28,2024-03-28 21:00:00,Wildcats,Eagles,1,5,https://ormrhl.com/event/2973/,2026-09-11T23:10:27.228428+00:00,2023-2024,playoffs
2974,Playoffs 2024,2024-03-28,2024-03-28 22:00:00,Falcons,Komodo Dragons,2,5,https://ormrhl.com/event/2974/,2026-09-11T23:10:27.228428+00:00,2023-2024,playoffs
2975,Playoffs 2024,2024-03-28,2024-03-28 23:00:00,Rhinos,Cobras,4,4,https://ormrhl.com/event/2975/,2026-09-11T23:10:27.228428+00:00,2023-2024,playoffs
2976,Playoffs 2024,2024-04-01,2024-04-01 20:00:00,Grizzlies,Komodo Dragons,2,4,https://ormrhl.com/event/2976/,2026-09-11T23:10:27.228428+00:00,2023-2024,playoffs
2977,Playoffs 2024,2024-04-01,2024-04-01 21:00:00,Marlins,Rhinos,0,5,https://ormrhl.com/event/2977/,2026-09-11T23:10:27.228428+00:00,2023-2024,playoffs
2978,Playoffs 2024,2024-04-01,2024-04-01 22:00:00,Cobras,Wildcats,8,5,https://ormrhl.com/event/2978/,2026-09-11T23:10:27.228428+00:00,2023-2024,playoffs
2979,Playoffs 2024,2024-04-01,2024-04-01 23:00:00,Eagles,Falcons,4,1,https://ormrhl.com/event/2979/,2026-09-11T23:10:27.228428+00:00,2023-2024,playoffs
2980,Playoffs 2024,2024-04-04,2024-04-04 20:00:00,Marlins,Eagles,5,2,https://ormrhl.com/event/2980/,2026-09-11T23:10:27.228428+00:00,2023-2024,playoffs
2981,Playoffs 2024,2024-04-04,2024-04-04 21:00:00,Cobras,Komodo Dragons,3,5,https://ormrhl.com/event/2981/,2026-09-11T23:10:27.228428+00:00,2023-2024,playoffs
2982,Playoffs 2024,2024-04-04,2024-04-04 22:00:00,Rhinos,Falcons,3,1,https://ormrhl.com/event/2982/,2026-09-11T23:10:27.228428+00:00,2023-2024,playoffs
2983,Playoffs 2024,2024-04-04,2024-04-04 23:00:00,Grizzlies,Wildcats,5,4,https://ormrhl.com/event/2983/,2026-09-11T23:10:27.228428+00:00,2023-2024,playoffs
2984,Playoffs 2024,2024-04-08,2024-04-08 20:00:00,Rhinos,Wildcats,4,3,https://ormrhl.com/event/2984/,2026-09-11T23:10:27.228428+00:00,2023-2024,playoffs
2985,Playoffs 2024,2024-04-08,2024-04-08 21:00:00,Grizzlies,Falcons,1,3,https://ormrhl.com/event/2985/,2026-09-11T23:10:27.228428+00:00,2023-2024,playoffs
2986,Playoffs 2024,2024-04-08,2024-04-08 22:00:00,Eagles,Komodo Dragons,3,2,https://ormrhl.com/event/2986/,2026-09-11T23:10:27.228428+00:00,2023-2024,playoffs
2987,Playoffs 2024,2024-04-08,2024-04-08 23:00:00,Marlins,Cobras,3,6,https://ormrhl.com/event/2987/,2026-09-11T23:10:27.228428+00:00,2023-2024,playoffs
2989,Playoffs Round 2 2024,2024-04-11,2024-04-11 20:00:00,Cobras,Eagles,7,4,https://ormrhl.com/event/2989/,2026-09-11T23:10:27.228428+00:00,2023-2024,playoffs
2990,Playoffs Round 2 2024,2024-04-11,2024-04-11 21:00:00,Komodo Dragons,Rhinos,5,0,https://ormrhl.com/event/2990/,2026-09-11T23:10:27.228428+00:00,2023-2024,playoffs
2991,Playoffs Round 2 2024,2024-04-11,2024-04-11 22:00:00,Marlins,Wildcats,7,3,https://ormrhl.com/event/2991/,2026-09-11T23:10:27.228428+00:00,2023-2024,playoffs
2992,Playoffs Round 2 2024,2024-04-11,2024-04-11 23:00:00,Falcons,Grizzlies,2,4,https://ormrhl.com/event/2992/,2026-09-11T23:10:27.228428+00:00,2023-2024,playoffs
2993,Playoffs Round 2 2024,2024-04-15,2024-04-15 20:00:00,Marlins,Grizzlies,7,2,https://ormrhl.com/event/2993/,2026-09-11T23:10:27.228428+00:00,2023-2024,playoffs
2994,Playoffs Round 2 2024,2024-04-15,2024-04-15 21:00:00,Cobras,Rhinos,8,1,https://ormrhl.com/event/2994/,2026-09-11T23:10:27.228428+00:00,2023-2024,playoffs
2995,Playoffs Round 2 2024,2024-04-15,2024-04-15 22:00:00,Falcons,Wildcats,4,6,https://ormrhl.com/event/2995/,2026-09-11T23:10:27.228428+00:00,2023-2024,playoffs
2996,Playoffs Round 2 2024,2024-04-15,2024-04-15 23:00:00,Komodo Dragons,Eagles,4,5,https://ormrhl.com/event/2996/,2026-09-11T23:10:27.228428+00:00,2023-2024,playoffs
2997,Playoffs Round 2 2024,2024-04-18,2024-04-18 20:00:00,Rhinos,Eagles,2,8,https://ormrhl.com/event/2997/,2026-09-11T23:10:27.228428+00:00,2023-2024,playoffs
2998,Playoffs Round 2 2024,2024-04-18,2024-04-18 21:00:00,Grizzlies,Wildcats,4,0,https://ormrhl.com/event/2998/,2026-09-11T23:10:27.228428+00:00,2023-2024,playoffs
2999,Playoffs Round 2 2024,2024-04-18,2024-04-18 22:00:00,Cobras,Komodo Dragons,6,6,https://ormrhl.com/event/2999/,2026-09-11T23:10:27.228428+00:00,2023-2024,playoffs
3000,Playoffs Round 2 2024,2024-04-18,2024-04-18 23:00:00,Marlins,Falcons,8,4,https://ormrhl.com/event/3000/,2026-09-11T23:10:27.228428+00:00,2023-2024,playoffs
cobras-vs-eagles,Playoffs Round 2 2024,2024-04-20,2024-04-20 15:30:56,Cobras,Eagles,6,4,https://ormrhl.com/event/cobras-vs-eagles/,2026-09-11T23:10:27.228428+00:00,2023-2024,playoffs
grizzlies-vs-marlins,Playoffs Round 2 2024,2024-04-20,2024-04-20 14:00:53,Grizzlies,Marlins,0,1,https://ormrhl.com/event/grizzlies-vs-marlins/,2026-09-11T23:10:27.228428+00:00,2023-2024,playoffs
komodo-dragons-vs-rhinos,Playoffs Round 2 2024,2024-04-20,2024-04-20 13:00:29,Komodo Dragons,Rhinos,7,4,https://ormrhl.com/event/komodo-dragons-vs-rhinos/,2026-09-11T23:10:27.228428+00:00,2023-2024,playoffs
marlins-vs-falcons-copy,Playoffs Round 2 2024,2024-04-20,2024-04-20 12:00:18,Wildcats,Falcons,6,4,https://ormrhl.com/event/marlins-vs-falcons-copy/,2026-09-11T23:10:27.228428+00:00,2023-2024,playoffs
4325,Regular Season 2024-2025,2024-09-16,2024-09-16 20:00:00,Eagles,Falcons,5,1,https://ormrhl.com/event/4325/,2026-09-11T23:10:27.228428+00:00,2024-2025,regular
4326,Regular Season 2024-2025,2024-09-16,2024-09-16 21:00:00,Grizzlies,Cobras,9,3,https://ormrhl.com/event/4326/,2026-09-11T23:10:27.228428+00:00,2024-2025,regular
4327,Regular Season 2024-2025,2024-09-16,2024-09-16 22:00:00,Marlins,Wildcats,6,11,https://ormrhl.com/event/4327/,2026-09-11T23:10:27.228428+00:00,2024-2025,regular
4328,Regular Season 2024-2025,2024-09-16,2024-09-16 23:00:00,Komodo Dragons,Rhinos,7,8,https://ormrhl.com/event/4328/,2026-09-11T23:10:27.228428+00:00,2024-2025,regular
4329,Regular Season 2024-2025,2024-09-19,2024-09-19 20:00:00,Wildcats,Komodo Dragons,2,11,https://ormrhl.com/event/4329/,2026-09-11T23:10:27.228428+00:00,2024-2025,regular
4330,Regular Season 2024-2025,2024-09-19,2024-09-19 21:00:00,Eagles,Rhinos,5,5,https://ormrhl.com/event/4330/,2026-09-11T23:10:27.228428+00:00,2024-2025,regular
4331,Regular Season 2024-2025,2024-09-19,2024-09-19 22:00:00,Falcons,Grizzlies,1,17,https://ormrhl.com/event/4331/,2026-09-11T23:10:27.228428+00:00,2024-2025,regular
4332,Regular Season 2024-2025,2024-09-19,2024-09-19 23:00:00,Cobras,Marlins,4,9,https://ormrhl.com/event/4332/,2026-09-11T23:10:27.228428+00:00,2024-2025,regular
4333,Regular Season 2024-2025,2024-09-23,2024-09-23 20:00:00,Eagles,Marlins,6,4,https://ormrhl.com/event/4333/,2026-09-11T23:10:27.228428+00:00,2024-2025,regular
4334,Regular Season 2024-2025,2024-09-23,2024-09-23 21:00:00,Falcons,Wildcats,8,3,https://ormrhl.com/event/4334/,2026-09-11T23:10:27.228428+00:00,2024-2025,regular
4335,Regular Season 2024-2025,2024-09-23,2024-09-23 22:00:00,Cobras,Rhinos,7,9,https://ormrhl.com/event/4335/,2026-09-11T23:10:27.228428+00:00,2024-2025,regular
4336,Regular Season 2024-2025,2024-09-23,2024-09-23 23:00:00,Grizzlies,Komodo Dragons,5,5,https://ormrhl.com/event/4336/,2026-09-11T23:10:27.228428+00:00,2024-2025,regular
4337,Regular Season 2024-2025,2024-09-26,2024-09-26 20:00:00,Falcons,Cobras,8,1,https://ormrhl.com/event/4337/,2026-09-11T23:10:27.228428+00:00,2024-2025,regular
4338,Regular Season 2024-2025,2024-09-26,2024-09-26 21:00:00,Grizzlies,Marlins,9,4,https://ormrhl.com/event/4338/,2026-09-11T23:10:27.228428+00:00,2024-2025,regular
4339,Regular Season 2024-2025,2024-09-26,2024-09-26 22:00:00,Eagles,Komodo Dragons,3,4,https://ormrhl.com/event/4339/,2026-09-11T23:10:27.228428+00:00,2024-2025,regular
4340,Regular Season 2024-2025,2024-09-26,2024-09-26 23:00:00,Wildcats,Rhinos,7,6,https://ormrhl.com/event/4340/,2026-09-11T23:10:27.228428+00:00,2024-2025,regular
4341,Regular Season 2024-2025,2024-09-30,2024-09-30 20:00:00,Cobras,Wildcats,5,7,https://ormrhl.com/event/4341/,2026-09-11T23:10:27.228428+00:00,2024-2025,regular
4342,Regular Season 2024-2025,2024-09-30,2024-09-30 21:00:00,Falcons,Rhinos,1,5,https://ormrhl.com/event/4342/,2026-09-11T23:10:27.228428+00:00,2024-2025,regular
4343,Regular Season 2024-2025,2024-09-30,2024-09-30 22:00:00,Marlins,Komodo Dragons,7,6,https://ormrhl.com/event/4343/,2026-09-11T23:10:27.228428+00:00,2024-2025,regular
4344,Regular Season 2024-2025,2024-09-30,2024-09-30 23:00:00,Eagles,Grizzlies,4,1,https://ormrhl.com/event/4344/,2026-09-11T23:10:27.228428+00:00,2024-2025,regular
4345,Regular Season 2024-2025,2024-10-03,2024-10-03 20:00:00,Eagles,Cobras,5,4,https://ormrhl.com/event/4345/,2026-09-11T23:10:27.228428+00:00,2024-2025,regular
4346,Regular Season 2024-2025,2024-10-03,2024-10-03 21:00:00,Marlins,Rhinos,13,3,https://ormrhl.com/event/4346/,2026-09-11T23:10:27.228428+00:00,2024-2025,regular
4347,Regular Season 2024-2025,2024-10-03,2024-10-03 22:00:00,Falcons,Komodo Dragons,1,6,https://ormrhl.com/event/4347/,2026-09-11T23:10:27.228428+00:00,2024-2025,regular
4348,Regular Season 2024-2025,2024-10-03,2024-10-03 23:00:00,Grizzlies,Wildcats,3,7,https://ormrhl.com/event/4348/,2026-09-11T23:10:27.228428+00:00,2024-2025,regular
4349,Regular Season 2024-2025,2024-10-07,2024-10-07 20:00:00,Eagles,Wildcats,3,2,https://ormrhl.com/event/4349/,2026-09-11T23:10:27.228428+00:00,2024-2025,regular
4350,Regular Season 2024-2025,2024-10-07,2024-10-07 21:00:00,Falcons,Komodo Dragons,0,2,https://ormrhl.com/event/4350/,2026-09-11T23:10:27.228428+00:00,2024-2025,regular
4351,Regular Season 2024-2025,2024-10-07,2024-10-07 22:00:00,Cobras,Marlins,4,10,https://ormrhl.com/event/4351/,2026-09-11T23:10:27.228428+00:00,2024-2025,regular
4352,Regular Season 2024-2025,2024-10-07,2024-10-07 23:00:00,Grizzlies,Rhinos,8,5,https://ormrhl.com/event/4352/,2026-09-11T23:10:27.228428+00:00,2024-2025,regular
4353,Regular Season 2024-2025,2024-10-10,2024-10-10 20:00:00,Marlins,Wildcats,0,1,https://ormrhl.com/event/4353/,2026-09-11T23:10:27.228428+00:00,2024-2025,regular
4354,Regular Season 2024-2025,2024-10-10,2024-10-10 21:00:00,Eagles,Falcons,7,4,https://ormrhl.com/event/4354/,2026-09-11T23:10:27.228428+00:00,2024-2025,regular
4355,Regular Season 2024-2025,2024-10-10,2024-10-10 22:00:00,Grizzlies,Cobras,10,1,https://ormrhl.com/event/4355/,2026-09-11T23:10:27.228428+00:00,2024-2025,regular
4356,Regular Season 2024-2025,2024-10-10,2024-10-10 23:00:00,Komodo Dragons,Rhinos,3,0,https://ormrhl.com/event/4356/,2026-09-11T23:10:27.228428+00:00,2024-2025,regular
4357,Regular Season 2024-2025,2024-10-17,2024-10-17 20:00:00,Grizzlies,Komodo Dragons,4,2,https://ormrhl.com/event/4357/,2026-09-11T23:10:27.228428+00:00,2024-2025,regular
4358,Regular Season 2024-2025,2024-10-17,2024-10-17 21:00:00,Eagles,Marlins,4,1,https://ormrhl.com/event/4358/,2026-09-11T23:10:27.228428+00:00,2024-2025,regular
4359,Regular Season 2024-2025,2024-10-17,2024-10-17 22:00:00,Falcons,Wildcats,6,4,https://ormrhl.com/event/4359/,2026-09-11T23:10:27.228428+00:00,2024-2025,regular
4360,Regular Season 2024-2025,2024-10-17,2024-10-17 23:00:00,Cobras,Rhinos,1,6,https://ormrhl.com/event/4360/,2026-09-11T23:10:27.228428+00:00,2024-2025,regular
4361,Regular Season 2024-2025,2024-10-21,2024-10-21 20:00:00,Eagles,Komodo Dragons,6,3,https://ormrhl.com/event/4361/,2026-09-11T23:10:27.228428+00:00,2024-2025,regular
4362,Regular Season 2024-2025,2024-10-21,2024-10-21 21:00:00,Falcons,Cobras,3,2,https://ormrhl.com/event/4362/,2026-09-11T23:10:27.228428+00:00,2024-2025,regular
4363,Regular Season 2024-2025,2024-10-21,2024-10-21 22:00:00,Wildcats,Rhinos,6,5,https://ormrhl.com/event/4363/,2026-09-11T23:10:27.228428+00:00,2024-2025,regular
4364,Regular Season 2024-2025,2024-10-21,2024-10-21 23:00:00,Grizzlies,Marlins,10,6,https://ormrhl.com/event/4364/,2026-09-11T23:10:27.228428+00:00,2024-2025,regular
4365,Regular Season 2024-2025,2024-10-24,2024-10-24 20:00:00,Falcons,Rhinos,4,4,https://ormrhl.com/event/4365/,2026-09-11T23:10:27.228428+00:00,2024-2025,regular
4366,Regular Season 2024-2025,2024-10-24,2024-10-24 21:00:00,Marlins,Komodo Dragons,3,9,https://ormrhl.com/event/4366/,2026-09-11T23:10:27.228428+00:00,2024-2025,regular
4367,Regular Season 2024-2025,2024-10-24,2024-10-24 22:00:00,Eagles,Grizzlies,5,0,https://ormrhl.com/event/4367/,2026-09-11T23:10:27.228428+00:00,2024-2025,regular
4368,Regular Season 2024-2025,2024-10-24,2024-10-24 23:00:00,Cobras,Wildcats,6,7,https://ormrhl.com/event/4368/,2026-09-11T23:10:27.228428+00:00,2024-2025,regular
4369,Regular Season 2024-2025,2024-10-28,2024-10-28 20:00:00,Grizzlies,Wildcats,6,5,https://ormrhl.com/event/4369/,2026-09-11T23:10:27.228428+00:00,2024-2025,regular
4370,Regular Season 2024-2025,2024-10-28,2024-10-28 21:00:00,Eagles,Cobras,4,2,https://ormrhl.com/event/4370/,2026-09-11T23:10:27.228428+00:00,2024-2025,regular
4371,Regular Season 2024-2025,2024-10-28,2024-10-28 22:00:00,Falcons,Komodo Dragons,1,4,https://ormrhl.com/event/4371/,2026-09-11T23:10:27.228428+00:00,2024-2025,regular
4372,Regular Season 2024-2025,2024-10-28,2024-10-28 23:00:00,Marlins,Rhinos,8,7,https://ormrhl.com/event/4372/,2026-09-11T23:10:27.228428+00:00,2024-2025,regular
4373,Regular Season 2024-2025,2024-10-31,2024-10-31 20:00:00,Falcons,Marlins,5,6,https://ormrhl.com/event/4373/,2026-09-11T23:10:27.228428+00:00,2024-2025,regular
4374,Regular Season 2024-2025,2024-10-31,2024-10-31 21:00:00,Eagles,Wildcats,5,0,https://ormrhl.com/event/4374/,2026-09-11T23:10:27.228428+00:00,2024-2025,regular
4375,Regular Season 2024-2025,2024-10-31,2024-10-31 22:00:00,Grizzlies,Rhinos,3,6,https://ormrhl.com/event/4375/,2026-09-11T23:10:27.228428+00:00,2024-2025,regular
4376,Regular Season 2024-2025,2024-10-31,2024-10-31 23:00:00,Cobras,Komodo Dragons,2,4,https://ormrhl.com/event/4376/,2026-09-11T23:10:27.228428+00:00,2024-2025,regular
4377,Regular Season 2024-2025,2024-11-04,2024-11-04 20:00:00,Komodo Dragons,Rhinos,6,3,https://ormrhl.com/event/4377/,2026-09-11T23:10:27.228428+00:00,2024-2025,regular
4378,Regular Season 2024-2025,2024-11-04,2024-11-04 21:00:00,Marlins,Wildcats,4,3,https://ormrhl.com/event/4378/,2026-09-11T23:10:27.228428+00:00,2024-2025,regular
4379,Regular Season 2024-2025,2024-11-04,2024-11-04 22:00:00,Grizzlies,Cobras,5,1,https://ormrhl.com/event/4379/,2026-09-11T23:10:27.228428+00:00,2024-2025,regular
4380,Regular Season 2024-2025,2024-11-04,2024-11-04 23:00:00,Eagles,Falcons,3,1,https://ormrhl.com/event/4380/,2026-09-11T23:10:27.228428+00:00,2024-2025,regular
4381,Regular Season 2024-2025,2024-11-07,2024-11-07 20:00:00,Cobras,Marlins,7,6,https://ormrhl.com/event/4381/,2026-09-11T23:10:27.228428+00:00,2024-2025,regular
4382,Regular Season 2024-2025,2024-11-07,2024-11-07 21:00:00,Falcons,Grizzlies,3,3,https://ormrhl.com/event/4382/,2026-09-11T23:10:27.228428+00:00,2024-2025,regular
4383,Regular Season 2024-2025,2024-11-07,2024-11-07 22:00:00,Wildcats,Komodo Dragons,2,9,https://ormrhl.com/event/4383/,2026-09-11T23:10:27.228428+00:00,2024-2025,regular
4384,Regular Season 2024-2025,2024-11-07,2024-11-07 23:00:00,Eagles,Rhinos,5,3,https://ormrhl.com/event/4384/,2026-09-11T23:10:27.228428+00:00,2024-2025,regular
4385,Regular Season 2024-2025,2024-11-11,2024-11-11 20:00:00,Cobras,Rhinos,7,8,https://ormrhl.com/event/4385/,2026-09-11T23:10:27.228428+00:00,2024-2025,regular
4386,Regular Season 2024-2025,2024-11-11,2024-11-11 21:00:00,Grizzlies,Komodo Dragons,5,1,https://ormrhl.com/event/4386/,2026-09-11T23:10:27.228428+00:00,2024-2025,regular
4387,Regular Season 2024-2025,2024-11-11,2024-11-11 22:00:00,Eagles,Marlins,8,2,https://ormrhl.com/event/4387/,2026-09-11T23:10:27.228428+00:00,2024-2025,regular
4388,Regular Season 2024-2025,2024-11-11,2024-11-11 23:00:00,Falcons,Wildcats,3,2,https://ormrhl.com/event/4388/,2026-09-11T23:10:27.228428+00:00,2024-2025,regular
4389,Regular Season 2024-2025,2024-11-14,2024-11-14 20:00:00,Eagles,Komodo Dragons,1,4,https://ormrhl.com/event/4389/,2026-09-11T23:10:27.228428+00:00,2024-2025,regular
4390,Regular Season 2024-2025,2024-11-14,2024-11-14 21:00:00,Wildcats,Rhinos,10,8,https://ormrhl.com/event/4390/,2026-09-11T23:10:27.228428+00:00,2024-2025,regular
4391,Regular Season 2024-2025,2024-11-14,2024-11-14 22:00:00,Falcons,Cobras,4,3,https://ormrhl.com/event/4391/,2026-09-11T23:10:27.228428+00:00,2024-2025,regular
4392,Regular Season 2024-2025,2024-11-14,2024-11-14 23:00:00,Grizzlies,Marlins,5,3,https://ormrhl.com/event/4392/,2026-09-11T23:10:27.228428+00:00,2024-2025,regular
4393,Regular Season 2024-2025,2024-11-18,2024-11-18 19:00:00,Cobras,Wildcats,6,1,https://ormrhl.com/event/4393/,2026-09-11T23:10:27.228428+00:00,2024-2025,regular
4394,Regular Season 2024-2025,2024-11-18,2024-11-18 20:00:00,Eagles,Grizzlies,1,4,https://ormrhl.com/event/4394/,2026-09-11T23:10:27.228428+00:00,2024-2025,regular
4395,Regular Season 2024-2025,2024-11-18,2024-11-18 21:00:00,Marlins,Komodo Dragons,6,7,https://ormrhl.com/event/4395/,2026-09-11T23:10:27.228428+00:00,2024-2025,regular
4396,Regular Season 2024-2025,2024-11-18,2024-11-18 22:00:00,Falcons,Rhinos,2,5,https://ormrhl.com/event/4396/,2026-09-11T23:10:27.228428+00:00,2024-2025,regular
4397,Regular Season 2024-2025,2024-11-21,2024-11-21 20:00:00,Marlins,Rhinos,6,4,https://ormrhl.com/event/4397/,2026-09-11T23:10:27.228428+00:00,2024-2025,regular
4398,Regular Season 2024-2025,2024-11-21,2024-11-21 21:00:00,Grizzlies,Wildcats,11,2,https://ormrhl.com/event/4398/,2026-09-11T23:10:27.228428+00:00,2024-2025,regular
4399,Regular Season 2024-2025,2024-11-21,2024-11-21 22:00:00,Eagles,Cobras,6,1,https://ormrhl.com/event/4399/,2026-09-11T23:10:27.228428+00:00,2024-2025,regular
4400,Regular Season 2024-2025,2024-11-21,2024-11-21 23:00:00,Falcons,Komodo Dragons,3,2,https://ormrhl.com/event/4400/,2026-09-11T23:10:27.228428+00:00,2024-2025,regular
4421,Regular Season 2024-2025,2024-12-12,2024-12-12 20:00:00,Eagles,Grizzlies,1,4,https://ormrhl.com/event/4421/,2026-09-11T23:10:27.228428+00:00,2024-2025,regular
4422,Regular Season 2024-2025,2024-12-12,2024-12-12 21:00:00,Cobras,Wildcats,8,5,https://ormrhl.com/event/4422/,2026-09-11T23:10:27.228428+00:00,2024-2025,regular
4423,Regular Season 2024-2025,2024-12-12,2024-12-12 22:00:00,Falcons,Rhinos,0,8,https://ormrhl.com/event/4423/,2026-09-11T23:10:27.228428+00:00,2024-2025,regular
4424,Regular Season 2024-2025,2024-12-12,2024-12-12 23:00:00,Marlins,Komodo Dragons,2,5,https://ormrhl.com/event/4424/,2026-09-11T23:10:27.228428+00:00,2024-2025,regular
4425,Regular Season 2024-2025,2024-12-16,2024-12-16 20:00:00,Cobras,Komodo Dragons,5,2,https://ormrhl.com/event/4425/,2026-09-11T23:10:27.228428+00:00,2024-2025,regular
4426,Regular Season 2024-2025,2024-12-16,2024-12-16 21:00:00,Falcons,Marlins,4,7,https://ormrhl.com/event/4426/,2026-09-11T23:10:27.228428+00:00,2024-2025,regular
4427,Regular Season 2024-2025,2024-12-16,2024-12-16 22:00:00,Eagles,Wildcats,7,4,https://ormrhl.com/event/4427/,2026-09-11T23:10:27.228428+00:00,2024-2025,regular
4428,Regular Season 2024-2025,2024-12-16,2024-12-16 23:00:00,Grizzlies,Rhinos,6,3,https://ormrhl.com/event/4428/,2026-09-11T23:10:27.228428+00:00,2024-2025,regular
4429,Regular Season 2024-2025,2024-12-19,2024-12-19 20:00:00,Eagles,Komodo Dragons,3,2,https://ormrhl.com/event/4429/,2026-09-11T23:10:27.228428+00:00,2024-2025,regular
4430,Regular Season 2024-2025,2024-12-19,2024-12-19 21:00:00,Wildcats,Rhinos,1,6,https://ormrhl.com/event/4430/,2026-09-11T23:10:27.228428+00:00,2024-2025,regular
4431,Regular Season 2024-2025,2024-12-19,2024-12-19 22:00:00,Marlins,Grizzlies,4,2,https://ormrhl.com/event/4431/,2026-09-11T23:10:27.228428+00:00,2024-2025,regular
4432,Regular Season 2024-2025,2024-12-19,2024-12-19 23:00:00,Falcons,Cobras,2,5,https://ormrhl.com/event/4432/,2026-09-11T23:10:27.228428+00:00,2024-2025,regular
4433,Regular Season 2024-2025,2024-12-23,2024-12-23 20:00:00,Falcons,Cobras,1,2,https://ormrhl.com/event/4433/,2026-09-11T23:10:27.228428+00:00,2024-2025,regular
4434,Regular Season 2024-2025,2024-12-23,2024-12-23 21:00:00,Marlins,Grizzlies,7,6,https://ormrhl.com/event/4434/,2026-09-11T23:10:27.228428+00:00,2024-2025,regular
4435,Regular Season 2024-2025,2024-12-23,2024-12-23 22:00:00,Wildcats,Rhinos,4,9,https://ormrhl.com/event/4435/,2026-09-11T23:10:27.228428+00:00,2024-2025,regular
4436,Regular Season 2024-2025,2024-12-23,2024-12-23 23:00:00,Eagles,Komodo Dragons,4,3,https://ormrhl.com/event/4436/,2026-09-11T23:10:27.228428+00:00,2024-2025,regular
4437,Regular Season 2024-2025,2025-01-02,2025-01-02 20:00:00,Eagles,Grizzlies,5,2,https://ormrhl.com/event/4437/,2026-09-11T23:10:27.228428+00:00,2024-2025,regular
4438,Regular Season 2024-2025,2025-01-02,2025-01-02 21:00:00,Cobras,Wildcats,1,3,https://ormrhl.com/event/4438/,2026-09-11T23:10:27.228428+00:00,2024-2025,regular
4439,Regular Season 2024-2025,2025-01-02,2025-01-02 22:00:00,Falcons,Rhinos,2,7,https://ormrhl.com/event/4439/,2026-09-11T23:10:27.228428+00:00,2024-2025,regular
4440,Regular Season 2024-2025,2025-01-02,2025-01-02 23:00:00,Marlins,Komodo Dragons,1,7,https://ormrhl.com/event/4440/,2026-09-11T23:10:27.228428+00:00,2024-2025,regular
4441,Regular Season 2024-2025,2025-01-06,2025-01-06 20:00:00,Falcons,Komodo Dragons,2,3,https://ormrhl.com/event/4441/,2026-09-11T23:10:27.228428+00:00,2024-2025,regular
4442,Regular Season 2024-2025,2025-01-06,2025-01-06 21:00:00,Marlins,Rhinos,4,6,https://ormrhl.com/event/4442/,2026-09-11T23:10:27.228428+00:00,2024-2025,regular
4443,Regular Season 2024-2025,2025-01-06,2025-01-06 22:00:00,Grizzlies,Wildcats,12,5,https://ormrhl.com/event/4443/,2026-09-11T23:10:27.228428+00:00,2024-2025,regular
4444,Regular Season 2024-2025,2025-01-06,2025-01-06 23:00:00,Eagles,Cobras,9,4,https://ormrhl.com/event/4444/,2026-09-11T23:10:27.228428+00:00,2024-2025,regular
4449,Regular Season 2024-2025,2025-01-09,2025-01-09 20:00:00,Eagles,Wildcats,7,5,https://ormrhl.com/event/4449/,2026-09-11T23:10:27.228428+00:00,2024-2025,regular
4450,Regular Season 2024-2025,2025-01-09,2025-01-09 21:00:00,Grizzlies,Rhinos,5,6,https://ormrhl.com/event/4450/,2026-09-11T23:10:27.228428+00:00,2024-2025,regular
4451,Regular Season 2024-2025,2025-01-09,2025-01-09 22:00:00,Cobras,Komodo Dragons,4,3,https://ormrhl.com/event/4451/,2026-09-11T23:10:27.228428+00:00,2024-2025,regular
4452,Regular Season 2024-2025,2025-01-09,2025-01-09 23:00:00,Falcons,Marlins,5,1,https://ormrhl.com/event/4452/,2026-09-11T23:10:27.228428+00:00,2024-2025,regular
4453,Regular Season 2024-2025,2025-01-13,2025-01-13 20:00:00,Wildcats,Komodo Dragons,4,11,https://ormrhl.com/event/4453/,2026-09-11T23:10:27.228428+00:00,2024-2025,regular
4454,Regular Season 2024-2025,2025-01-13,2025-01-13 21:00:00,Eagles,Rhinos,5,2,https://ormrhl.com/event/4454/,2026-09-11T23:10:27.228428+00:00,2024-2025,regular
4455,Regular Season 2024-2025,2025-01-13,2025-01-13 22:00:00,Cobras,Marlins,2,5,https://ormrhl.com/event/4455/,2026-09-11T23:10:27.228428+00:00,2024-2025,regular
4456,Regular Season 2024-2025,2025-01-13,2025-01-13 23:00:00,Falcons,Grizzlies,1,4,https://ormrhl.com/event/4456/,2026-09-11T23:10:27.228428+00:00,2024-2025,regular
4457,Regular Season 2024-2025,2025-01-16,2025-01-16 20:00:00,Marlins,Wildcats,9,5,https://ormrhl.com/event/4457/,2026-09-11T23:10:27.228428+00:00,2024-2025,regular
4458,Regular Season 2024-2025,2025-01-16,2025-01-16 21:00:00,Grizzlies,Cobras,9,3,https://ormrhl.com/event/4458/,2026-09-11T23:10:27.228428+00:00,2024-2025,regular
4459,Regular Season 2024-2025,2025-01-16,2025-01-16 22:00:00,Komodo Dragons,Rhinos,7,3,https://ormrhl.com/event/4459/,2026-09-11T23:10:27.228428+00:00,2024-2025,regular
4460,Regular Season 2024-2025,2025-01-16,2025-01-16 23:00:00,Eagles,Falcons,8,0,https://ormrhl.com/event/4460/,2026-09-11T23:10:27.228428+00:00,2024-2025,regular
4461,Regular Season 2024-2025,2025-01-20,2025-01-20 20:00:00,Falcons,Cobras,2,3,https://ormrhl.com/event/4461/,2026-09-11T23:10:27.228428+00:00,2024-2025,regular
4462,Regular Season 2024-2025,2025-01-20,2025-01-20 21:00:00,Grizzlies,Marlins,9,2,https://ormrhl.com/event/4462/,2026-09-11T23:10:27.228428+00:00,2024-2025,regular
4463,Regular Season 2024-2025,2025-01-20,2025-01-20 22:00:00,Eagles,Komodo Dragons,3,6,https://ormrhl.com/event/4463/,2026-09-11T23:10:27.228428+00:00,2024-2025,regular
4464,Regular Season 2024-2025,2025-01-20,2025-01-20 23:00:00,Wildcats,Rhinos,10,8,https://ormrhl.com/event/4464/,2026-09-11T23:10:27.228428+00:00,2024-2025,regular
4465,Regular Season 2024-2025,2025-01-23,2025-01-23 20:00:00,Eagles,Marlins,2,1,https://ormrhl.com/event/4465/,2026-09-11T23:10:27.228428+00:00,2024-2025,regular
4466,Regular Season 2024-2025,2025-01-23,2025-01-23 21:00:00,Falcons,Wildcats,3,3,https://ormrhl.com/event/4466/,2026-09-11T23:10:27.228428+00:00,2024-2025,regular
4467,Regular Season 2024-2025,2025-01-23,2025-01-23 22:00:00,Cobras,Rhinos,3,6,https://ormrhl.com/event/4467/,2026-09-11T23:10:27.228428+00:00,2024-2025,regular
4468,Regular Season 2024-2025,2025-01-23,2025-01-23 23:00:00,Grizzlies,Komodo Dragons,2,3,https://ormrhl.com/event/4468/,2026-09-11T23:10:27.228428+00:00,2024-2025,regular
4469,Regular Season 2024-2025,2025-01-27,2025-01-27 20:00:00,Eagles,Cobras,5,2,https://ormrhl.com/event/4469/,2026-09-11T23:10:27.228428+00:00,2024-2025,regular
4470,Regular Season 2024-2025,2025-01-27,2025-01-27 21:00:00,Marlins,Rhinos,3,6,https://ormrhl.com/event/4470/,2026-09-11T23:10:27.228428+00:00,2024-2025,regular
4471,Regular Season 2024-2025,2025-01-27,2025-01-27 22:00:00,Falcons,Komodo Dragons,2,6,https://ormrhl.com/event/4471/,2026-09-11T23:10:27.228428+00:00,2024-2025,regular
4472,Regular Season 2024-2025,2025-01-27,2025-01-27 23:00:00,Grizzlies,Wildcats,8,4,https://ormrhl.com/event/4472/,2026-09-11T23:10:27.228428+00:00,2024-2025,regular
4473,Regular Season 2024-2025,2025-01-30,2025-01-30 20:00:00,Falcons,Rhinos,4,8,https://ormrhl.com/event/4473/,2026-09-11T23:10:27.228428+00:00,2024-2025,regular
4474,Regular Season 2024-2025,2025-01-30,2025-01-30 21:00:00,Marlins,Komodo Dragons,3,4,https://ormrhl.com/event/4474/,2026-09-11T23:10:27.228428+00:00,2024-2025,regular
4475,Regular Season 2024-2025,2025-01-30,2025-01-30 22:00:00,Eagles,Grizzlies,6,1,https://ormrhl.com/event/4475/,2026-09-11T23:10:27.228428+00:00,2024-2025,regular
4476,Regular Season 2024-2025,2025-01-30,2025-01-30 23:00:00,Cobras,Wildcats,7,6,https://ormrhl.com/event/4476/,2026-09-11T23:10:27.228428+00:00,2024-2025,regular
4477,Regular Season 2024-2025,2025-02-03,2025-02-03 20:00:00,Komodo Dragons,Rhinos,11,6,https://ormrhl.com/event/4477/,2026-09-11T23:10:27.228428+00:00,2024-2025,regular
4478,Regular Season 2024-2025,2025-02-03,2025-02-03 21:00:00,Eagles,Falcons,3,1,https://ormrhl.com/event/4478/,2026-09-11T23:10:27.228428+00:00,2024-2025,regular
4479,Regular Season 2024-2025,2025-02-03,2025-02-03 22:00:00,Grizzlies,Cobras,6,1,https://ormrhl.com/event/4479/,2026-09-11T23:10:27.228428+00:00,2024-2025,regular
4480,Regular Season 2024-2025,2025-02-03,2025-02-03 23:00:00,Marlins,Wildcats,7,6,https://ormrhl.com/event/4480/,2026-09-11T23:10:27.228428+00:00,2024-2025,regular
4481,Regular Season 2024-2025,2025-02-06,2025-02-06 20:00:00,Eagles,Wildcats,6,3,https://ormrhl.com/event/4481/,2026-09-11T23:10:27.228428+00:00,2024-2025,regular
4482,Regular Season 2024-2025,2025-02-06,2025-02-06 21:00:00,Cobras,Komodo Dragons,1,4,https://ormrhl.com/event/4482/,2026-09-11T23:10:27.228428+00:00,2024-2025,regular
4483,Regular Season 2024-2025,2025-02-06,2025-02-06 22:00:00,Falcons,Marlins,4,2,https://ormrhl.com/event/4483/,2026-09-11T23:10:27.228428+00:00,2024-2025,regular
4484,Regular Season 2024-2025,2025-02-06,2025-02-06 23:00:00,Grizzlies,Rhinos,1,9,https://ormrhl.com/event/4484/,2026-09-11T23:10:27.228428+00:00,2024-2025,regular
4485,Regular Season 2024-2025,2025-02-10,2025-02-10 20:00:00,Cobras,Marlins,4,9,https://ormrhl.com/event/4485/,2026-09-11T23:10:27.228428+00:00,2024-2025,regular
4486,Regular Season 2024-2025,2025-02-10,2025-02-10 21:00:00,Wildcats,Komodo Dragons,4,6,https://ormrhl.com/event/4486/,2026-09-11T23:10:27.228428+00:00,2024-2025,regular
4487,Regular Season 2024-2025,2025-02-10,2025-02-10 22:00:00,Eagles,Rhinos,2,5,https://ormrhl.com/event/4487/,2026-09-11T23:10:27.228428+00:00,2024-2025,regular
4488,Regular Season 2024-2025,2025-02-10,2025-02-10 23:00:00,Falcons,Grizzlies,2,3,https://ormrhl.com/event/4488/,2026-09-11T23:10:27.228428+00:00,2024-2025,regular
4489,Regular Season 2024-2025,2025-02-13,2025-02-13 20:00:00,Grizzlies,Komodo Dragons,3,6,https://ormrhl.com/event/4489/,2026-09-11T23:10:27.228428+00:00,2024-2025,regular
4490,Regular Season 2024-2025,2025-02-13,2025-02-13 21:00:00,Eagles,Marlins,4,2,https://ormrhl.com/event/4490/,2026-09-11T23:10:27.228428+00:00,2024-2025,regular
4491,Regular Season 2024-2025,2025-02-13,2025-02-13 22:00:00,Falcons,Wildcats,3,2,https://ormrhl.com/event/4491/,2026-09-11T23:10:27.228428+00:00,2024-2025,regular
4492,Regular Season 2024-2025,2025-02-13,2025-02-13 23:00:00,Cobras,Rhinos,0,1,https://ormrhl.com/event/4492/,2026-09-11T23:10:27.228428+00:00,2024-2025,regular
4497,Regular Season 2024-2025,2025-02-24,2025-02-24 20:00:00,Grizzlies,Wildcats,1,2,https://ormrhl.com/event/4497/,2026-09-11T23:10:27.228428+00:00,2024-2025,regular
4498,Regular Season 2024-2025,2025-02-24,2025-02-24 21:00:00,Eagles,Cobras,5,3,https://ormrhl.com/event/4498/,2026-09-11T23:10:27.228428+00:00,2024-2025,regular
4499,Regular Season 2024-2025,2025-02-24,2025-02-24 22:00:00,Marlins,Rhinos,8,9,https://ormrhl.com/event/4499/,2026-09-11T23:10:27.228428+00:00,2024-2025,regular
4500,Regular Season 2024-2025,2025-02-24,2025-02-24 23:00:00,Falcons,Komodo Dragons,2,3,https://ormrhl.com/event/4500/,2026-09-11T23:10:27.228428+00:00,2024-2025,regular
4501,Regular Season 2024-2025,2025-02-27,2025-02-27 20:00:00,Grizzlies,Rhinos,6,9,https://ormrhl.com/event/4501/,2026-09-11T23:10:27.228428+00:00,2024-2025,regular
4502,Regular Season 2024-2025,2025-02-27,2025-02-27 21:00:00,Cobras,Komodo Dragons,3,13,https://ormrhl.com/event/4502/,2026-09-11T23:10:27.228428+00:00,2024-2025,regular
4503,Regular Season 2024-2025,2025-02-27,2025-02-27 22:00:00,Eagles,Wildcats,5,1,https://ormrhl.com/event/4503/,2026-09-11T23:10:27.228428+00:00,2024-2025,regular
4504,Regular Season 2024-2025,2025-02-27,2025-02-27 23:00:00,Falcons,Marlins,4,7,https://ormrhl.com/event/4504/,2026-09-11T23:10:27.228428+00:00,2024-2025,regular
4505,Regular Season 2024-2025,2025-03-03,2025-03-03 20:00:00,Marlins,Wildcats,5,7,https://ormrhl.com/event/4505/,2026-09-11T23:10:27.228428+00:00,2024-2025,regular
4506,Regular Season 2024-2025,2025-03-03,2025-03-03 21:00:00,Komodo Dragons,Rhinos,4,3,https://ormrhl.com/event/4506/,2026-09-11T23:10:27.228428+00:00,2024-2025,regular
4507,Regular Season 2024-2025,2025-03-03,2025-03-03 22:00:00,Eagles,Falcons,2,2,https://ormrhl.com/event/4507/,2026-09-11T23:10:27.228428+00:00,2024-2025,regular
4508,Regular Season 2024-2025,2025-03-03,2025-03-03 23:00:00,Grizzlies,Cobras,4,2,https://ormrhl.com/event/4508/,2026-09-11T23:10:27.228428+00:00,2024-2025,regular
4509,Regular Season 2024-2025,2025-03-06,2025-03-06 20:00:00,Falcons,Grizzlies,4,5,https://ormrhl.com/event/4509/,2026-09-11T23:10:27.228428+00:00,2024-2025,regular
4510,Regular Season 2024-2025,2025-03-06,2025-03-06 21:00:00,Cobras,Marlins,4,6,https://ormrhl.com/event/4510/,2026-09-11T23:10:27.228428+00:00,2024-2025,regular
4511,Regular Season 2024-2025,2025-03-06,2025-03-06 22:00:00,Wildcats,Komodo Dragons,3,2,https://ormrhl.com/event/4511/,2026-09-11T23:10:27.228428+00:00,2024-2025,regular
4512,Regular Season 2024-2025,2025-03-06,2025-03-06 23:00:00,Eagles,Rhinos,3,1,https://ormrhl.com/event/4512/,2026-09-11T23:10:27.228428+00:00,2024-2025,regular
4816,Playoffs 2025,2025-03-17,2025-03-17 20:00:00,Eagles,Cobras,4,3,https://ormrhl.com/event/4816/,2026-09-11T23:10:27.228428+00:00,2024-2025,playoffs
4817,Playoffs 2025,2025-03-17,2025-03-17 21:00:00,Komodo Dragons,Falcons,3,0,https://ormrhl.com/event/4817/,2026-09-11T23:10:27.228428+00:00,2024-2025,playoffs
4818,Playoffs 2025,2025-03-17,2025-03-17 22:00:00,Grizzlies,Wildcats,6,3,https://ormrhl.com/event/4818/,2026-09-11T23:10:27.228428+00:00,2024-2025,playoffs
4819,Playoffs 2025,2025-03-17,2025-03-17 23:00:00,Rhinos,Marlins,5,6,https://ormrhl.com/event/4819/,2026-09-11T23:10:27.228428+00:00,2024-2025,playoffs
4820,Playoffs 2025,2025-03-20,2025-03-20 20:00:00,Komodo Dragons,Wildcats,5,3,https://ormrhl.com/event/4820/,2026-09-11T23:10:27.228428+00:00,2024-2025,playoffs
4821,Playoffs 2025,2025-03-20,2025-03-20 21:00:00,Grizzlies,Marlins,4,2,https://ormrhl.com/event/4821/,2026-09-11T23:10:27.228428+00:00,2024-2025,playoffs
4822,Playoffs 2025,2025-03-20,2025-03-20 22:00:00,Rhinos,Cobras,8,3,https://ormrhl.com/event/4822/,2026-09-11T23:10:27.228428+00:00,2024-2025,playoffs
4823,Playoffs 2025,2025-03-20,2025-03-20 23:00:00,Eagles,Falcons,0,3,https://ormrhl.com/event/4823/,2026-09-11T23:10:27.228428+00:00,2024-2025,playoffs
4824,Playoffs 2025,2025-03-24,2025-03-24 20:00:00,Grizzlies,Rhinos,1,2,https://ormrhl.com/event/4824/,2026-09-11T23:10:27.228428+00:00,2024-2025,playoffs
4825,Playoffs 2025,2025-03-24,2025-03-24 21:00:00,Eagles,Wildcats,5,8,https://ormrhl.com/event/4825/,2026-09-11T23:10:27.228428+00:00,2024-2025,playoffs
4826,Playoffs 2025,2025-03-24,2025-03-24 22:00:00,Marlins,Komodo Dragons,4,3,https://ormrhl.com/event/4826/,2026-09-11T23:10:27.228428+00:00,2024-2025,playoffs
4827,Playoffs 2025,2025-03-24,2025-03-24 23:00:00,Falcons,Cobras,4,6,https://ormrhl.com/event/4827/,2026-09-11T23:10:27.228428+00:00,2024-2025,playoffs
4828,Playoffs 2025,2025-03-27,2025-03-27 20:00:00,Wildcats,Falcons,7,1,https://ormrhl.com/event/4828/,2026-09-11T23:10:27.228428+00:00,2024-2025,playoffs
4829,Playoffs 2025,2025-03-27,2025-03-27 21:00:00,Grizzlies,Cobras,9,0,https://ormrhl.com/event/4829/,2026-09-11T23:10:27.228428+00:00,2024-2025,playoffs
4830,Playoffs 2025,2025-03-27,2025-03-27 22:00:00,Eagles,Marlins,2,4,https://ormrhl.com/event/4830/,2026-09-11T23:10:27.228428+00:00,2024-2025,playoffs
4831,Playoffs 2025,2025-03-27,2025-03-27 23:00:00,Komodo Dragons,Rhinos,1,5,https://ormrhl.com/event/4831/,2026-09-11T23:10:27.228428+00:00,2024-2025,playoffs
4832,Playoffs 2025,2025-03-31,2025-03-31 20:00:00,Eagles,Rhinos,5,4,https://ormrhl.com/event/4832/,2026-09-11T23:10:27.228428+00:00,2024-2025,playoffs
4833,Playoffs 2025,2025-03-31,2025-03-31 21:00:00,Marlins,Falcons,1,4,https://ormrhl.com/event/4833/,2026-09-11T23:10:27.228428+00:00,2024-2025,playoffs
4834,Playoffs 2025,2025-03-31,2025-03-31 22:00:00,Wildcats,Cobras,8,3,https://ormrhl.com/event/4834/,2026-09-11T23:10:27.228428+00:00,2024-2025,playoffs
4835,Playoffs 2025,2025-03-31,2025-03-31 23:00:00,Grizzlies,Komodo Dragons,4,4,https://ormrhl.com/event/4835/,2026-09-11T23:10:27.228428+00:00,2024-2025,playoffs
4836,Playoffs 2025,2025-04-03,2025-04-03 20:00:00,Eagles,Grizzlies,1,7,https://ormrhl.com/event/4836/,2026-09-11T23:10:27.228428+00:00,2024-2025,playoffs
4837,Playoffs 2025,2025-04-03,2025-04-03 21:00:00,Komodo Dragons,Cobras,3,1,https://ormrhl.com/event/4837/,2026-09-11T23:10:27.228428+00:00,2024-2025,playoffs
4838,Playoffs 2025,2025-04-03,2025-04-03 22:00:00,Rhinos,Falcons,2,4,https://ormrhl.com/event/4838/,2026-09-11T23:10:27.228428+00:00,2024-2025,playoffs
4839,Playoffs 2025,2025-04-03,2025-04-03 23:00:00,Marlins,Wildcats,5,4,https://ormrhl.com/event/4839/,2026-09-11T23:10:27.228428+00:00,2024-2025,playoffs
4840,Playoffs 2025,2025-04-07,2025-04-07 20:00:00,Eagles,Komodo Dragons,1,3,https://ormrhl.com/event/4840/,2026-09-11T23:10:27.228428+00:00,2024-2025,playoffs
4841,Playoffs 2025,2025-04-07,2025-04-07 21:00:00,Rhinos,Wildcats,2,4,https://ormrhl.com/event/4841/,2026-09-11T23:10:27.228428+00:00,2024-2025,playoffs
4842,Playoffs 2025,2025-04-07,2025-04-07 22:00:00,Marlins,Cobras,5,2,https://ormrhl.com/event/4842/,2026-09-11T23:10:27.228428+00:00,2024-2025,playoffs
4843,Playoffs 2025,2025-04-07,2025-04-07 23:00:00,Grizzlies,Falcons,7,1,https://ormrhl.com/event/4843/,2026-09-11T23:10:27.228428+00:00,2024-2025,playoffs
4844,Playoffs 2025,2025-04-10,2025-04-10 20:00:00,Komodo Dragons,Marlins,5,2,https://ormrhl.com/event/4844/,2026-09-11T23:10:27.228428+00:00,2024-2025,playoffs
4845,Playoffs 2025,2025-04-10,2025-04-10 21:00:00,Rhinos,Falcons,8,3,https://ormrhl.com/event/4845/,2026-09-11T23:10:27.228428+00:00,2024-2025,playoffs
4846,Playoffs 2025,2025-04-10,2025-04-10 22:00:00,Eagles,Wildcats,1,0,https://ormrhl.com/event/4846/,2026-09-11T23:10:27.228428+00:00,2024-2025,playoffs
4847,Playoffs 2025,2025-04-10,2025-04-10 23:00:00,Cobras,Grizzlies,1,7,https://ormrhl.com/event/4847/,2026-09-11T23:10:27.228428+00:00,2024-2025,playoffs
4848,Playoffs 2025,2025-04-14,2025-04-14 20:00:00,Komodo Dragons,Cobras,9,6,https://ormrhl.com/event/4848/,2026-09-11T23:10:27.228428+00:00,2024-2025,playoffs
4849,Playoffs 2025,2025-04-14,2025-04-14 21:00:00,Eagles,Falcons,4,5,https://ormrhl.com/event/4849/,2026-09-11T23:10:27.228428+00:00,2024-2025,playoffs
4850,Playoffs 2025,2025-04-16,2025-04-16 20:30:00,Grizzlies,Marlins,4,1,https://ormrhl.com/event/4850/,2026-09-11T23:10:27.228428+00:00,2024-2025,playoffs
4851,Playoffs 2025,2025-04-16,2025-04-16 21:30:00,Rhinos,Wildcats,10,4,https://ormrhl.com/event/4851/,2026-09-11T23:10:27.228428+00:00,2024-2025,playoffs
4852,Playoffs 2025,2025-04-17,2025-04-17 20:00:00,Rhinos,Marlins,5,0,https://ormrhl.com/event/4852/,2026-09-11T23:10:27.228428+00:00,2024-2025,playoffs
4853,Playoffs 2025,2025-04-17,2025-04-17 21:00:00,Grizzlies,Wildcats,5,10,https://ormrhl.com/event/4853/,2026-09-11T23:10:27.228428+00:00,2024-2025,playoffs
4854,Playoffs 2025,2025-04-17,2025-04-17 22:00:00,Komodo Dragons,Falcons,4,5,https://ormrhl.com/event/4854/,2026-09-11T23:10:27.228428+00:00,2024-2025,playoffs
4855,Playoffs 2025,2025-04-17,2025-04-17 23:00:00,Eagles,Cobras,7,1,https://ormrhl.com/event/4855/,2026-09-11T23:10:27.228428+00:00,2024-2025,playoffs
a-division-grizzlies-vs-komodo-dragons,Playoffs 2025,2025-04-19,2025-04-19 15:30:57,Grizzlies,Komodo Dragons,6,5,https://ormrhl.com/event/a-division-grizzlies-vs-komodo-dragons/,2026-09-11T23:10:27.228428+00:00,2024-2025,playoffs
b-division-rhinos-vs-wildcats,Playoffs 2025,2025-04-19,2025-04-19 14:00:28,Rhinos,Wildcats,6,2,https://ormrhl.com/event/b-division-rhinos-vs-wildcats/,2026-09-11T23:10:27.228428+00:00,2024-2025,playoffs
c-division-1-v-2,Playoffs 2025,2025-04-19,2025-04-19 13:00:54,Eagles,Marlins,5,6,https://ormrhl.com/event/c-division-1-v-2/,2026-09-11T23:10:27.228428+00:00,2024-2025,playoffs
eagles-vs-cobras,Playoffs 2025,2025-04-19,2025-04-19 11:00:57,Eagles,Cobras,7,4,https://ormrhl.com/event/eagles-vs-cobras/,2026-09-11T23:10:27.228428+00:00,2024-2025,playoffs
marlins-vs-falcons-3,Playoffs 2025,2025-04-19,2025-04-19 11:45:23,Marlins,Falcons,8,7,https://ormrhl.com/event/marlins-vs-falcons-3/,2026-09-11T23:10:27.228428+00:00,2024-2025,playoffs
5063,Regular Season 2025-2026,2025-09-15,2025-09-15 20:00:00,Eagles,Komodo Dragons,4,3,https://ormrhl.com/event/5063/,2026-09-11T23:10:27.228428+00:00,2025-2026,regular
5064,Regular Season 2025-2026,2025-09-15,2025-09-15 21:00:00,Wildcats,Kings,1,4,https://ormrhl.com/event/5064/,2026-09-11T23:10:27.228428+00:00,2025-2026,regular
5066,Regular Season 2025-2026,2025-09-15,2025-09-15 22:00:00,Leafs,Grizzlies,5,3,https://ormrhl.com/event/5066/,2026-09-11T23:10:27.228428+00:00,2025-2026,regular
5068,Regular Season 2025-2026,2025-09-15,2025-09-15 23:00:00,Rhinos,Cobras,4,2,https://ormrhl.com/event/5068/,2026-09-11T23:10:27.228428+00:00,2025-2026,regular
5069,Regular Season 2025-2026,2025-09-18,2025-09-18 20:00:00,Eagles,Kings,8,4,https://ormrhl.com/event/5069/,2026-09-11T23:10:27.228428+00:00,2025-2026,regular
5070,Regular Season 2025-2026,2025-09-18,2025-09-18 21:00:00,Komodo Dragons,Grizzlies,5,2,https://ormrhl.com/event/5070/,2026-09-11T23:10:27.228428+00:00,2025-2026,regular
5071,Regular Season 2025-2026,2025-09-18,2025-09-18 22:00:00,Wildcats,Cobras,4,7,https://ormrhl.com/event/5071/,2026-09-11T23:10:27.228428+00:00,2025-2026,regular
5072,Regular Season 2025-2026,2025-09-18,2025-09-18 23:00:00,Leafs,Rhinos,3,6,https://ormrhl.com/event/5072/,2026-09-11T23:10:27.228428+00:00,2025-2026,regular
5073,Regular Season 2025-2026,2025-09-22,2025-09-22 20:00:00,Kings,Cobras,6,0,https://ormrhl.com/event/5073/,2026-09-11T23:10:27.228428+00:00,2025-2026,regular
5074,Regular Season 2025-2026,2025-09-22,2025-09-22 21:00:00,Eagles,Grizzlies,4,6,https://ormrhl.com/event/5074/,2026-09-11T23:10:27.228428+00:00,2025-2026,regular
5075,Regular Season 2025-2026,2025-09-22,2025-09-22 22:00:00,Komodo Dragons,Rhinos,1,2,https://ormrhl.com/event/5075/,2026-09-11T23:10:27.228428+00:00,2025-2026,regular
5076,Regular Season 2025-2026,2025-09-22,2025-09-22 23:00:00,Wildcats,Leafs,2,6,https://ormrhl.com/event/5076/,2026-09-11T23:10:27.228428+00:00,2025-2026,regular
5077,Regular Season 2025-2026,2025-09-25,2025-09-25 20:00:00,Grizzlies,Rhinos,3,4,https://ormrhl.com/event/5077/,2026-09-11T23:10:27.228428+00:00,2025-2026,regular
5078,Regular Season 2025-2026,2025-09-25,2025-09-25 21:00:00,Eagles,Cobras,3,6,https://ormrhl.com/event/5078/,2026-09-11T23:10:27.228428+00:00,2025-2026,regular
5079,Regular Season 2025-2026,2025-09-25,2025-09-25 22:00:00,Kings,Leafs,3,4,https://ormrhl.com/event/5079/,2026-09-11T23:10:27.228428+00:00,2025-2026,regular
5080,Regular Season 2025-2026,2025-09-25,2025-09-25 23:00:00,Komodo Dragons,Wildcats,3,4,https://ormrhl.com/event/5080/,2026-09-11T23:10:27.228428+00:00,2025-2026,regular
5081,Regular Season 2025-2026,2025-09-29,2025-09-29 20:00:00,Eagles,Rhinos,7,3,https://ormrhl.com/event/5081/,2026-09-11T23:10:27.228428+00:00,2025-2026,regular
5082,Regular Season 2025-2026,2025-09-29,2025-09-29 21:00:00,Cobras,Leafs,2,4,https://ormrhl.com/event/5082/,2026-09-11T23:10:27.228428+00:00,2025-2026,regular
5083,Regular Season 2025-2026,2025-09-29,2025-09-29 22:00:00,Grizzlies,Wildcats,4,1,https://ormrhl.com/event/5083/,2026-09-11T23:10:27.228428+00:00,2025-2026,regular
5084,Regular Season 2025-2026,2025-09-29,2025-09-29 23:00:00,Kings,Komodo Dragons,3,0,https://ormrhl.com/event/5084/,2026-09-11T23:10:27.228428+00:00,2025-2026,regular
5085,Regular Season 2025-2026,2025-10-02,2025-10-02 20:00:00,Eagles,Leafs,1,7,https://ormrhl.com/event/5085/,2026-09-11T23:10:27.228428+00:00,2025-2026,regular
5086,Regular Season 2025-2026,2025-10-02,2025-10-02 21:00:00,Rhinos,Wildcats,6,4,https://ormrhl.com/event/5086/,2026-09-11T23:10:27.228428+00:00,2025-2026,regular
5087,Regular Season 2025-2026,2025-10-02,2025-10-02 22:00:00,Cobras,Komodo Dragons,6,3,https://ormrhl.com/event/5087/,2026-09-11T23:10:27.228428+00:00,2025-2026,regular
5088,Regular Season 2025-2026,2025-10-02,2025-10-02 23:00:00,Grizzlies,Kings,0,2,https://ormrhl.com/event/5088/,2026-09-11T23:10:27.228428+00:00,2025-2026,regular
5089,Regular Season 2025-2026,2025-10-06,2025-10-06 20:00:00,Leafs,Komodo Dragons,4,1,https://ormrhl.com/event/5089/,2026-09-11T23:10:27.228428+00:00,2025-2026,regular
5090,Regular Season 2025-2026,2025-10-06,2025-10-06 21:00:00,Rhinos,Kings,2,11,https://ormrhl.com/event/5090/,2026-09-11T23:10:27.228428+00:00,2025-2026,regular
5091,Regular Season 2025-2026,2025-10-06,2025-10-06 22:00:00,Eagles,Wildcats,5,2,https://ormrhl.com/event/5091/,2026-09-11T23:10:27.228428+00:00,2025-2026,regular
5092,Regular Season 2025-2026,2025-10-06,2025-10-06 23:00:00,Cobras,Grizzlies,6,3,https://ormrhl.com/event/5092/,2026-09-11T23:10:27.228428+00:00,2025-2026,regular
5093,Regular Season 2025-2026,2025-10-09,2025-10-09 20:00:00,Kings,Wildcats,14,2,https://ormrhl.com/event/5093/,2026-09-11T23:10:27.228428+00:00,2025-2026,regular
5094,Regular Season 2025-2026,2025-10-09,2025-10-09 21:00:00,Grizzlies,Leafs,1,4,https://ormrhl.com/event/5094/,2026-09-11T23:10:27.228428+00:00,2025-2026,regular
5095,Regular Season 2025-2026,2025-10-09,2025-10-09 22:00:00,Komodo Dragons,Eagles,7,4,https://ormrhl.com/event/5095/,2026-09-11T23:10:27.228428+00:00,2025-2026,regular
5096,Regular Season 2025-2026,2025-10-09,2025-10-09 23:00:00,Cobras,Rhinos,4,6,https://ormrhl.com/event/5096/,2026-09-11T23:10:27.228428+00:00,2025-2026,regular
5097,Regular Season 2025-2026,2025-10-16,2025-10-16 20:00:00,Kings,Eagles,6,5,https://ormrhl.com/event/5097/,2026-09-11T23:10:27.228428+00:00,2025-2026,regular
5098,Regular Season 2025-2026,2025-10-16,2025-10-16 21:00:00,Rhinos,Leafs,2,3,https://ormrhl.com/event/5098/,2026-09-11T23:10:27.228428+00:00,2025-2026,regular
5099,Regular Season 2025-2026,2025-10-16,2025-10-16 22:00:00,Cobras,Wildcats,8,1,https://ormrhl.com/event/5099/,2026-09-11T23:10:27.228428+00:00,2025-2026,regular
5100,Regular Season 2025-2026,2025-10-16,2025-10-16 23:00:00,Grizzlies,Komodo Dragons,0,1,https://ormrhl.com/event/5100/,2026-09-11T23:10:27.228428+00:00,2025-2026,regular
5101,Regular Season 2025-2026,2025-10-20,2025-10-20 20:00:00,Leafs,Wildcats,6,2,https://ormrhl.com/event/5101/,2026-09-11T23:10:27.228428+00:00,2025-2026,regular
5102,Regular Season 2025-2026,2025-10-20,2025-10-20 21:00:00,Rhinos,Komodo Dragons,4,2,https://ormrhl.com/event/5102/,2026-09-11T23:10:27.228428+00:00,2025-2026,regular
5103,Regular Season 2025-2026,2025-10-20,2025-10-20 22:00:00,Cobras,Kings,1,3,https://ormrhl.com/event/5103/,2026-09-11T23:10:27.228428+00:00,2025-2026,regular
5104,Regular Season 2025-2026,2025-10-20,2025-10-20 23:00:00,Grizzlies,Eagles,6,7,https://ormrhl.com/event/5104/,2026-09-11T23:10:27.228428+00:00,2025-2026,regular
5105,Regular Season 2025-2026,2025-10-23,2025-10-23 20:00:00,Cobras,Eagles,7,4,https://ormrhl.com/event/5105/,2026-09-11T23:10:27.228428+00:00,2025-2026,regular
5106,Regular Season 2025-2026,2025-10-23,2025-10-23 21:00:00,Wildcats,Komodo Dragons,4,2,https://ormrhl.com/event/5106/,2026-09-11T23:10:27.228428+00:00,2025-2026,regular
5107,Regular Season 2025-2026,2025-10-23,2025-10-23 22:00:00,Rhinos,Grizzlies,4,5,https://ormrhl.com/event/5107/,2026-09-11T23:10:27.228428+00:00,2025-2026,regular
5108,Regular Season 2025-2026,2025-10-23,2025-10-23 23:00:00,Leafs,Kings,3,2,https://ormrhl.com/event/5108/,2026-09-11T23:10:27.228428+00:00,2025-2026,regular
5109,Regular Season 2025-2026,2025-10-27,2025-10-27 20:00:00,Wildcats,Grizzlies,3,4,https://ormrhl.com/event/5109/,2026-09-11T23:10:27.228428+00:00,2025-2026,regular
5110,Regular Season 2025-2026,2025-10-27,2025-10-27 21:00:00,Leafs,Cobras,3,1,https://ormrhl.com/event/5110/,2026-09-11T23:10:27.228428+00:00,2025-2026,regular
5111,Regular Season 2025-2026,2025-10-27,2025-10-27 22:00:00,Rhinos,Eagles,5,5,https://ormrhl.com/event/5111/,2026-09-11T23:10:27.228428+00:00,2025-2026,regular
5112,Regular Season 2025-2026,2025-10-27,2025-10-27 23:00:00,Komodo Dragons,Kings,4,5,https://ormrhl.com/event/5112/,2026-09-11T23:10:27.228428+00:00,2025-2026,regular
5113,Regular Season 2025-2026,2025-10-30,2025-10-30 20:00:00,Wildcats,Rhinos,5,8,https://ormrhl.com/event/5113/,2026-09-11T23:10:27.228428+00:00,2025-2026,regular
5114,Regular Season 2025-2026,2025-10-30,2025-10-30 21:00:00,Komodo Dragons,Cobras,3,0,https://ormrhl.com/event/5114/,2026-09-11T23:10:27.228428+00:00,2025-2026,regular
5115,Regular Season 2025-2026,2025-10-30,2025-10-30 22:00:00,Kings,Grizzlies,1,3,https://ormrhl.com/event/5115/,2026-09-11T23:10:27.228428+00:00,2025-2026,regular
5116,Regular Season 2025-2026,2025-10-30,2025-10-30 23:00:00,Leafs,Eagles,2,5,https://ormrhl.com/event/5116/,2026-09-11T23:10:27.228428+00:00,2025-2026,regular
5117,Regular Season 2025-2026,2025-11-03,2025-11-03 20:00:00,Kings,Rhinos,2,4,https://ormrhl.com/event/5117/,2026-09-11T23:10:27.228428+00:00,2025-2026,regular
5118,Regular Season 2025-2026,2025-11-03,2025-11-03 21:00:00,Wildcats,Eagles,4,5,https://ormrhl.com/event/5118/,2026-09-11T23:10:27.228428+00:00,2025-2026,regular
5119,Regular Season 2025-2026,2025-11-03,2025-11-03 22:00:00,Komodo Dragons,Leafs,2,3,https://ormrhl.com/event/5119/,2026-09-11T23:10:27.228428+00:00,2025-2026,regular
5120,Regular Season 2025-2026,2025-11-03,2025-11-03 23:00:00,Grizzlies,Cobras,3,2,https://ormrhl.com/event/5120/,2026-09-11T23:10:27.228428+00:00,2025-2026,regular
5121,Regular Season 2025-2026,2025-11-06,2025-11-06 20:00:00,Leafs,Grizzlies,6,2,https://ormrhl.com/event/5121/,2026-09-11T23:10:27.228428+00:00,2025-2026,regular
5122,Regular Season 2025-2026,2025-11-06,2025-11-06 21:00:00,Rhinos,Cobras,5,5,https://ormrhl.com/event/5122/,2026-09-11T23:10:27.228428+00:00,2025-2026,regular
5123,Regular Season 2025-2026,2025-11-06,2025-11-06 22:00:00,Wildcats,Kings,0,0,https://ormrhl.com/event/5123/,2026-09-11T23:10:27.228428+00:00,2025-2026,regular
5124,Regular Season 2025-2026,2025-11-06,2025-11-06 23:00:00,Eagles,Komodo Dragons,1,5,https://ormrhl.com/event/5124/,2026-09-11T23:10:27.228428+00:00,2025-2026,regular
5125,Regular Season 2025-2026,2025-11-10,2025-11-10 20:00:00,Wildcats,Cobras,5,4,https://ormrhl.com/event/5125/,2026-09-11T23:10:27.228428+00:00,2025-2026,regular
5126,Regular Season 2025-2026,2025-11-10,2025-11-10 21:00:00,Komodo Dragons,Grizzlies,3,0,https://ormrhl.com/event/5126/,2026-09-11T23:10:27.228428+00:00,2025-2026,regular
5127,Regular Season 2025-2026,2025-11-10,2025-11-10 22:00:00,Eagles,Kings,10,7,https://ormrhl.com/event/5127/,2026-09-11T23:10:27.228428+00:00,2025-2026,regular
5128,Regular Season 2025-2026,2025-11-10,2025-11-10 23:00:00,Leafs,Rhinos,3,4,https://ormrhl.com/event/5128/,2026-09-11T23:10:27.228428+00:00,2025-2026,regular
5129,Regular Season 2025-2026,2025-11-13,2025-11-13 20:00:00,Kings,Cobras,5,4,https://ormrhl.com/event/5129/,2026-09-11T23:10:27.228428+00:00,2025-2026,regular
5130,Regular Season 2025-2026,2025-11-13,2025-11-13 21:00:00,Wildcats,Leafs,4,3,https://ormrhl.com/event/5130/,2026-09-11T23:10:27.228428+00:00,2025-2026,regular
5131,Regular Season 2025-2026,2025-11-13,2025-11-13 22:00:00,Eagles,Grizzlies,1,4,https://ormrhl.com/event/5131/,2026-09-11T23:10:27.228428+00:00,2025-2026,regular
5132,Regular Season 2025-2026,2025-11-13,2025-11-13 23:00:00,Komodo Dragons,Rhinos,1,4,https://ormrhl.com/event/5132/,2026-09-11T23:10:27.228428+00:00,2025-2026,regular
5133,Regular Season 2025-2026,2025-11-17,2025-11-17 20:00:00,Eagles,Cobras,8,1,https://ormrhl.com/event/5133/,2026-09-11T23:10:27.228428+00:00,2025-2026,regular
5134,Regular Season 2025-2026,2025-11-17,2025-11-17 21:00:00,Kings,Leafs,6,5,https://ormrhl.com/event/5134/,2026-09-11T23:10:27.228428+00:00,2025-2026,regular
5135,Regular Season 2025-2026,2025-11-17,2025-11-17 22:00:00,Grizzlies,Rhinos,7,3,https://ormrhl.com/event/5135/,2026-09-11T23:10:27.228428+00:00,2025-2026,regular
5136,Regular Season 2025-2026,2025-11-17,2025-11-17 23:00:00,Komodo Dragons,Wildcats,6,1,https://ormrhl.com/event/5136/,2026-09-11T23:10:27.228428+00:00,2025-2026,regular
5137,Regular Season 2025-2026,2025-11-20,2025-11-20 20:00:00,Kings,Komodo Dragons,7,4,https://ormrhl.com/event/5137/,2026-09-11T23:10:27.228428+00:00,2025-2026,regular
5138,Regular Season 2025-2026,2025-11-20,2025-11-20 21:00:00,Eagles,Rhinos,5,2,https://ormrhl.com/event/5138/,2026-09-11T23:10:27.228428+00:00,2025-2026,regular
5139,Regular Season 2025-2026,2025-11-20,2025-11-20 22:00:00,Cobras,Leafs,6,7,https://ormrhl.com/event/5139/,2026-09-11T23:10:27.228428+00:00,2025-2026,regular
5140,Regular Season 2025-2026,2025-11-20,2025-11-20 23:00:00,Grizzlies,Wildcats,3,4,https://ormrhl.com/event/5140/,2026-09-11T23:10:27.228428+00:00,2025-2026,regular
5141,Regular Season 2025-2026,2025-11-24,2025-11-24 20:00:00,Grizzlies,Kings,4,1,https://ormrhl.com/event/5141/,2026-09-11T23:10:27.228428+00:00,2025-2026,regular
5142,Regular Season 2025-2026,2025-11-24,2025-11-24 21:00:00,Rhinos,Wildcats,4,1,https://ormrhl.com/event/5142/,2026-09-11T23:10:27.228428+00:00,2025-2026,regular
5143,Regular Season 2025-2026,2025-11-24,2025-11-24 22:00:00,Cobras,Komodo Dragons,1,8,https://ormrhl.com/event/5143/,2026-09-11T23:10:27.228428+00:00,2025-2026,regular
5144,Regular Season 2025-2026,2025-11-24,2025-11-24 23:00:00,Eagles,Leafs,2,7,https://ormrhl.com/event/5144/,2026-09-11T23:10:27.228428+00:00,2025-2026,regular
5145,Regular Season 2025-2026,2025-11-27,2025-11-27 20:00:00,Leafs,Komodo Dragons,1,2,https://ormrhl.com/event/5145/,2026-09-11T23:10:27.228428+00:00,2025-2026,regular
5146,Regular Season 2025-2026,2025-11-27,2025-11-27 21:00:00,Rhinos,Kings,2,6,https://ormrhl.com/event/5146/,2026-09-11T23:10:27.228428+00:00,2025-2026,regular
5147,Regular Season 2025-2026,2025-11-27,2025-11-27 22:00:00,Eagles,Wildcats,6,3,https://ormrhl.com/event/5147/,2026-09-11T23:10:27.228428+00:00,2025-2026,regular
5148,Regular Season 2025-2026,2025-11-27,2025-11-27 23:00:00,Cobras,Grizzlies,2,3,https://ormrhl.com/event/5148/,2026-09-11T23:10:27.228428+00:00,2025-2026,regular
5149,Regular Season 2025-2026,2025-12-01,2025-12-01 20:00:00,Grizzlies,Leafs,5,3,https://ormrhl.com/event/5149/,2026-09-11T23:10:27.228428+00:00,2025-2026,regular
5150,Regular Season 2025-2026,2025-12-01,2025-12-01 21:00:00,Komodo Dragons,Eagles,2,1,https://ormrhl.com/event/5150/,2026-09-11T23:10:27.228428+00:00,2025-2026,regular
5151,Regular Season 2025-2026,2025-12-01,2025-12-01 22:00:00,Kings,Wildcats,2,3,https://ormrhl.com/event/5151/,2026-09-11T23:10:27.228428+00:00,2025-2026,regular
5152,Regular Season 2025-2026,2025-12-01,2025-12-01 23:00:00,Cobras,Rhinos,3,5,https://ormrhl.com/event/5152/,2026-09-11T23:10:27.228428+00:00,2025-2026,regular
5153,Regular Season 2025-2026,2025-12-04,2025-12-04 20:00:00,Cobras,Wildcats,1,4,https://ormrhl.com/event/5153/,2026-09-11T23:10:27.228428+00:00,2025-2026,regular
5154,Regular Season 2025-2026,2025-12-04,2025-12-04 21:00:00,Grizzlies,Komodo Dragons,2,0,https://ormrhl.com/event/5154/,2026-09-11T23:10:27.228428+00:00,2025-2026,regular
5155,Regular Season 2025-2026,2025-12-04,2025-12-04 22:00:00,Rhinos,Leafs,3,4,https://ormrhl.com/event/5155/,2026-09-11T23:10:27.228428+00:00,2025-2026,regular
5156,Regular Season 2025-2026,2025-12-04,2025-12-04 23:00:00,Kings,Eagles,6,3,https://ormrhl.com/event/5156/,2026-09-11T23:10:27.228428+00:00,2025-2026,regular
5157,Regular Season 2025-2026,2025-12-08,2025-12-08 20:00:00,Rhinos,Komodo Dragons,7,1,https://ormrhl.com/event/5157/,2026-09-11T23:10:27.228428+00:00,2025-2026,regular
5158,Regular Season 2025-2026,2025-12-08,2025-12-08 21:00:00,Cobras,Kings,3,7,https://ormrhl.com/event/5158/,2026-09-11T23:10:27.228428+00:00,2025-2026,regular
5159,Regular Season 2025-2026,2025-12-08,2025-12-08 22:00:00,Leafs,Wildcats,2,4,https://ormrhl.com/event/5159/,2026-09-11T23:10:27.228428+00:00,2025-2026,regular
5160,Regular Season 2025-2026,2025-12-08,2025-12-08 23:00:00,Grizzlies,Eagles,6,3,https://ormrhl.com/event/5160/,2026-09-11T23:10:27.228428+00:00,2025-2026,regular
5161,Regular Season 2025-2026,2025-12-11,2025-12-11 20:00:00,Rhinos,Grizzlies,3,6,https://ormrhl.com/event/5161/,2026-09-11T23:10:27.228428+00:00,2025-2026,regular
5162,Regular Season 2025-2026,2025-12-11,2025-12-11 21:00:00,Leafs,Kings,6,1,https://ormrhl.com/event/5162/,2026-09-11T23:10:27.228428+00:00,2025-2026,regular
5163,Regular Season 2025-2026,2025-12-11,2025-12-11 22:00:00,Wildcats,Komodo Dragons,3,6,https://ormrhl.com/event/5163/,2026-09-11T23:10:27.228428+00:00,2025-2026,regular
5164,Regular Season 2025-2026,2025-12-11,2025-12-11 23:00:00,Cobras,Eagles,5,2,https://ormrhl.com/event/5164/,2026-09-11T23:10:27.228428+00:00,2025-2026,regular
5165,Regular Season 2025-2026,2025-12-15,2025-12-15 20:00:00,Leafs,Cobras,7,3,https://ormrhl.com/event/5165/,2026-09-11T23:10:27.228428+00:00,2025-2026,regular
5166,Regular Season 2025-2026,2025-12-15,2025-12-15 21:00:00,Wildcats,Grizzlies,1,7,https://ormrhl.com/event/5166/,2026-09-11T23:10:27.228428+00:00,2025-2026,regular
5167,Regular Season 2025-2026,2025-12-15,2025-12-15 22:00:00,Rhinos,Eagles,5,7,https://ormrhl.com/event/5167/,2026-09-11T23:10:27.228428+00:00,2025-2026,regular
5168,Regular Season 2025-2026,2025-12-15,2025-12-15 23:00:00,Komodo Dragons,Kings,3,6,https://ormrhl.com/event/5168/,2026-09-11T23:10:27.228428+00:00,2025-2026,regular
5169,Regular Season 2025-2026,2025-12-18,2025-12-18 20:00:00,Leafs,Eagles,2,5,https://ormrhl.com/event/5169/,2026-09-11T23:10:27.228428+00:00,2025-2026,regular
5170,Regular Season 2025-2026,2025-12-18,2025-12-18 21:00:00,Kings,Grizzlies,6,5,https://ormrhl.com/event/5170/,2026-09-11T23:10:27.228428+00:00,2025-2026,regular
5171,Regular Season 2025-2026,2025-12-18,2025-12-18 22:00:00,Komodo Dragons,Cobras,5,4,https://ormrhl.com/event/5171/,2026-09-11T23:10:27.228428+00:00,2025-2026,regular
5172,Regular Season 2025-2026,2025-12-18,2025-12-18 23:00:00,Wildcats,Rhinos,4,5,https://ormrhl.com/event/5172/,2026-09-11T23:10:27.228428+00:00,2025-2026,regular
5173,Regular Season 2025-2026,2025-12-22,2025-12-22 20:00:00,Kings,Rhinos,4,2,https://ormrhl.com/event/5173/,2026-09-11T23:10:27.228428+00:00,2025-2026,regular
5174,Regular Season 2025-2026,2025-12-22,2025-12-22 21:00:00,Komodo Dragons,Leafs,2,5,https://ormrhl.com/event/5174/,2026-09-11T23:10:27.228428+00:00,2025-2026,regular
5175,Regular Season 2025-2026,2025-12-22,2025-12-22 22:00:00,Grizzlies,Cobras,5,2,https://ormrhl.com/event/5175/,2026-09-11T23:10:27.228428+00:00,2025-2026,regular
5176,Regular Season 2025-2026,2025-12-22,2025-12-22 23:00:00,Wildcats,Eagles,4,4,https://ormrhl.com/event/5176/,2026-09-11T23:10:27.228428+00:00,2025-2026,regular
5181,Regular Season 2025-2026,2026-01-05,2026-01-05 20:00:00,Komodo Dragons,Grizzlies,5,4,https://ormrhl.com/event/5181/,2026-09-11T23:10:27.228428+00:00,2025-2026,regular
5182,Regular Season 2025-2026,2026-01-05,2026-01-05 21:00:00,Eagles,Kings,4,7,https://ormrhl.com/event/5182/,2026-09-11T23:10:27.228428+00:00,2025-2026,regular
5183,Regular Season 2025-2026,2026-01-05,2026-01-05 22:00:00,Wildcats,Cobras,4,3,https://ormrhl.com/event/5183/,2026-09-11T23:10:27.228428+00:00,2025-2026,regular
5184,Regular Season 2025-2026,2026-01-05,2026-01-05 23:00:00,Leafs,Rhinos,6,1,https://ormrhl.com/event/5184/,2026-09-11T23:10:27.228428+00:00,2025-2026,regular
5185,Regular Season 2025-2026,2026-01-08,2026-01-08 20:00:00,Kings,Cobras,4,1,https://ormrhl.com/event/5185/,2026-09-11T23:10:27.228428+00:00,2025-2026,regular
5186,Regular Season 2025-2026,2026-01-08,2026-01-08 21:00:00,Wildcats,Leafs,4,2,https://ormrhl.com/event/5186/,2026-09-11T23:10:27.228428+00:00,2025-2026,regular
5187,Regular Season 2025-2026,2026-01-08,2026-01-08 22:00:00,Eagles,Grizzlies,7,2,https://ormrhl.com/event/5187/,2026-09-11T23:10:27.228428+00:00,2025-2026,regular
5188,Regular Season 2025-2026,2026-01-08,2026-01-08 23:00:00,Komodo Dragons,Rhinos,9,4,https://ormrhl.com/event/5188/,2026-09-11T23:10:27.228428+00:00,2025-2026,regular
5189,Regular Season 2025-2026,2026-01-12,2026-01-12 20:00:00,Kings,Leafs,4,8,https://ormrhl.com/event/5189/,2026-09-11T23:10:27.228428+00:00,2025-2026,regular
5190,Regular Season 2025-2026,2026-01-12,2026-01-12 21:00:00,Grizzlies,Rhinos,2,8,https://ormrhl.com/event/5190/,2026-09-11T23:10:27.228428+00:00,2025-2026,regular
5191,Regular Season 2025-2026,2026-01-12,2026-01-12 22:00:00,Komodo Dragons,Wildcats,4,1,https://ormrhl.com/event/5191/,2026-09-11T23:10:27.228428+00:00,2025-2026,regular
5192,Regular Season 2025-2026,2026-01-12,2026-01-12 23:00:00,Eagles,Cobras,6,5,https://ormrhl.com/event/5192/,2026-09-11T23:10:27.228428+00:00,2025-2026,regular
5193,Regular Season 2025-2026,2026-01-15,2026-01-15 20:00:00,Grizzlies,Wildcats,1,3,https://ormrhl.com/event/5193/,2026-09-11T23:10:27.228428+00:00,2025-2026,regular
5194,Regular Season 2025-2026,2026-01-15,2026-01-15 21:00:00,Eagles,Rhinos,5,3,https://ormrhl.com/event/5194/,2026-09-11T23:10:27.228428+00:00,2025-2026,regular
5195,Regular Season 2025-2026,2026-01-15,2026-01-15 22:00:00,Kings,Komodo Dragons,2,5,https://ormrhl.com/event/5195/,2026-09-11T23:10:27.228428+00:00,2025-2026,regular
5196,Regular Season 2025-2026,2026-01-15,2026-01-15 23:00:00,Cobras,Leafs,3,8,https://ormrhl.com/event/5196/,2026-09-11T23:10:27.228428+00:00,2025-2026,regular
5197,Regular Season 2025-2026,2026-01-19,2026-01-19 20:00:00,Rhinos,Wildcats,1,0,https://ormrhl.com/event/5197/,2026-09-11T23:10:27.228428+00:00,2025-2026,regular
5198,Regular Season 2025-2026,2026-01-19,2026-01-19 21:00:00,Cobras,Komodo Dragons,3,4,https://ormrhl.com/event/5198/,2026-09-11T23:10:27.228428+00:00,2025-2026,regular
5199,Regular Season 2025-2026,2026-01-19,2026-01-19 22:00:00,Eagles,Leafs,5,1,https://ormrhl.com/event/5199/,2026-09-11T23:10:27.228428+00:00,2025-2026,regular
5200,Regular Season 2025-2026,2026-01-19,2026-01-19 23:00:00,Grizzlies,Kings,2,1,https://ormrhl.com/event/5200/,2026-09-11T23:10:27.228428+00:00,2025-2026,regular
5201,Regular Season 2025-2026,2026-01-22,2026-01-22 20:00:00,Leafs,Komodo Dragons,2,6,https://ormrhl.com/event/5201/,2026-09-11T23:10:27.228428+00:00,2025-2026,regular
5202,Regular Season 2025-2026,2026-01-22,2026-01-22 21:00:00,Cobras,Grizzlies,3,6,https://ormrhl.com/event/5202/,2026-09-11T23:10:27.228428+00:00,2025-2026,regular
5203,Regular Season 2025-2026,2026-01-22,2026-01-22 22:00:00,Rhinos,Kings,2,3,https://ormrhl.com/event/5203/,2026-09-11T23:10:27.228428+00:00,2025-2026,regular
5204,Regular Season 2025-2026,2026-01-22,2026-01-22 23:00:00,Eagles,Wildcats,2,4,https://ormrhl.com/event/5204/,2026-09-11T23:10:27.228428+00:00,2025-2026,regular
5205,Regular Season 2025-2026,2026-01-26,2026-01-26 20:00:00,Komodo Dragons,Eagles,1,2,https://ormrhl.com/event/5205/,2026-09-11T23:10:27.228428+00:00,2025-2026,regular
5206,Regular Season 2025-2026,2026-01-26,2026-01-26 21:00:00,Kings,Wildcats,1,5,https://ormrhl.com/event/5206/,2026-09-11T23:10:27.228428+00:00,2025-2026,regular
5207,Regular Season 2025-2026,2026-01-26,2026-01-26 22:00:00,Cobras,Rhinos,6,0,https://ormrhl.com/event/5207/,2026-09-11T23:10:27.228428+00:00,2025-2026,regular
5208,Regular Season 2025-2026,2026-01-26,2026-01-26 23:00:00,Grizzlies,Leafs,5,4,https://ormrhl.com/event/5208/,2026-09-11T23:10:27.228428+00:00,2025-2026,regular
5209,Regular Season 2025-2026,2026-01-29,2026-01-29 20:00:00,Rhinos,Leafs,2,5,https://ormrhl.com/event/5209/,2026-09-11T23:10:27.228428+00:00,2025-2026,regular
5210,Regular Season 2025-2026,2026-01-29,2026-01-29 21:00:00,Kings,Eagles,3,0,https://ormrhl.com/event/5210/,2026-09-11T23:10:27.228428+00:00,2025-2026,regular
5211,Regular Season 2025-2026,2026-01-29,2026-01-29 22:00:00,Cobras,Wildcats,6,7,https://ormrhl.com/event/5211/,2026-09-11T23:10:27.228428+00:00,2025-2026,regular
5212,Regular Season 2025-2026,2026-01-29,2026-01-29 23:00:00,Grizzlies,Komodo Dragons,3,4,https://ormrhl.com/event/5212/,2026-09-11T23:10:27.228428+00:00,2025-2026,regular
5213,Regular Season 2025-2026,2026-02-02,2026-02-02 20:00:00,Leafs,Wildcats,2,4,https://ormrhl.com/event/5213/,2026-09-11T23:10:27.228428+00:00,2025-2026,regular
5214,Regular Season 2025-2026,2026-02-02,2026-02-02 21:00:00,Grizzlies,Eagles,5,2,https://ormrhl.com/event/5214/,2026-09-11T23:10:27.228428+00:00,2025-2026,regular
5215,Regular Season 2025-2026,2026-02-02,2026-02-02 22:00:00,Cobras,Kings,3,1,https://ormrhl.com/event/5215/,2026-09-11T23:10:27.228428+00:00,2025-2026,regular
5216,Regular Season 2025-2026,2026-02-02,2026-02-02 23:00:00,Rhinos,Komodo Dragons,7,6,https://ormrhl.com/event/5216/,2026-09-11T23:10:27.228428+00:00,2025-2026,regular
5217,Regular Season 2025-2026,2026-02-05,2026-02-05 20:00:00,Cobras,Eagles,3,6,https://ormrhl.com/event/5217/,2026-09-11T23:10:27.228428+00:00,2025-2026,regular
5218,Regular Season 2025-2026,2026-02-05,2026-02-05 21:00:00,Wildcats,Komodo Dragons,3,6,https://ormrhl.com/event/5218/,2026-09-11T23:10:27.228428+00:00,2025-2026,regular
5219,Regular Season 2025-2026,2026-02-05,2026-02-05 22:00:00,Rhinos,Grizzlies,3,7,https://ormrhl.com/event/5219/,2026-09-11T23:10:27.228428+00:00,2025-2026,regular
5220,Regular Season 2025-2026,2026-02-05,2026-02-05 23:00:00,Leafs,Kings,2,1,https://ormrhl.com/event/5220/,2026-09-11T23:10:27.228428+00:00,2025-2026,regular
5221,Regular Season 2025-2026,2026-02-09,2026-02-09 20:00:00,Wildcats,Grizzlies,3,0,https://ormrhl.com/event/5221/,2026-09-11T23:10:27.228428+00:00,2025-2026,regular
5222,Regular Season 2025-2026,2026-02-09,2026-02-09 21:00:00,Leafs,Cobras,6,1,https://ormrhl.com/event/5222/,2026-09-11T23:10:27.228428+00:00,2025-2026,regular
5223,Regular Season 2025-2026,2026-02-09,2026-02-09 22:00:00,Komodo Dragons,Kings,6,4,https://ormrhl.com/event/5223/,2026-09-11T23:10:27.228428+00:00,2025-2026,regular
5224,Regular Season 2025-2026,2026-02-09,2026-02-09 23:00:00,Rhinos,Eagles,3,9,https://ormrhl.com/event/5224/,2026-09-11T23:10:27.228428+00:00,2025-2026,regular
5225,Regular Season 2025-2026,2026-02-12,2026-02-12 20:00:00,Wildcats,Rhinos,6,3,https://ormrhl.com/event/5225/,2026-09-11T23:10:27.228428+00:00,2025-2026,regular
5226,Regular Season 2025-2026,2026-02-12,2026-02-12 21:00:00,Komodo Dragons,Cobras,8,3,https://ormrhl.com/event/5226/,2026-09-11T23:10:27.228428+00:00,2025-2026,regular
5227,Regular Season 2025-2026,2026-02-12,2026-02-12 22:00:00,Leafs,Eagles,4,3,https://ormrhl.com/event/5227/,2026-09-11T23:10:27.228428+00:00,2025-2026,regular
5228,Regular Season 2025-2026,2026-02-12,2026-02-12 23:00:00,Kings,Grizzlies,3,5,https://ormrhl.com/event/5228/,2026-09-11T23:10:27.228428+00:00,2025-2026,regular
5229,Regular Season 2025-2026,2026-02-19,2026-02-19 20:00:00,Komodo Dragons,Leafs,4,5,https://ormrhl.com/event/5229/,2026-09-11T23:10:27.228428+00:00,2025-2026,regular
5230,Regular Season 2025-2026,2026-02-19,2026-02-19 21:00:00,Kings,Rhinos,5,8,https://ormrhl.com/event/5230/,2026-09-11T23:10:27.228428+00:00,2025-2026,regular
5231,Regular Season 2025-2026,2026-02-19,2026-02-19 22:00:00,Grizzlies,Cobras,4,3,https://ormrhl.com/event/5231/,2026-09-11T23:10:27.228428+00:00,2025-2026,regular
5232,Regular Season 2025-2026,2026-02-19,2026-02-19 23:00:00,Wildcats,Eagles,1,4,https://ormrhl.com/event/5232/,2026-09-11T23:10:27.228428+00:00,2025-2026,regular
5233,Regular Season 2025-2026,2026-02-23,2026-02-23 20:00:00,Rhinos,Cobras,7,3,https://ormrhl.com/event/5233/,2026-09-11T23:10:27.228428+00:00,2025-2026,regular
5234,Regular Season 2025-2026,2026-02-23,2026-02-23 21:00:00,Komodo Dragons,Eagles,8,3,https://ormrhl.com/event/5234/,2026-09-11T23:10:27.228428+00:00,2025-2026,regular
5235,Regular Season 2025-2026,2026-02-23,2026-02-23 22:00:00,Grizzlies,Leafs,3,5,https://ormrhl.com/event/5235/,2026-09-11T23:10:27.228428+00:00,2025-2026,regular
5236,Regular Season 2025-2026,2026-02-23,2026-02-23 23:00:00,Wildcats,Kings,3,4,https://ormrhl.com/event/5236/,2026-09-11T23:10:27.228428+00:00,2025-2026,regular
5237,Regular Season 2025-2026,2026-02-26,2026-02-26 20:00:00,Kings,Eagles,9,2,https://ormrhl.com/event/5237/,2026-09-11T23:10:27.228428+00:00,2025-2026,regular
5238,Regular Season 2025-2026,2026-02-26,2026-02-26 21:00:00,Komodo Dragons,Grizzlies,4,1,https://ormrhl.com/event/5238/,2026-09-11T23:10:27.228428+00:00,2025-2026,regular
5239,Regular Season 2025-2026,2026-02-26,2026-02-26 22:00:00,Cobras,Wildcats,1,4,https://ormrhl.com/event/5239/,2026-09-11T23:10:27.228428+00:00,2025-2026,regular
5240,Regular Season 2025-2026,2026-02-26,2026-02-26 23:00:00,Leafs,Rhinos,5,3,https://ormrhl.com/event/5240/,2026-09-11T23:10:27.228428+00:00,2025-2026,regular
5241,Regular Season 2025-2026,2026-03-02,2026-03-02 20:00:00,Kings,Cobras,2,1,https://ormrhl.com/event/5241/,2026-09-11T23:10:27.228428+00:00,2025-2026,regular
5242,Regular Season 2025-2026,2026-03-02,2026-03-02 21:00:00,Wildcats,Leafs,4,4,https://ormrhl.com/event/5242/,2026-09-11T23:10:27.228428+00:00,2025-2026,regular
5243,Regular Season 2025-2026,2026-03-02,2026-03-02 22:00:00,Rhinos,Komodo Dragons,1,4,https://ormrhl.com/event/5243/,2026-09-11T23:10:27.228428+00:00,2025-2026,regular
5244,Regular Season 2025-2026,2026-03-02,2026-03-02 23:00:00,Grizzlies,Eagles,4,3,https://ormrhl.com/event/5244/,2026-09-11T23:10:27.228428+00:00,2025-2026,regular
5245,Regular Season 2025-2026,2026-03-05,2026-03-05 20:00:00,Grizzlies,Rhinos,2,3,https://ormrhl.com/event/5245/,2026-09-11T23:10:27.228428+00:00,2025-2026,regular
5246,Regular Season 2025-2026,2026-03-05,2026-03-05 21:00:00,Cobras,Eagles,2,6,https://ormrhl.com/event/5246/,2026-09-11T23:10:27.228428+00:00,2025-2026,regular
5247,Regular Season 2025-2026,2026-03-05,2026-03-05 22:00:00,Leafs,Kings,1,6,https://ormrhl.com/event/5247/,2026-09-11T23:10:27.228428+00:00,2025-2026,regular
5248,Regular Season 2025-2026,2026-03-05,2026-03-05 23:00:00,Komodo Dragons,Wildcats,5,3,https://ormrhl.com/event/5248/,2026-09-11T23:10:27.228428+00:00,2025-2026,regular
5478,Playoffs 2026,2026-03-09,2026-03-09 20:00:00,Leafs,Cobras,2,3,https://ormrhl.com/event/5478/,2026-09-11T23:10:27.228428+00:00,2025-2026,playoffs
5479,Playoffs 2026,2026-03-09,2026-03-09 21:00:00,Kings,Wildcats,3,1,https://ormrhl.com/event/5479/,2026-09-11T23:10:27.228428+00:00,2025-2026,playoffs
5480,Playoffs 2026,2026-03-09,2026-03-09 22:00:00,Komodo Dragons,Rhinos,7,2,https://ormrhl.com/event/5480/,2026-09-11T23:10:27.228428+00:00,2025-2026,playoffs
5481,Playoffs 2026,2026-03-09,2026-03-09 23:00:00,Grizzlies,Eagles,3,2,https://ormrhl.com/event/5481/,2026-09-11T23:10:27.228428+00:00,2025-2026,playoffs
5482,Playoffs 2026,2026-03-12,2026-03-12 20:00:00,Kings,Rhinos,4,2,https://ormrhl.com/event/5482/,2026-09-11T23:10:27.228428+00:00,2025-2026,playoffs
5483,Playoffs 2026,2026-03-12,2026-03-12 21:00:00,Komodo Dragons,Eagles,6,3,https://ormrhl.com/event/5483/,2026-09-11T23:10:27.228428+00:00,2025-2026,playoffs
5484,Playoffs 2026,2026-03-12,2026-03-12 22:00:00,Grizzlies,Cobras,4,3,https://ormrhl.com/event/5484/,2026-09-11T23:10:27.228428+00:00,2025-2026,playoffs
5485,Playoffs 2026,2026-03-12,2026-03-12 23:00:00,Leafs,Wildcats,8,1,https://ormrhl.com/event/5485/,2026-09-11T23:10:27.228428+00:00,2025-2026,playoffs
5486,Playoffs 2026,2026-03-23,2026-03-23 20:00:00,Komodo Dragons,Grizzlies,4,2,https://ormrhl.com/event/5486/,2026-09-11T23:10:27.228428+00:00,2025-2026,playoffs
5487,Playoffs 2026,2026-03-23,2026-03-23 21:00:00,Leafs,Rhinos,6,3,https://ormrhl.com/event/5487/,2026-09-11T23:10:27.228428+00:00,2025-2026,playoffs
5488,Playoffs 2026,2026-03-23,2026-03-23 22:00:00,Eagles,Kings,2,1,https://ormrhl.com/event/5488/,2026-09-11T23:10:27.228428+00:00,2025-2026,playoffs
5489,Playoffs 2026,2026-03-23,2026-03-23 23:00:00,Wildcats,Cobras,2,3,https://ormrhl.com/event/5489/,2026-09-11T23:10:27.228428+00:00,2025-2026,playoffs
5490,Playoffs 2026,2026-03-26,2026-03-26 20:00:00,Rhinos,Wildcats,3,5,https://ormrhl.com/event/5490/,2026-09-11T23:10:27.228428+00:00,2025-2026,playoffs
5491,Playoffs 2026,2026-03-26,2026-03-26 21:00:00,Komodo Dragons,Cobras,4,3,https://ormrhl.com/event/5491/,2026-09-11T23:10:27.228428+00:00,2025-2026,playoffs
5492,Playoffs 2026,2026-03-26,2026-03-26 22:00:00,Leafs,Eagles,4,5,https://ormrhl.com/event/5492/,2026-09-11T23:10:27.228428+00:00,2025-2026,playoffs
5493,Playoffs 2026,2026-03-26,2026-03-26 23:00:00,Kings,Grizzlies,1,3,https://ormrhl.com/event/5493/,2026-09-11T23:10:27.228428+00:00,2025-2026,playoffs
5494,Playoffs 2026,2026-03-30,2026-03-30 20:00:00,Leafs,Grizzlies,0,7,https://ormrhl.com/event/5494/,2026-09-11T23:10:27.228428+00:00,2025-2026,playoffs
5495,Playoffs 2026,2026-03-30,2026-03-30 21:00:00,Eagles,Wildcats,5,3,https://ormrhl.com/event/5495/,2026-09-11T23:10:27.228428+00:00,2025-2026,playoffs
5496,Playoffs 2026,2026-03-30,2026-03-30 22:00:00,Rhinos,Cobras,5,2,https://ormrhl.com/event/5496/,2026-09-11T23:10:27.228428+00:00,2025-2026,playoffs
5497,Playoffs 2026,2026-03-30,2026-03-30 23:00:00,Komodo Dragons,Kings,4,3,https://ormrhl.com/event/5497/,2026-09-11T23:10:27.228428+00:00,2025-2026,playoffs
5498,Playoffs 2026,2026-04-02,2026-04-02 20:00:00,Leafs,Komodo Dragons,2,5,https://ormrhl.com/event/5498/,2026-09-11T23:10:27.228428+00:00,2025-2026,playoffs
5499,Playoffs 2026,2026-04-02,2026-04-02 21:00:00,Kings,Cobras,3,4,https://ormrhl.com/event/5499/,2026-09-11T23:10:27.228428+00:00,2025-2026,playoffs
5500,Playoffs 2026,2026-04-02,2026-04-02 22:00:00,Grizzlies,Wildcats,1,4,https://ormrhl.com/event/5500/,2026-09-11T23:10:27.228428+00:00,2025-2026,playoffs
5501,Playoffs 2026,2026-04-02,2026-04-02 23:00:00,Eagles,Rhinos,4,4,https://ormrhl.com/event/5501/,2026-09-11T23:10:27.228428+00:00,2025-2026,playoffs
5502,Playoffs 2026,2026-04-06,2026-04-06 20:00:00,Leafs,Kings,3,6,https://ormrhl.com/event/5502/,2026-09-11T23:10:27.228428+00:00,2025-2026,playoffs
5503,Playoffs 2026,2026-04-06,2026-04-06 21:00:00,Grizzlies,Rhinos,10,2,https://ormrhl.com/event/5503/,2026-09-11T23:10:27.228428+00:00,2025-2026,playoffs
5504,Playoffs 2026,2026-04-06,2026-04-06 22:00:00,Eagles,Cobras,3,6,https://ormrhl.com/event/5504/,2026-09-11T23:10:27.228428+00:00,2025-2026,playoffs
5505,Playoffs 2026,2026-04-06,2026-04-06 23:00:00,Komodo Dragons,Wildcats,4,2,https://ormrhl.com/event/5505/,2026-09-11T23:10:27.228428+00:00,2025-2026,playoffs
5506,Playoffs 2026,2026-04-09,2026-04-09 20:00:00,Kings,Eagles,1,6,https://ormrhl.com/event/5506/,2026-09-11T23:10:27.228428+00:00,2025-2026,playoffs
5507,Playoffs 2026,2026-04-09,2026-04-09 21:00:00,Grizzlies,Wildcats,2,2,https://ormrhl.com/event/5507/,2026-09-11T23:10:27.228428+00:00,2025-2026,playoffs
5508,Playoffs 2026,2026-04-09,2026-04-09 22:00:00,Leafs,Rhinos,3,6,https://ormrhl.com/event/5508/,2026-09-11T23:10:27.228428+00:00,2025-2026,playoffs
5509,Playoffs 2026,2026-04-09,2026-04-09 23:00:00,Cobras,Komodo Dragons,3,3,https://ormrhl.com/event/5509/,2026-09-11T23:10:27.228428+00:00,2025-2026,playoffs
5510,Playoffs 2026,2026-04-13,2026-04-13 20:00:00,Kings,Cobras,3,7,https://ormrhl.com/event/5510/,2026-09-11T23:10:27.228428+00:00,2025-2026,playoffs
5511,Playoffs 2026,2026-04-13,2026-04-13 21:00:00,Leafs,Wildcats,3,4,https://ormrhl.com/event/5511/,2026-09-11T23:10:27.228428+00:00,2025-2026,playoffs
5512,Playoffs 2026,2026-04-13,2026-04-13 22:00:00,Komodo Dragons,Eagles,2,3,https://ormrhl.com/event/5512/,2026-09-11T23:10:27.228428+00:00,2025-2026,playoffs
5513,Playoffs 2026,2026-04-13,2026-04-13 23:00:00,Grizzlies,Rhinos,4,3,https://ormrhl.com/event/5513/,2026-09-11T23:10:27.228428+00:00,2025-2026,playoffs
5514,Playoffs 2026,2026-04-16,2026-04-16 20:00:00,Grizzlies,Eagles,3,2,https://ormrhl.com/event/5514/,2026-09-11T23:10:27.228428+00:00,2025-2026,playoffs
5515,Playoffs 2026,2026-04-16,2026-04-16 21:00:00,Komodo Dragons,Rhinos,1,3,https://ormrhl.com/event/5515/,2026-09-11T23:10:27.228428+00:00,2025-2026,playoffs
5516,Playoffs 2026,2026-04-16,2026-04-16 22:00:00,Kings,Wildcats,2,2,https://ormrhl.com/event/5516/,2026-09-11T23:10:27.228428+00:00,2025-2026,playoffs
5517,Playoffs 2026,2026-04-16,2026-04-16 23:00:00,Leafs,Cobras,3,5,https://ormrhl.com/event/5517/,2026-09-11T23:10:27.228428+00:00,2025-2026,playoffs
a-finals-grizzlies-vs-komodo-dragons-copy,Playoffs 2026,2026-04-18,2026-04-18 15:30:59,Grizzlies,Komodo Dragons,1,3,https://ormrhl.com/event/a-finals-grizzlies-vs-komodo-dragons-copy/,2026-09-11T23:10:27.228428+00:00,2025-2026,playoffs
b-finals-eagles-vs-cobras,Playoffs 2026,2026-04-18,2026-04-18 14:00:00,Eagles,Cobras,2,5,https://ormrhl.com/event/b-finals-eagles-vs-cobras/,2026-09-11T23:10:27.228428+00:00,2025-2026,playoffs
c-finals-wildcats-vs-kings,Playoffs 2026,2026-04-18,2026-04-18 13:00:12,Wildcats,Kings,5,2,https://ormrhl.com/event/c-finals-wildcats-vs-kings/,2026-09-11T23:10:27.228428+00:00,2025-2026,playoffs
d-finals-rhinos-vs-leafs,Playoffs 2026,2026-04-18,2026-04-18 12:00:23,Rhinos,Leafs,4,5,https://ormrhl.com/event/d-finals-rhinos-vs-leafs/,2026-09-11T23:10:27.228428+00:00,2025-2026,playoffs
